key,name,age,pos,b4,b5,inversion
nick-daicos,"Nick Daicos",23,MID,129.130083,129.433048,0
harry-sheezel,"Harry Sheezel",22,MID,124.528247,125.688671,0
will-ashcroft,"Will Ashcroft",22,MID,121.924999,121.257609,1
nasiah-wanganeen-milera,"Nasiah Wanganeen-Milera",23,MID,124.813880,125.547119,0
luke-jackson,"Luke Jackson",25,RUCK,128.401681,127.922090,1
max-holmes,"Max Holmes",24,MID,124.492347,125.154155,0
bailey-smith,"Bailey Smith",26,MID,122.890337,125.510305,0
zak-butters,"Zak Butters",26,MID,123.951710,125.683374,0
josh-treacy,"Josh Treacy",24,KPF,112.004228,109.235895,1
bodhi-uwland,"Bodhi Uwland",23,SD,115.226703,115.389150,0
jason-horne-francis,"Jason Horne-Francis",23,MID,115.145739,114.359891,1
archie-roberts,"Archie Roberts",21,SD,114.577954,117.241094,0
noah-anderson,"Noah Anderson",25,MID,118.834877,116.769502,1
errol-gulden,"Errol Gulden",24,MID,122.494036,123.791262,0
riley-thilthorpe,"Riley Thilthorpe",24,KPF,104.439917,100.814785,1
tristan-xerri,"Tristan Xerri",27,RUCK,124.820249,128.541318,0
finn-callaghan,"Finn Callaghan",23,MID,119.756873,118.208615,1
mac-andrew,"Mac Andrew",23,KPD,102.448507,102.270066,1
lachlan-ash,"Lachlan Ash",25,SD,123.677667,121.571147,1
nick-watson,"Nick Watson",21,SF,102.037429,106.289281,0
caleb-serong,"Caleb Serong",25,MID,116.854313,119.764252,0
sam-darcy,"Sam Darcy",23,KPF,106.004196,106.490331,0
matt-rowell,"Matt Rowell",25,MID,114.848248,113.444327,1
murphy-reid,"Murphy Reid",20,SF,101.208509,106.505964,0
willem-duursma,"Willem Duursma",19,MID,115.394057,119.100452,0
harry-dean,"Harry Dean",19,KPD,101.592333,101.592333,0
jai-newcombe,"Jai Newcombe",25,MID,118.117972,120.221953,0
brodie-grundy,"Brodie Grundy",32,RUCK,128.018214,126.772498,1
jake-bowey,"Jake Bowey",24,SD,111.776969,112.862224,0
sam-lalor,"Sam Lalor",20,MID,110.443431,112.791594,0
darcy-wilson,"Darcy Wilson",21,SF,96.308916,103.630769,0
harley-reid,"Harley Reid",21,MID,112.367710,114.072151,0
levi-ashcroft,"Levi Ashcroft",20,MID,116.005138,118.448748,0
hugo-garcia,"Hugo Garcia",21,MID,111.458662,117.779554,0
noah-mraz,"Noah Mraz",20,KPD,88.606794,97.483182,0
bailey-williams-wc,"Bailey J. Williams",26,RUCK,100.621192,100.681655,0
jagga-smith,"Jagga Smith",20,MID,118.889480,121.005030,0
sam-durham,"Sam Durham",25,MID,105.700921,105.530044,1
marcus-bontempelli,"Marcus Bontempelli",31,MID,128.086146,125.600785,1
logan-morris,"Logan Morris",21,KPF,97.019092,101.147374,0
chad-warner,"Chad Warner",25,MID,113.535076,115.860956,0
sam-walsh,"Sam Walsh",26,MID,106.874427,106.682482,1
callum-wilkie,"Callum Wilkie",30,KPD,105.978521,104.525374,1
darcy-wilmot,"Darcy Wilmot",23,SD,108.213957,107.215981,1
ryley-sanders,"Ryley Sanders",21,MID,112.156215,117.856207,0
sam-berry,"Sam Berry",24,MID,117.434370,114.729559,1
josh-ward,"Josh Ward",23,MID,107.609406,108.782737,0
kysaiah-pickett,"Kysaiah Pickett",25,SF,109.292232,109.113310,1
max-hall,"Max Hall",24,SF,99.359105,98.357559,1
luke-davies-uniacke,"Luke Davies-Uniacke",27,MID,119.616617,119.947479,0
max-gawn,"Max Gawn",35,RUCK,127.857508,127.134933,1
finn-o-sullivan,"Finn O'Sullivan",20,MID,115.976641,115.976641,0
jack-sinclair,"Jack Sinclair",31,SD,119.034171,119.123845,0
tom-green,"Tom Green",25,MID,122.369896,123.169110,0
isaac-heeney,"Isaac Heeney",30,MID,122.048466,123.346868,0
cooper-duff-tytler,"Cooper Duff-Tytler",19,KPF,93.753447,95.232560,0
colby-mckercher,"Colby McKercher",21,MID,115.017640,117.488278,0
izak-rankine,"Izak Rankine",26,SF,108.831427,110.116241,0
jordan-dawson,"Jordan Dawson",29,MID,116.166359,116.479851,0
ed-richards,"Ed Richards",27,MID,116.582472,116.500881,1
nick-blakey,"Nick Blakey",26,SD,112.493189,114.231270,0
reuben-ginbey,"Reuben Ginbey",22,KPD,92.008029,92.479923,0
connor-macdonald,"Connor MacDonald",23,SF,95.412015,97.306539,0
kieren-briggs,"Kieren Briggs",27,RUCK,103.391690,100.011393,1
zeke-uwland,"Zeke Uwland",19,SD,104.193063,107.030797,0
harvey-thomas,"Harvey Thomas",21,MID,103.743550,112.260199,0
connor-o-sullivan,"Connor O'Sullivan",21,KPD,94.776179,98.749596,0
timothy-english,"Timothy English",29,RUCK,113.000668,110.436492,1
aaron-cadman,"Aaron Cadman",22,KPF,87.427178,86.128019,1
connor-rozee,"Connor Rozee",26,MID,111.923508,112.317301,0
jack-ross,"Jack Ross",26,MID,105.760878,105.820201,0
josh-worrell,"Josh Worrell",25,SD,111.556447,109.756358,1
mitchito-owens,"Mitchito Owens",23,KPF,87.409477,87.217278,1
andrew-brayshaw,"Andrew Brayshaw",27,MID,112.285699,109.162998,1
jed-walter,"Jed Walter",21,KPF,87.013162,87.637667,0
nicholas-martin,"Nicholas Martin",25,MID,116.227636,116.926108,0
zachary-merrett,"Zachary Merrett",31,MID,107.318539,111.059579,0
sam-flanders,"Sam Flanders",25,MID,108.120597,107.475391,1
tim-taranto,"Tim Taranto",28,MID,105.075380,106.691735,0
shannon-neale,"Shannon Neale",24,KPF,89.551099,89.250818,1
dylan-patterson,"Dylan Patterson",19,SD,101.819260,108.744901,0
zac-bailey,"Zac Bailey",27,SF,102.104041,98.845378,1
jye-amiss,"Jye Amiss",23,KPF,82.327086,83.147961,0
jase-burgoyne,"Jase Burgoyne",23,SD,107.118677,104.386334,1
jordan-clark,"Jordan Clark",26,SD,107.763570,107.232294,1
jordon-sweet,"Jordon Sweet",28,RUCK,102.114031,104.549855,0
connor-idun,"Connor Idun",26,SD,102.096133,99.101566,1
sid-draper,"Sid Draper",20,MID,95.951096,106.068908,0
rowan-marshall,"Rowan Marshall",31,RUCK,96.892621,99.947014,0
christian-petracca,"Christian Petracca",30,MID,101.179609,98.903481,1
clayton-oliver,"Clayton Oliver",29,MID,110.786385,109.991330,1
touk-miller,"Touk Miller",30,SF,105.561195,102.645509,1
jacob-farrow,"Jacob Farrow",19,SD,107.575541,112.807569,0
lachie-neale,"Lachie Neale",33,MID,106.414480,110.304542,0
george-wardlaw,"George Wardlaw",22,MID,111.206846,113.445311,0
bailey-dale,"Bailey Dale",30,SD,107.237815,106.878749,1
lachie-whitfield,"Lachie Whitfield",32,SD,113.742003,114.925068,0
lloyd-meek,"Lloyd Meek",28,RUCK,99.227768,94.543418,1
jaspa-fletcher,"Jaspa Fletcher",22,SD,101.854090,105.761115,0
max-king-stk,"Max King",26,KPF,73.655254,67.320918,1
shai-bolton,"Shai Bolton",28,SF,96.159362,94.031762,1
josh-battle,"Josh Battle",28,KPD,89.655972,88.416192,1
logan-mcdonald,"Logan McDonald",24,KPF,81.661774,78.718013,1
toby-nankervis,"Toby Nankervis",32,RUCK,107.658830,106.318700,1
george-hewett,"George Hewett",31,MID,110.217997,107.604211,1
will-day,"Will Day",25,MID,108.310904,107.591961,1
justin-mcinerney,"Justin McInerney",26,MID,102.839315,101.717349,1
wayne-milera,"Wayne Milera",29,SD,100.366987,100.717003,0
alix-tauru,"Alix Tauru",20,KPD,84.533122,91.957911,0
jacob-van-rooyen,"Jacob Van Rooyen",23,KPF,85.875310,86.739356,0
callum-mills,"Callum Mills",29,SD,105.711827,102.451266,1
john-noble,"John Noble",29,SD,108.607119,104.249677,1
daniel-annable,"Daniel Annable",19,MID,101.734608,116.349342,0
jack-ginnivan,"Jack Ginnivan",24,SF,95.324757,94.427963,1
xavier-taylor,"Xavier Taylor",19,SD,94.047965,105.800111,0
ollie-dempsey,"Ollie Dempsey",23,MID,107.022482,108.760826,0
harris-andrews,"Harris Andrews",30,KPD,86.440408,86.985258,0
tom-mccartin,"Tom McCartin",27,KPD,88.536984,85.329853,1
josh-daicos,"Josh Daicos",28,SD,102.030158,102.984957,0
joel-freijah,"Joel Freijah",21,MID,106.300935,113.718089,0
daniel-curtin,"Daniel Curtin",21,MID,106.563019,109.960718,0
harvey-langford,"Harvey Langford",20,MID,111.707808,116.215679,0
nate-caddy,"Nate Caddy",21,KPF,88.686268,95.489667,0
tanner-bruhn,"Tanner Bruhn",24,MID,103.781183,102.076876,1
aaron-naughton,"Aaron Naughton",27,KPF,79.664739,77.385720,1
tom-powell,"Tom Powell",24,MID,97.737520,97.950331,0
sullivan-robey,"Sullivan Robey",19,MID,110.544075,116.341877,0
tobie-travaglia,"Tobie Travaglia",20,SD,82.738307,95.239070,0
sam-cumming,"Sam Cumming",19,MID,109.840934,116.588417,0
tom-sparrow,"Tom Sparrow",26,MID,96.240811,95.025641,1
leo-lombard,"Leo Lombard",20,SF,92.606017,102.505557,0
jordan-de-goey,"Jordan De Goey",30,SF,89.453404,85.306144,1
hugh-mccluggage,"Hugh McCluggage",28,MID,102.594771,100.209202,1
dyson-sharp,"Dyson Sharp",19,MID,109.670842,118.170200,0
josh-rachele,"Josh Rachele",23,SF,88.890795,90.287472,0
james-sicily,"James Sicily",31,SD,99.226533,97.253490,1
tom-mccarthy,"Tom McCarthy",26,SD,96.584152,92.444405,1
patrick-cripps,"Patrick Cripps",31,MID,103.558521,99.429330,1
karl-worner,"Karl Worner",24,SD,95.779107,94.628193,1
samuel-grlj,"Samuel Grlj",19,MID,108.448310,114.008906,0
nick-madden,"Nick Madden",22,RUCK,97.708622,105.146581,0
koltyn-tholstrup,"Koltyn Tholstrup",21,SD,98.258736,103.797009,0
josh-lindsay,"Josh Lindsay",19,SD,103.507382,113.097235,0
josh-smillie,"Josh Smillie",20,MID,102.012779,111.047634,0
jake-soligo,"Jake Soligo",23,MID,100.623580,101.158637,0
peter-wright,"Peter Wright",30,KPF,86.058205,83.178556,1
luke-parker,"Luke Parker",34,SD,104.770566,99.635630,1
tim-kelly,"Tim Kelly",32,MID,90.068920,94.041818,0
darcy-cameron,"Darcy Cameron",31,RUCK,104.964761,103.195663,1
isaac-kako,"Isaac Kako",20,SF,85.052368,90.511910,0
latrelle-pickett,"Latrelle Pickett",21,SF,76.001211,80.553325,0
caleb-daniel,"Caleb Daniel",30,SD,100.058030,96.739981,1
ethan-read,"Ethan Read",21,KPF,77.729891,82.000844,0
jonty-faull,"Jonty Faull",20,KPF,80.821596,88.819277,0
taj-hotton,"Taj Hotton",20,MID,102.502063,109.917723,0
xavier-lindsay,"Xavier Lindsay",20,MID,105.554957,110.233589,0
bradley-hill,"Bradley Hill",33,SF,88.567659,85.977874,1
mitch-georgiades,"Mitch Georgiades",25,KPF,83.407890,82.055083,1
zane-duursma,"Zane Duursma",21,SF,73.026091,81.190177,0
trent-rivers,"Trent Rivers",25,SD,100.446591,96.616112,1
luke-trainor,"Luke Trainor",20,KPD,87.537914,93.632362,0
charlie-curnow,"Charlie Curnow",29,KPF,83.242084,79.530748,1
marcus-herbert,"Marcus Herbert",24,SD,85.306009,83.354872,1
jack-steele,"Jack Steele",31,MID,94.308421,97.161630,0
phoenix-gothard,"Phoenix Gothard",21,SF,93.595240,98.739638,0
bailey-humphrey,"Bailey Humphrey",22,MID,101.318869,102.362033,0
harry-mckay,"Harry McKay",29,KPF,86.683611,82.645471,1
mattaes-phillipou,"Mattaes Phillipou",22,MID,102.239729,101.142995,1
dan-houston,"Dan Houston",29,SD,95.609946,92.305501,1
paul-curtis,"Paul Curtis",23,SF,87.883470,86.407297,1
joshua-weddle,"Joshua Weddle",22,SD,97.694978,100.303937,0
luke-ryan,"Luke Ryan",30,SD,100.310853,101.414575,0
thomas-stewart,"Thomas Stewart",33,SD,99.489810,100.228358,0
gryan-miers,"Gryan Miers",27,SF,94.415781,90.687954,1
dylan-moore,"Dylan Moore",27,SF,87.822036,84.268783,1
patrick-voss,"Patrick Voss",23,KPF,86.413401,85.438003,1
harry-kyle,"Harry Kyle",19,SD,95.061960,103.004805,0
jy-simpkin,"Jy Simpkin",28,MID,92.626849,91.251988,1
brent-daniels,"Brent Daniels",27,SF,87.209286,84.649702,1
hayden-young,"Hayden Young",25,MID,101.503956,96.948873,1
lawson-humphries,"Lawson Humphries",23,SD,102.583667,97.810802,1
beau-addinsall,"Beau Addinsall",19,MID,102.447470,115.777291,0
josh-dunkley,"Josh Dunkley",29,MID,97.550330,99.868567,0
taylor-goad,"Taylor Goad",21,RUCK,106.478510,112.571042,0
massimo-d-ambrosio,"Massimo D'Ambrosio",23,MID,102.859726,103.208943,0
oskar-taylor,"Oskar Taylor",19,SD,97.395738,106.848073,0
adam-treloar,"Adam Treloar",33,SF,86.446226,81.667056,1
jai-murray,"Jai Murray",19,MID,98.642372,110.746109,0
caleb-windsor,"Caleb Windsor",21,MID,101.354629,103.895137,0
will-green,"Will Green",21,RUCK,86.290062,110.538304,0
lachlan-carmichael,"Lachlan Carmichael",19,SD,91.501358,105.452214,0
james-rowbottom,"James Rowbottom",26,MID,92.380737,89.558849,1
lachlan-mcandrew,"Lachlan McAndrew",26,RUCK,94.740365,91.033105,1
will-graham,"Will Graham",21,MID,98.135969,103.522291,0
cooper-sharman,"Cooper Sharman",26,KPF,75.116628,72.244345,1
mark-keane,"Mark Keane",26,KPD,85.731110,84.465633,1
harry-armstrong,"Harry Armstrong",20,KPF,80.491814,90.500453,0
dayne-zorko,"Dayne Zorko",37,SD,105.428684,104.357785,1
ned-moyle,"Ned Moyle",24,RUCK,108.296953,104.344426,1
mason-redman,"Mason Redman",29,SD,97.690452,96.000546,1
mitchell-marsh,"Mitchell Marsh",19,KPF,78.146625,88.791463,0
jobe-shanahan,"Jobe Shanahan",20,KPF,93.630787,97.172149,0
aidan-schubert,"Aidan Schubert",19,KPF,82.471461,92.033723,0
louis-emmett,"Louis Emmett",19,KPF,77.617754,92.504797,0
adam-cerra,"Adam Cerra",27,MID,97.552205,92.382541,1
thomas-liberatore,"Thomas Liberatore",34,MID,98.546861,98.892181,0
reilly-o-brien,"Reilly O'Brien",31,RUCK,94.645618,96.379077,0
joe-richards,"Joe Richards",27,SF,83.699378,79.412674,1
joe-berry,"Joe Berry",20,SF,89.229140,92.123934,0
jacob-weitering,"Jacob Weitering",29,KPD,85.966612,78.462439,1
cooper-trembath,"Cooper Trembath",21,KPF,96.210401,99.628808,0
jake-riccardi,"Jake Riccardi",27,KPF,70.542990,68.437348,1
cameron-nairn,"Cameron Nairn",19,SF,83.644533,92.110494,0
cameron-mackenzie,"Cameron Mackenzie",22,MID,104.742079,108.132789,0
zach-reid,"Zach Reid",24,KPD,77.878183,76.052837,1
harley-barker,"Harley Barker",19,MID,96.299922,111.199158,0
matt-whitlock,"Matt Whitlock",20,KPF,73.429183,86.389784,0
jayden-short,"Jayden Short",30,SD,95.602970,91.601471,1
jarman-impey,"Jarman Impey",31,SD,92.629788,88.356368,1
toby-greene,"Toby Greene",33,SF,82.601122,80.667045,1
harrison-oliver,"Harrison Oliver",20,SD,82.350750,96.914853,0
jedd-busslinger,"Jedd Busslinger",22,KPD,79.277293,82.987655,0
wil-dawson,"Wil Dawson",21,KPD,71.627322,81.534004,0
thomas-sims,"Thomas Sims",20,KPF,87.767984,91.061167,0
adam-sweid,"Adam Sweid",19,SF,83.260749,90.065708,0
shaun-mannagh,"Shaun Mannagh",29,SF,85.587014,76.095664,1
oliver-hollands,"Oliver Hollands",22,MID,102.476334,102.567232,0
cooper-hynes,"Cooper Hynes",20,MID,96.227165,105.301736,0
aliir-aliir,"Aliir Aliir",32,KPD,83.353698,79.828867,1
sam-draper,"Sam Draper",28,RUCK,91.620761,85.318519,1
marcus-windhager,"Marcus Windhager",23,MID,102.585025,103.135826,0
blake-thredgold,"Blake Thredgold",19,KPD,86.858577,94.456975,0
elijah-tsatas,"Elijah Tsatas",22,MID,97.584982,100.461015,0
zane-peucker,"Zane Peucker",19,SF,84.074969,89.909981,0
darcy-jones,"Darcy Jones",22,SF,86.734738,89.742761,0
lachy-dovaston,"Lachy Dovaston",19,SF,80.215762,87.783152,0
bo-allan,"Bo Allan",20,SD,90.249306,98.950566,0
avery-thomas,"Avery Thomas",19,SD,90.842962,101.883037,0
jack-whitlock,"Jack Whitlock",20,KPF,88.493525,93.871977,0
sam-allen,"Sam Allen",19,MID,98.995614,109.901693,0
daniel-turner,"Daniel Turner",24,KPD,87.507478,83.357648,1
ed-langdon,"Ed Langdon",30,SD,86.396522,82.682996,1
kane-farrell,"Kane Farrell",27,SD,97.594288,93.580059,1
seth-campbell,"Seth Campbell",22,SF,86.464697,87.459373,0
jordan-croft,"Jordan Croft",21,KPF,77.327799,84.256934,0
thomas-matthews,"Thomas Matthews",19,SF,84.396144,88.885573,0
jesse-dattoli,"Jesse Dattoli",20,SF,81.638410,94.155323,0
oliver-hannaford,"Oliver Hannaford",20,SF,73.597260,87.174251,0
kai-lohmann,"Kai Lohmann",23,SF,81.999286,82.683065,0
tyan-prindable,"Tyan Prindable",19,MID,95.125813,107.414433,0
william-mccabe,"William McCabe",21,KPF,74.810013,89.431424,0
ty-gallop,"Ty Gallop",20,KPF,87.699019,95.159562,0
harry-barnett,"Harry Barnett",22,RUCK,104.236582,105.974789,0
riley-bice,"Riley Bice",26,SD,81.380726,77.633653,1
james-barrat,"James Barrat",20,KPD,84.558464,91.934078,0
hunter-holmes,"Hunter Holmes",19,MID,94.994610,107.414433,0
tom-de-koning,"Tom De Koning",27,RUCK,104.695951,97.431142,1
ned-bowman,"Ned Bowman",20,SF,79.584966,91.764272,0
cody-angove,"Cody Angove",20,MID,93.441773,107.299417,0
jake-rogers,"Jake Rogers",21,SF,74.188270,78.406202,0
charlie-nicholls,"Charlie Nicholls",20,KPF,78.699337,90.580941,0
darcy-byrne-jones,"Darcy Byrne-Jones",31,SD,80.541939,79.635915,1
jevan-phillipou,"Jevan Phillipou",19,SF,81.846896,88.869908,0
sam-marshall,"Sam Marshall",20,MID,88.805066,103.146466,0
rory-laird,"Rory Laird",33,SD,97.455986,97.236629,1
sam-taylor,"Sam Taylor",27,KPD,80.858959,78.876596,1
harry-o-farrell,"Harry O'Farrell",20,KPD,83.779988,93.642490,0
ned-long,"Ned Long",23,MID,97.878198,94.044072,1
darcy-fogarty,"Darcy Fogarty",27,KPF,77.348766,75.077489,1
lachie-jaques,"Lachie Jaques",20,SD,89.312673,100.980715,0
kayle-gerreyn,"Kayle Gerreyn",20,KPF,78.098659,90.580941,0
jake-waterman,"Jake Waterman",28,KPF,81.050381,79.659713,1
koby-evans,"Koby Evans",19,SF,83.489666,89.323886,0
caiden-cleary,"Caiden Cleary",21,SF,70.973018,82.485512,0
samuel-collins,"Samuel Collins",32,KPD,80.079992,78.130308,1
matthew-roberts,"Matthew Roberts",23,SD,97.691851,99.703124,0
riley-hardeman,"Riley Hardeman",21,SD,81.114477,91.864954,0
lewis-hayes,"Lewis Hayes",22,KPD,71.683878,74.007486,0
jordan-ridley,"Jordan Ridley",28,SD,86.300875,80.257694,1
charlie-edwards,"Charlie Edwards",21,MID,94.785509,102.339792,0
joshua-kelly,"Joshua Kelly",31,MID,88.709172,87.311706,1
tylah-williams,"Tylah Williams",19,SF,84.617939,89.323886,0
ben-miller,"Ben Miller",27,KPD,79.333491,78.654603,1
jack-gunston,"Jack Gunston",35,KPF,87.850110,79.129099,1
cody-curtin,"Cody Curtin",19,KPF,76.800920,91.519104,0
james-leake,"James Leake",21,SD,82.845442,96.206118,0
tobyn-murray,"Tobyn Murray",21,SF,68.391606,80.888386,0
oliver-florent,"Oliver Florent",28,SD,89.255364,88.710714,1
andrew-mcgrath,"Andrew McGrath",28,SD,100.862642,90.189128,1
nic-newman,"Nic Newman",33,SD,93.337089,89.904889,1
james-peatling,"James Peatling",26,MID,98.505917,94.892110,1
wil-powell,"Wil Powell",27,SD,89.639703,87.772548,1
billy-wilson,"Billy Wilson",21,SD,92.643447,101.609032,0
joel-jeffrey,"Joel Jeffrey",24,SD,100.425315,95.114778,1
josh-gibcus,"Josh Gibcus",23,KPD,67.710260,69.002313,0
angus-clarke,"Angus Clarke",20,SD,90.990254,100.797834,0
miles-bergman,"Miles Bergman",25,SD,91.120991,90.312844,1
samuel-swadling,"Samuel Swadling",19,MID,93.354087,107.243508,0
patrick-lipinski,"Patrick Lipinski",28,SF,86.139510,80.213055,1
jack-dalton,"Jack Dalton",19,SF,82.210055,88.869908,0
joseph-fonti,"Joseph Fonti",22,SD,91.158843,91.789376,0
ryan-maric,"Ryan Maric",22,MID,101.130502,101.861193,0
jhye-clark,"Jhye Clark",22,MID,93.976243,92.676935,1
jye-caldwell,"Jye Caldwell",26,MID,96.000931,92.443135,1
ben-king,"Ben King",26,KPF,71.607800,68.245396,1
max-michalanney,"Max Michalanney",22,SD,85.943397,89.649164,0
toby-conway,"Toby Conway",23,RUCK,101.598198,106.003214,0
ollie-murphy,"Ollie Murphy",21,KPD,78.420289,90.264481,0
bailey-williams-wb,"Bailey Williams",29,SD,88.493784,87.286704,1
hugh-davies,"Hugh Davies",22,KPD,72.449188,75.137878,0
sean-darcy,"Sean Darcy",28,RUCK,89.694160,82.578045,1
archer-reid,"Archer Reid",21,KPF,73.716985,81.049829,0
jeremy-cameron,"Jeremy Cameron",33,KPF,81.796868,83.636330,0
lachlan-schultz,"Lachlan Schultz",29,SF,89.261796,80.585339,1
mitchell-edwards,"Mitchell Edwards",21,RUCK,112.087319,119.290487,0
max-kondogiannis,"Max Kondogiannis",19,SD,86.529244,96.149871,0
lachlan-cowan,"Lachlan Cowan",22,SD,90.752882,92.504103,0
luke-lloyd,"Luke Lloyd",21,KPD,78.202620,89.796667,0
logan-evans,"Logan Evans",21,SD,100.195643,105.182589,0
christian-moraes,"Christian Moraes",20,MID,93.987665,99.818446,0
talor-byrne,"Talor Byrne",19,SF,88.068756,94.349988,0
josh-dolan,"Josh Dolan",20,SF,75.170063,82.412439,0
charlie-banfield,"Charlie Banfield",19,MID,92.721117,106.855213,0
keidean-coleman,"Keidean Coleman",26,SD,92.462175,86.537047,1
jack-graham,"Jack Graham",28,MID,89.293344,85.996177,1
oscar-ryan,"Oscar Ryan",21,SD,83.132138,92.547229,0
tai-hayes,"Tai Hayes",22,SF,62.120467,70.448759,0
darcy-parish,"Darcy Parish",29,MID,91.275644,84.681641,1
jack-silvagni,"Jack Silvagni",29,KPD,77.581531,75.211464,1
elijah-hewett,"Elijah Hewett",22,MID,90.189279,89.300334,1
harry-demattia,"Harry DeMattia",21,MID,92.877943,101.972723,0
jed-adams,"Jed Adams",22,KPD,72.159468,74.904940,0
jack-ough,"Jack Ough",20,MID,88.143145,104.224955,0
matthew-jefferson,"Matthew Jefferson",22,KPF,68.760084,73.562320,0
kane-mcauliffe,"Kane McAuliffe",21,MID,100.216915,107.217705,0
billy-cootee,"Billy Cootee",24,MID,65.243038,59.875586,1
jacob-konstanty,"Jacob Konstanty",22,SF,65.833062,67.902451,0
max-gruzewski,"Max Gruzewski",22,KPF,74.642126,79.569565,0
josh-sinn,"Josh Sinn",23,SD,76.743008,77.837180,0
kade-chandler,"Kade Chandler",26,SF,82.127124,80.519087,1
jack-viney,"Jack Viney",32,MID,87.818656,88.255774,0
brayden-maynard,"Brayden Maynard",30,SD,85.204994,83.012903,1
edward-allan,"Edward Allan",22,MID,96.023203,95.967278,1
jack-buckley,"Jack Buckley",29,KPD,75.872515,71.654387,1
lance-collard,"Lance Collard",21,SF,69.437363,78.009202,0
daniel-rioli,"Daniel Rioli",29,SD,92.730947,87.710346,1
willem-drew,"Willem Drew",28,MID,93.070818,89.235426,1
ben-camporeale,"Ben Camporeale",20,MID,90.578335,105.437062,0
will-brodie,"Will Brodie",28,MID,83.086007,73.089328,1
ashton-moir,"Ashton Moir",21,SF,70.278058,82.627739,0
will-setterfield,"Will Setterfield",28,MID,91.271258,83.988566,1
koby-coulson,"Koby Coulson",19,MID,89.446226,106.379855,0
blake-hardwick,"Blake Hardwick",29,SD,83.712387,85.282053,0
matt-johnson-1,"Matt Johnson",23,MID,100.001049,95.390494,1
lachlan-smith,"Lachlan Smith",21,RUCK,94.535731,105.644343,0
francis-evans,"Francis Evans",25,SF,79.320926,75.706678,1
neil-erasmus,"Neil Erasmus",23,MID,99.733307,93.862118,1
cameron-rayner,"Cameron Rayner",27,SF,77.432254,76.497770,1
kyle-langford,"Kyle Langford",30,KPF,71.963126,69.991366,1
joel-cochran,"Joel Cochran",20,KPD,81.385023,92.540180,0
max-knobel,"Max Knobel",22,RUCK,92.219809,98.197691,0
tew-jiath,"Tew Jiath",21,SD,79.974698,92.666240,0
hugo-mikunda,"Hugo Mikunda",19,SF,80.864774,90.251989,0
archie-ludowyke,"Archie Ludowyke",19,KPF,76.810799,92.454314,0
jai-serong,"Jai Serong",23,SD,94.058196,90.647709,1
angus-hastie,"Angus Hastie",21,SD,76.051177,86.618993,0
cooper-lord,"Cooper Lord",21,MID,102.776644,108.030830,0
sam-davidson,"Sam Davidson",25,SF,68.671503,64.942161,1
hugh-boxshall,"Hugh Boxshall",20,MID,96.570464,107.035062,0
jamarra-ugle-hagan,"Jamarra Ugle-Hagan",24,KPF,71.827870,66.365284,1
charlie-west,"Charlie West",20,KPF,77.794849,90.509792,0
angus-sheldrick,"Angus Sheldrick",23,MID,95.348740,91.968042,1
max-king-syd,"Maxwell King",19,SF,80.864774,90.251989,0
lukas-cooke,"Lukas Cooke",23,KPD,73.460159,74.914151,0
mitch-podhajski,"Mitch Podhajski",27,KPF,65.194634,59.320950,1
cooper-simpson,"Cooper Simpson",21,SD,76.289735,92.303989,0
archie-may,"Archie May",22,KPF,76.819469,81.062634,0
cooper-bell,"Cooper Bell",20,KPD,82.635204,92.540180,0
brodie-kemp,"Brodie Kemp",25,KPF,72.684734,74.150488,0
flynn-riley,"Flynn Riley",22,RUCK,92.544589,97.458014,0
alex-van-wyk,"Alex Van Wyk",22,RUCK,91.422359,97.001420,0
liam-fawcett,"Liam Fawcett",21,KPF,71.259725,80.441808,0
clay-hall,"Clay Hall",21,MID,95.944074,103.588804,0
anthony-caminiti,"Anthony Caminiti",23,KPF,83.989244,80.099508,1
oliver-griffin,"Oliver Griffin",19,SF,85.191853,97.906020,0
harrison-coe,"Harrison Coe",27,RUCK,82.560431,69.952857,1
caleb-may,"Caleb May",21,RUCK,93.999334,106.572357,0
max-beattie,"Max Beattie",23,SF,66.798047,68.848398,0
max-mapley,"Max Mapley",21,RUCK,93.999334,106.572357,0
harrison-ramm,"Harrison Ramm",20,KPD,84.697256,93.936416,0
peter-ladhams,"Peter Ladhams",28,RUCK,84.892315,72.688814,1
jack-ison,"Jack Ison",19,SF,80.631439,91.057057,0
tom-brown,"Tom Brown",23,SD,86.759121,87.702129,0
harry-rowston,"Harry Rowston",22,MID,92.770997,92.370016,1
adam-saad,"Adam Saad",32,SD,85.805491,82.841954,1
jack-crisp,"Jack Crisp",33,MID,85.933799,87.872577,0
finnegan-davis,"Finnegan Davis",19,SD,85.910510,99.434757,0
tyler-sonsie,"Tyler Sonsie",23,MID,92.910033,87.270790,1
lucca-grego,"Lucca Grego",20,SD,82.042174,97.492250,0
patrick-retschko,"Patrick Retschko",20,MID,106.788998,114.370553,0
caleb-lewis,"Caleb Lewis",23,KPF,71.170183,71.861103,0
jack-lukosius,"Jack Lukosius",26,SF,76.274337,71.555046,1
alex-dodson,"Alex Dodson",20,RUCK,92.286699,107.914292,0
kye-fincher,"Kye Fincher",19,MID,88.896386,106.327928,0
jay-polkinghorne,"Jay Polkinghorne",20,SF,74.022984,88.063241,0
jacob-molier,"Jacob Molier",20,RUCK,92.518425,107.124962,0
matthew-flynn,"Matthew Flynn",29,RUCK,87.824440,84.826164,1
sam-de-koning,"Sam De Koning",25,KPD,79.371684,77.761777,1
hamish-davis,"Hamish Davis",20,MID,98.076566,107.605036,0
noah-howes,"Noah Howes",21,KPF,82.818559,91.174939,0
mason-wood,"Mason Wood",33,SF,81.145287,76.431781,1
vigo-visentini,"Vigo Visentini",21,RUCK,96.168483,106.660312,0
isaiah-dudley,"Isaiah Dudley",23,SF,76.269241,73.038206,1
kalani-white,"Kalani White",19,KPF,97.346264,105.477469,0
noah-chamberlain,"Noah Chamberlain",19,SF,85.191853,97.906020,0
liam-hetherton,"Liam Hetherton",19,KPF,97.346264,105.477469,0
jai-saxena,"Jai Saxena",19,SF,85.191853,97.906020,0
ryda-luke,"Ryda Luke",19,SF,85.191853,97.906020,0
toby-whan,"Toby Whan",19,SF,85.191853,97.906020,0
jesse-mellor,"Jesse Mellor",19,MID,94.858611,112.820363,0
zac-walker,"Zac Walker",20,SD,91.232180,102.535554,0
ben-murphy,"Ben Murphy",19,SD,97.966462,108.907867,0
kobe-mcdonald,"Kobe McDonald",19,SD,97.966462,108.907867,0
indy-cotton,"Indy Cotton",19,SD,97.966462,108.907867,0
scott-pendlebury,"Scott Pendlebury",39,MID,84.597640,87.645928,0
oscar-berry,"Oscar Berry",24,KPD,75.211803,74.583319,1
patrick-carr,"Patrick Carr",21,RUCK,93.999334,106.572357,0
cillian-bourke,"Cillian Bourke",20,SD,91.232180,102.535554,0
fred-rodriguez,"Fred Rodriguez",19,MID,94.858611,112.820363,0
riley-onley,"Riley Onley",19,MID,94.858611,112.820363,0
leon-kickett,"Leon Kickett",20,SF,80.256226,91.516815,0
nick-driscoll,"Nick Driscoll",19,MID,94.858611,112.820363,0
darcy-moore,"Darcy Moore",30,KPD,71.364488,67.402484,1
sam-banks,"Sam Banks",23,SD,93.732351,91.730906,1
tom-gross,"Tom Gross",20,MID,86.968416,102.083159,0
logan-smith,"Logan Smith",20,RUCK,99.700863,110.942457,0
jacob-moss,"Jacob Moss",22,KPF,78.998442,82.636111,0
jaime-uhr-henry,"Jaime Uhr-Henry",23,RUCK,88.740260,92.420133,0
iliro-smit,"Iliro Smit",21,RUCK,94.908637,106.572357,0
aiden-riddle,"Aiden Riddle",21,RUCK,93.999334,106.572357,0
joe-pike,"Joe Pike",21,RUCK,93.999334,106.572357,0
milan-murdock,"Milan Murdock",26,SF,71.129618,68.792956,1
leek-aleer,"Leek Aleer",25,KPD,71.056527,68.126546,1
patrick-snell,"Patrick Snell",21,KPD,77.746764,90.194289,0
zac-mccarthy,"Zac McCarthy",19,KPF,80.418886,92.974050,0
elliot-yeo,"Elliot Yeo",33,MID,78.687729,75.647688,1
oliver-francou,"Oliver Francou",20,MID,91.969558,105.776954,0
riak-andrew,"Riak Andrew",21,KPD,78.259355,90.605779,0
xavier-walsh,"Xavier Walsh",21,KPD,84.501494,94.635710,0
sam-clohesy,"Sam Clohesy",24,MID,87.716673,82.637998,1
matthew-leray,"Matthew LeRay",19,MID,87.675596,106.176826,0
mitchell-lewis,"Mitchell Lewis",28,KPF,75.467579,71.786095,1
charlie-comben,"Charlie Comben",25,KPD,77.208891,76.681683,1
marc-pittonet,"Marc Pittonet",30,RUCK,89.848182,87.534463,1
hugo-hall-kahan,"Hugo Hall-Kahan",23,SD,80.973784,83.000000,0
zachary-williams,"Zachary Williams",32,SF,72.542583,68.817900,1
dylan-stephens,"Dylan Stephens",25,MID,91.015710,89.285906,1
matt-hill,"Matt Hill",22,SF,69.386126,72.690015,0
brayden-fiorini,"Brayden Fiorini",29,MID,87.748218,84.977913,1
bruce-reville,"Bruce Reville",25,MID,76.841702,72.658540,1
matthew-kennedy-1,"Matthew Kennedy",29,MID,91.807262,90.505787,1
james-worpel,"James Worpel",27,MID,90.633546,85.082533,1
luke-beecken,"Luke Beecken",25,MID,70.386498,64.673664,1
will-darcy,"Will Darcy",19,KPD,84.730799,94.239407,0
michael-sellwood,"Michael Sellwood",23,SD,81.954145,82.092374,0
calsher-dear,"Calsher Dear",21,KPF,81.486481,90.736612,0
billy-dowling,"Billy Dowling",22,SF,78.412384,80.883517,0
eamonn-armstrong,"Eamonn Armstrong",20,SD,91.232180,102.535554,0
cillian-burke,"Cillian Burke",23,SD,77.717394,78.624008,0
matt-duffy,"Matt Duffy",22,SD,80.186029,85.104237,0
zak-evans,"Zak Evans",26,MID,67.409431,59.255809,1
ricky-mentha,"Ricky Mentha",20,SF,82.307019,92.115236,0
benny-barrett,"Benny Barrett",20,SF,82.307019,92.115236,0
lennox-hoffman,"Lennox Hoffman",20,SD,91.232180,102.535554,0
river-stevens,"River Stevens",20,SF,82.307019,92.115236,0
keighton-matofai-forbes,"Keighton Matofai-Forbes",20,SD,91.232180,102.535554,0
harry-charleson,"Harry Charleson",20,SD,91.232180,102.535554,0
asher-eastham,"Asher Eastham",20,SF,82.307019,92.115236,0
joel-fitzgerald,"Joel Fitzgerald",23,MID,78.572413,75.906998,1
toby-mcmullin,"Toby McMullin",22,SF,58.384088,68.590545,0
isaac-quaynor,"Isaac Quaynor",26,SD,85.279169,84.566282,1
brady-hough,"Brady Hough",23,SD,83.891465,83.666701,1
alex-neal-bullen,"Alex Neal-Bullen",30,SF,82.231602,78.633145,1
jakob-ryan,"Jakob Ryan",22,SD,75.880376,80.054216,0
josh-goater,"Josh Goater",23,SD,71.090561,74.684882,0
josh-lai,"Josh Lai",21,SD,88.833825,97.095478,0
brayden-george,"Brayden George",22,SF,72.196993,76.860204,0
tyler-welsh,"Tyler Welsh",20,KPF,74.784826,91.511821,0
kye-annand,"Kye Annand",23,KPD,73.480200,74.686245,0
tom-blamires,"Tom Blamires",24,SD,79.412035,78.613943,1
tom-papley,"Tom Papley",30,SF,74.813755,72.621138,1
matt-carroll,"Matt Carroll",21,MID,98.351257,102.607698,0
hussien-el-achkar,"Hussien El Achkar",19,SF,73.997529,84.828914,0
daniel-mcstay,"Daniel McStay",31,KPF,73.623062,70.779452,1
jack-watkins,"Jack Watkins",26,MID,69.227409,54.263045,1
paddy-dow,"Paddy Dow",27,MID,70.711850,60.539299,1
angus-anderson,"Angus Anderson",23,MID,76.514125,73.197147,1
luker-kentfield,"Luker Kentfield",21,KPF,81.020070,91.281491,0
zane-zakostelsky,"Zane Zakostelsky",21,KPD,75.325228,87.673483,0
harvey-gallagher,"Harvey Gallagher",23,SD,67.901318,69.202046,0
luke-urquhart,"Luke Urquhart",20,MID,89.677514,104.440886,0
ollie-greeves,"Ollie Greeves",19,MID,94.055415,109.291195,0
roan-steele,"Roan Steele",25,MID,73.813901,66.044062,1
sam-butler-1,"Sam Butler",23,SF,63.091979,68.347342,0
james-o-donnell,"James O'Donnell",24,KPD,78.284016,75.431583,1
connor-budarick,"Connor Budarick",25,SD,76.484436,74.710513,1
bodie-ryan,"Bodie Ryan",21,SD,78.429981,93.032508,0
zak-johnson,"Zak Johnson",20,SD,90.116894,100.521630,0
noah-roberts-thomson,"Noah Roberts-Thomson",19,SF,77.199177,88.813359,0
karl-amon,"Karl Amon",31,SD,91.465580,85.510551,1
campbell-chesser,"Campbell Chesser",23,MID,85.776418,80.538042,1
braeden-campbell,"Braeden Campbell",24,SD,79.348742,76.036216,1
flynn-perez,"Flynn Perez",25,SD,69.428036,64.774654,1
dion-prestia,"Dion Prestia",34,MID,77.058072,73.716029,1
blake-howes,"Blake Howes",23,SD,83.469692,83.570747,0
lachlan-blakiston,"Lachlan Blakiston",28,KPD,63.113487,58.661250,1
rory-lobb,"Rory Lobb",33,KPD,74.109717,70.130325,1
rhett-bazzo,"Rhett Bazzo",23,KPD,76.028937,76.391408,0
jayden-nguyen,"Jayden Nguyen",20,SD,86.728631,99.956778,0
jesse-motlop,"Jesse Motlop",23,SF,64.205643,67.063116,0
tom-atkins,"Tom Atkins",31,MID,88.824729,90.019661,0
lucas-camporeale,"Lucas Camporeale",20,MID,89.352261,103.581213,0
patrick-said,"Patrick Said",20,SF,76.180081,88.411754,0
jaxon-artemis,"Jaxon Artemis",20,SD,92.112771,103.686574,0
campbell-lake,"Campbell Lake",22,SF,73.269130,74.844497,0
archer-day-wicks,"Archer Day-Wicks",20,SF,78.799008,87.403116,0
zac-taylor,"Zac Taylor",23,SF,73.813621,72.319955,1
balyn-o-brien,"Balyn O'Brien",19,SD,89.485490,105.452163,0
jaren-carr,"Jaren Carr",22,SF,64.424617,70.907098,0
cody-anderson,"Cody Anderson",20,SF,75.484644,86.723060,0
noah-balta,"Noah Balta",27,KPF,72.331104,71.136390,1
paddy-cross,"Paddy Cross",23,SF,61.288611,64.498475,0
chris-scerri,"Chris Scerri",20,SF,80.059388,90.051647,0
mykelti-lefau,"Mykelti Lefau",28,KPF,66.295151,59.769986,1
nick-larkey,"Nick Larkey",28,KPF,74.919125,72.807955,1
ewan-mackinlay,"Ewan Mackinlay",23,SF,70.764599,70.608106,1
tylar-young,"Tylar Young",28,KPD,74.605952,70.512703,1
ben-jepson,"Ben Jepson",25,MID,68.195429,59.750278,1
isaac-keeler,"Isaac Keeler",22,KPF,65.750647,73.766374,0
jeremy-howe,"Jeremy Howe",36,SD,82.908311,78.447943,1
will-lewis,"Will Lewis",27,KPF,64.715724,58.409036,1
xavier-bamert,"Xavier Bamert",19,SF,84.623040,89.157478,0
campbell-gray,"Campbell Gray",23,KPD,69.975601,72.281777,0
mitch-zadow,"Mitch Zadow",22,SF,65.439761,70.336203,0
harvey-johnston,"Harvey Johnston",21,SD,81.237813,89.044365,0
riley-hamilton,"Riley Hamilton",20,SF,73.929454,86.788816,0
thomas-burton,"Thomas Burton",19,SF,80.984195,90.630616,0
jack-hutchinson,"Jack Hutchinson",25,MID,73.013020,66.124749,1
liam-puncher,"Liam Puncher",23,KPD,71.669178,71.165371,1
oliver-wines,"Oliver Wines",32,MID,86.304746,86.202367,1
thomas-anastasopoulos,"Tom Anastasopoulos",21,SF,75.174658,87.498035,0
rob-monahan,"Rob Monahan",22,SD,80.186029,85.104237,0
nathan-wardius,"Nathan Wardius",22,SF,71.637393,75.523989,0
liam-baker,"Liam Baker",28,SD,88.170453,82.826597,1
stephen-coniglio,"Stephen Coniglio",33,MID,75.291810,70.946503,1
will-hayward,"Will Hayward",28,SF,73.591552,72.364400,1
henry-hustwaite,"Henry Hustwaite",22,MID,81.158195,83.840803,0
judson-clarke,"Judson Clarke",23,SF,58.424471,62.353194,0
will-hayes-b,"Will Hayes",20,SF,71.549718,83.289910,0
corey-warner,"Corey Warner",23,SF,62.243703,63.187568,0
jasper-alger,"Jasper Alger",20,SF,71.623834,84.989571,0
george-stevens,"George Stevens",21,MID,86.059135,97.630822,0
lachlan-gulbin,"Lachlan Gulbin",20,SF,72.877506,86.520332,0
james-trezise,"James Trezise",24,SD,79.456922,76.856563,1
mani-liddy,"Mani Liddy",24,MID,73.200066,64.835300,1
steely-green,"Steely Green",22,SF,63.842577,68.893281,0
tom-edwards,"Tom Edwards",26,KPF,66.121609,58.578685,1
oliver-hayes-brown,"Oliver Hayes-Brown",26,RUCK,85.483411,70.386617,1
toby-bedford,"Toby Bedford",26,SF,74.752138,71.882525,1
elijah-hollands,"Elijah Hollands",24,SF,81.260007,78.910129,1
zac-banch,"Zac Banch",23,SF,62.353271,63.892499,0
lachie-sullivan,"Lachie Sullivan",29,SF,55.527925,52.753845,1
oscar-allen,"Oscar Allen",27,KPF,67.381232,62.721824,1
tom-doedee,"Tom Doedee",29,SD,68.881197,67.239479,1
josaia-delana,"Josaia Delana",20,SF,72.687582,86.520332,0
nikolas-cox,"Nikolas Cox",24,KPF,67.727761,61.799917,1
tom-cochrane,"Tom Cochrane",20,SF,71.489644,87.896455,0
malakai-champion,"Malakai Champion",20,SF,73.396545,84.105531,0
deven-robertson,"Deven Robertson",25,MID,83.151253,79.334397,1
luke-kennedy,"Luke Kennedy",20,MID,81.885905,99.286886,0
flynn-young,"Flynn Young",24,SF,60.500322,58.622427,1
arthur-jones,"Arthur Jones",23,SF,67.495296,69.892893,0
cooper-harvey,"Cooper Harvey",22,SF,79.349380,81.627192,0
jacob-newton,"Jacob Newton",20,SF,71.490526,87.896455,0
aidan-johnson,"Aidan Johnson",26,KPF,65.633536,59.601117,1
sam-powell-pepper,"Sam Powell-Pepper",28,SF,72.265405,69.004897,1
liam-reidy,"Liam Reidy",26,RUCK,88.209689,73.289143,1
liam-o-connell,"Liam O'Connell",23,SD,73.800461,73.990525,0
saad-el-hawli,"Saad El-Hawli",25,SD,69.903406,63.855612,1
brennan-cox,"Brennan Cox",28,KPD,70.640030,69.629259,1
wil-parker,"Wil Parker",24,SD,70.364573,66.374256,1
bayley-fritsch,"Bayley Fritsch",30,SF,71.034280,69.538938,1
will-lorenz,"Will Lorenz",21,MID,88.366783,98.481371,0
jack-henderson,"Jack Henderson",27,SF,61.459509,53.650216,1
luke-nankervis,"Luke Nankervis",23,SD,87.264028,86.528743,1
mitchell-knevitt,"Mitchell Knevitt",23,MID,77.909522,77.007044,1
heath-chapman,"Heath Chapman",24,SD,87.268024,82.664242,1
nick-murray,"Nick Murray",26,KPD,72.631598,69.922000,1
reece-torrent,"Reece Torrent",21,MID,87.417019,96.161719,0
tom-hanily,"Tom Hanily",21,SF,69.287301,80.375250,0
jake-lloyd,"Jake Lloyd",33,SD,76.532190,77.669821,0
jayden-laverde,"Jayden Laverde",30,KPD,69.630707,67.991501,1
hugh-bond,"Hugh Bond",22,SD,74.402243,79.844806,0
jack-henry,"Jack Henry",28,KPD,69.899996,67.408971,1
jake-lever,"Jake Lever",30,KPD,75.926419,70.491846,1
brayden-cook,"Brayden Cook",24,MID,90.832760,85.459685,1
rhys-unwin,"Rhys Unwin",20,SF,63.279532,82.857906,0
kaleb-smith,"Kaleb Smith",22,SD,72.933746,76.660556,0
oliver-henry,"Oliver Henry",24,SF,69.627891,68.215745,1
will-mclachlan,"Will McLachlan",21,SF,69.762050,80.786451,0
finnbar-maley,"Finnbar Maley",23,KPF,72.926512,70.662170,1
bailey-macdonald,"Bailey Macdonald",22,SD,74.799917,80.603684,0
liam-duggan,"Liam Duggan",30,SD,86.634539,83.109189,1
beau-mccreery,"Beau McCreery",25,SF,69.244244,70.782283,0
archie-perkins,"Archie Perkins",24,SF,73.761161,71.343062,1
dante-visentini,"Dante Visentini",23,RUCK,99.024480,99.009020,1
reef-mcinnes,"Reef McInnes",24,KPD,63.339753,60.436381,1
jack-darling,"Jack Darling",34,KPF,71.343008,64.714834,1
judd-mcvee,"Judd McVee",23,SD,84.326412,84.817434,0
jarrod-berry,"Jarrod Berry",28,MID,85.775390,80.740287,1
toby-murray,"Toby Murray",23,KPF,71.603659,74.670733,0
ryan-angwin,"Ryan Angwin",24,MID,90.146510,85.649088,1
charlie-cameron,"Charlie Cameron",32,SF,70.291748,67.610872,1
mabior-chol,"Mabior Chol",29,KPF,69.228974,68.646610,1
harrison-petty,"Harrison Petty",27,KPD,67.763952,66.496601,1
jesse-hogan,"Jesse Hogan",32,KPF,74.476530,72.073186,1
conor-nash,"Conor Nash",28,MID,88.939800,82.980893,1
oliver-wiltshire,"Oliver Wiltshire",24,SF,59.165323,61.143036,0
alex-davies,"Alex Davies",24,MID,88.235691,84.296973,1
oscar-steene,"Oscar Steene",23,RUCK,92.177593,93.397266,0
ben-keays,"Ben Keays",29,SF,75.400036,73.467580,1
james-tunstill,"James Tunstill",23,MID,76.500147,76.468039,1
josh-draper,"Josh Draper",22,KPD,75.394552,76.982251,0
jack-williams,"Jack Williams",23,KPF,75.041450,74.097012,1
hayden-mclean,"Hayden McLean",27,KPF,69.711557,67.461332,1
hudson-o-keeffe,"Hudson O'Keeffe",22,KPF,75.989653,78.888255,0
will-edwards,"Will Edwards",23,KPD,71.855787,72.805174,0
shadeau-brain,"Shadeau Brain",22,SD,75.893826,79.097262,0
noah-long,"Noah Long",22,SF,62.960740,67.943811,0
nicholas-coffield,"Nicholas Coffield",27,SD,69.091669,62.516374,1
ben-ainsworth,"Ben Ainsworth",28,SF,78.370059,72.114819,1
nathan-o-driscoll,"Nathan O'Driscoll",24,MID,94.149844,86.329666,1
taylor-walker,"Taylor Walker",37,KPF,72.124704,68.823881,1
luke-pedlar,"Luke Pedlar",24,SF,66.777854,59.390913,1
tim-membrey,"Tim Membrey",32,KPF,64.752007,62.076771,1
harvey-harrison,"Harvey Harrison",23,SF,62.627584,67.573971,0
lachlan-jones,"Lachlan Jones",24,SD,79.069975,74.464199,1
james-borlase,"James Borlase",24,KPD,75.447408,73.747673,1
jack-buller,"Jack Buller",25,KPF,63.474091,58.690018,1
tyrell-dewar,"Tyrell Dewar",22,SF,63.291490,69.234953,0
robert-hansen,"Robert Hansen",22,SF,64.540069,66.976672,0
oisin-mullin,"Oisin Mullin",26,SD,68.449617,63.646285,1
jarrod-witts,"Jarrod Witts",34,RUCK,87.878016,87.189302,1
lewis-young,"Lewis Young",28,KPD,64.690374,63.050913,1
tyson-stengle,"Tyson Stengle",28,SF,74.385799,70.118965,1
sandy-brock,"Sandy Brock",24,KPD,69.962871,68.044501,1
oscar-adams,"Oscar Adams",23,KPD,62.453212,66.851703,0
zach-guthrie,"Zach Guthrie",28,SD,83.663159,80.205882,1
harrison-himmelberg,"Harrison Himmelberg",30,SD,81.764460,82.411963,0
cameron-zurhaar,"Cameron Zurhaar",28,SF,72.905468,70.175674,1
mitchell-hinge,"Mitchell Hinge",28,SD,88.647819,80.556162,1
jake-stringer,"Jake Stringer",32,SF,69.905854,67.994853,1
wade-derksen,"Wade Derksen",25,KPD,68.149570,68.488833,0
jai-culley,"Jai Culley",23,MID,84.005785,81.694944,1
jack-payne,"Jack Payne",27,KPD,67.964674,65.492059,1
bailey-laurie,"Bailey Laurie",24,SF,62.581641,64.554483,0
harry-sharp,"Harry Sharp",24,SF,72.231257,68.328059,1
conor-stone,"Conor Stone",24,SD,66.945395,65.976102,1
corey-durdin,"Corey Durdin",24,SF,64.077175,64.410990,0
finlay-macrae,"Finlay Macrae",24,MID,73.247953,67.182583,1
james-jordon,"James Jordon",26,MID,75.157519,71.681532,1
zac-fisher,"Zac Fisher",28,SF,72.597968,67.918788,1
luke-cleary,"Luke Cleary",24,SD,71.944859,68.284253,1
andy-moniz-wakefield,"Andy Moniz-Wakefield",23,SD,73.697316,74.235341,0
esava-ratugolea,"Esava Ratugolea",28,KPD,67.548246,66.176462,1
samson-ryan,"Samson Ryan",26,RUCK,87.896385,72.756754,1
harry-edwards,"Harry Edwards",26,KPD,68.774566,63.368045,1
blake-acres,"Blake Acres",31,MID,81.495265,77.908855,1
nick-vlastuin,"Nick Vlastuin",32,SD,82.943142,81.089389,1
max-ramsden,"Max Ramsden",23,KPF,73.699712,73.351000,1
christian-salem,"Christian Salem",31,SD,83.564177,79.995114,1
james-blanck,"James Blanck",26,KPD,61.476102,51.620143,1
jack-carroll,"Jack Carroll",24,SD,76.858607,74.026983,1
jackson-macrae,"Jackson Macrae",32,MID,81.976674,79.670598,1
tom-mcdonald,"Tom McDonald",34,KPD,69.387247,67.482494,1
lachlan-bramble,"Lachlan Bramble",28,SF,71.896662,70.585001,1
jackson-archer,"Jackson Archer",23,SD,65.288656,68.164351,0
oscar-mcdonald,"Oscar McDonald",30,KPD,64.825587,61.514060,1
griffin-logue,"Griffin Logue",28,KPD,66.018475,60.710392,1
liam-mcmahon,"Liam McMahon",24,KPF,67.206225,66.261904,1
nick-haynes,"Nick Haynes",34,SD,78.231890,79.863096,0
nick-bryan,"Nick Bryan",25,RUCK,94.274302,87.312748,1
jaxon-prior,"Jaxon Prior",25,SD,84.033180,80.832611,1
rhylee-west,"Rhylee West",26,SF,69.450637,69.614991,0
maurice-rioli-1,"Maurice Rioli",24,SF,57.540216,58.330360,0
jack-higgins,"Jack Higgins",27,SF,65.629437,65.522713,1
joel-amartey,"Joel Amartey",27,KPF,63.571768,60.419513,1
harry-perryman,"Harry Perryman",28,SD,77.688121,74.146074,1
lachlan-mcneil,"Lachlan McNeil",25,SF,60.153145,56.749889,1
rhyan-mansell,"Rhyan Mansell",26,SF,69.376810,63.756546,1
jordan-boyd,"Jordan Boyd",28,SD,66.662219,62.635433,1
tyler-brockman,"Tyler Brockman",24,SF,64.589918,63.400458,1
ollie-lord,"Ollie Lord",24,KPF,66.403356,62.202859,1
tom-cole,"Tom Cole",29,SD,64.111819,65.137579,0
charlie-ballard,"Charlie Ballard",27,KPD,61.492260,60.473947,1
dougal-howard,"Dougal Howard",30,KPD,62.187527,61.134959,1
harrison-jones,"Harrison Jones",25,KPF,68.045497,65.538484,1
brandon-walker,"Brandon Walker",24,SD,74.228567,71.438412,1
mitch-mcgovern,"Mitch McGovern",32,SD,70.365510,70.022293,1
jack-scrimshaw,"Jack Scrimshaw",28,SD,76.318168,74.594336,1
michael-frederick,"Michael Frederick",26,SF,66.707607,66.422251,1
ryan-lester,"Ryan Lester",34,SD,76.818241,72.284114,1
max-heath,"Max Heath",24,RUCK,90.489253,87.453097,1
buku-khamis,"Buku Khamis",26,KPD,69.431192,64.015328,1
jacob-wehr,"Jacob Wehr",28,SD,60.324426,57.343788,1
lachlan-weller,"Lachlan Weller",30,MID,75.733259,70.956096,1
billy-frampton,"Billy Frampton",30,KPD,62.367702,62.173105,1
patrick-dangerfield,"Patrick Dangerfield",37,SF,82.169068,69.892359,1
henry-smith,"Henry Smith",24,KPF,67.183994,66.219225,1
cody-weightman,"Cody Weightman",25,SF,72.841322,67.385596,1
xavier-duursma,"Xavier Duursma",26,MID,84.686966,78.933706,1
xavier-o-halloran,"Xavier O'Halloran",26,SF,67.568804,65.746895,1
matt-cottrell,"Matt Cottrell",26,MID,75.425364,70.024315,1
lachlan-fogarty,"Lachlan Fogarty",27,SF,66.218655,63.938183,1
elliot-himmelberg,"Elliott Himmelberg",28,KPF,62.499983,57.299171,1
todd-marshall,"Todd Marshall",28,KPF,66.804682,60.829223,1
eric-hipwood,"Eric Hipwood",29,KPF,59.681574,56.647236,1
tom-barrass,"Tom Barrass",31,KPD,64.151889,62.766558,1
corey-wagner,"Corey Wagner",29,SD,72.463089,70.415848,1
riley-garcia,"Riley Garcia",25,SF,64.761619,67.229780,0
jacob-hopper,"Jacob Hopper",29,MID,84.521000,77.096616,1
harry-schoenberg,"Harry Schoenberg",25,MID,65.540203,60.999343,1
ryan-byrnes,"Ryan Byrnes",25,SD,75.088088,74.084238,1
darcy-fort,"Darcy Fort",33,RUCK,79.158969,76.450999,1
jamie-elliott,"Jamie Elliott",34,SF,72.617247,67.019079,1
jackson-mead,"Jackson Mead",25,SF,59.494622,60.929851,0
brody-mihocek,"Brody Mihocek",33,KPF,63.591036,63.029095,1
changkuoth-jiath,"Changkuoth Jiath",27,SD,71.099381,68.019032,1
jack-bowes,"Jack Bowes",28,MID,80.642907,74.474947,1
callum-ah-chee,"Callum Ah Chee",29,SF,64.908521,63.546981,1
lewis-melican,"Lewis Melican",30,KPD,64.399973,58.654224,1
ned-reeves,"Ned Reeves",28,RUCK,87.038610,79.906488,1
brandon-zerk-thatcher,"Brandon Zerk-Thatcher",28,KPD,65.311655,61.286785,1
isaac-cumming,"Isaac Cumming",28,SD,74.271121,72.537018,1
chayce-jones,"Chayce Jones",26,SD,62.832978,58.532248,1
sam-sturt,"Sam Sturt",26,SF,56.101803,55.478117,1
jordon-butts,"Jordon Butts",27,KPD,58.560894,55.549015,1
callum-brown-ire,"Callum M. Brown",26,SF,67.052075,62.283592,1
sam-switkowski,"Sam Switkowski",30,SF,63.261940,61.600292,1
luke-mcdonald,"Luke McDonald",31,SD,73.997802,70.625835,1
tom-lynch-1,"Tom Lynch",34,KPF,62.598453,57.482738,1
jamie-cripps,"Jamie Cripps",34,SF,60.262767,58.424994,1
bradley-close,"Bradley Close",28,SF,66.698709,61.853309,1
lincoln-mccarthy,"Lincoln McCarthy",33,SF,58.031719,56.220459,1
liam-henry,"Liam Henry",25,SF,58.410044,57.003303,1
finn-maginness,"Finn Maginness",25,SF,53.610507,54.523858,0
bobby-hill,"Bobby Hill",26,SF,64.495963,62.006745,1
sam-wicks,"Sam Wicks",27,SD,70.908080,67.354324,1
hunter-clark,"Hunter Clark",27,SD,69.664996,66.667385,1
harry-morrison,"Harry Morrison",28,MID,78.660308,74.000527,1
toby-pink,"Toby Pink",28,KPD,64.904688,58.436868,1
mark-o-connor,"Mark O'Connor",29,SD,70.408910,69.309729,1
ben-mckay,"Ben McKay",29,KPD,57.483761,56.280241,1
nathan-broad,"Nathan Broad",33,SD,69.748273,68.825815,1
jack-martin,"Jack Martin",32,SF,61.815623,59.357039,1
aidan-corr,"Aidan Corr",32,KPD,61.418313,59.593594,1
jaeger-o-meara,"Jaeger O'Meara",33,MID,67.005897,64.780584,1
mark-blicavs,"Mark Blicavs",35,MID,71.550174,73.858483,0
rhys-stanley,"Rhys Stanley",36,RUCK,84.426136,73.548843,1
hugo-ralphsmith,"Hugo Ralphsmith",25,MID,76.377343,73.726598,1
jy-farrar,"Jy Farrar",30,KPF,55.626964,53.631005,1
malcolm-rosas,"Malcolm Rosas",25,SF,64.781264,58.741721,1
laitham-vandermeer,"Laitham Vandermeer",27,SF,49.754671,51.298014,0
lachlan-sholl,"Lachlan Sholl",26,MID,84.433345,76.721566,1
caleb-graham,"Caleb Graham",26,KPD,64.698773,57.058396,1
callum-coleman-jones,"Callum Coleman-Jones",27,KPF,55.536549,52.524593,1
charlie-spargo,"Charlie Spargo",27,SF,49.552144,50.717682,0
oskar-baker,"Oskar Baker",28,SF,62.780693,58.371736,1
ben-long,"Ben Long",29,SF,60.358611,58.949368,1
jade-gresham,"Jade Gresham",29,SF,60.528237,57.930601,1
ryan-gardner,"Ryan Gardner",29,KPD,56.338321,53.307528,1
conor-mckenna,"Conor McKenna",30,SF,63.585561,57.935078,1
darcy-gardiner,"Darcy Gardiner",31,KPD,58.587982,55.831308,1
jake-kolodjashnij,"Jake Kolodjashnij",31,KPD,58.989670,57.246225,1
jeremy-sharp,"Jeremy Sharp",25,MID,74.588108,69.742834,1
liam-stocker,"Liam Stocker",26,SD,67.398742,64.484605,1
bailey-scott,"Bailey Scott",26,MID,68.896855,61.230153,1
noah-answerth,"Noah Answerth",27,SD,69.227361,65.035619,1
matt-owies,"Matt Owies",29,SF,54.395664,49.319927,1
brandon-starcevich,"Brandon Starcevich",27,SD,63.162353,59.973579,1
liam-ryan,"Liam Ryan",30,SF,60.428454,59.262368,1
matt-guelfi,"Matt Guelfi",29,SF,55.994652,53.255376,1
bailey-banfield,"Bailey Banfield",28,SF,65.664720,60.056482,1
darragh-joyce,"Darragh Joyce",29,KPD,56.078031,50.496620,1
daniel-butler,"Daniel Butler",30,SF,61.659802,57.842351,1
mason-cox,"Mason Cox",35,KPF,57.693115,52.606637,1
alex-pearce,"Alex Pearce",31,KPD,59.992819,58.738402,1
nicholas-holman,"Nicholas Holman",31,SF,50.861670,49.770166,1
dane-rampe,"Dane Rampe",36,SD,62.707592,63.643254,0
joel-hamling,"Joel Hamling",33,KPF,62.070700,54.099200,1
jed-bews,"Jed Bews",33,SD,57.361963,55.336173,1
harry-cunningham,"Harry Cunningham",33,SD,60.202920,59.854413,1
jake-melksham,"Jake Melksham",35,KPF,62.481606,56.615412,1
steele-sidebottom,"Steele Sidebottom",36,MID,76.144276,70.672264,1
