cell,position,draft_age,pick_1,pick_2,pick_3,pick_4,pick_5,pick_6,pick_7,pick_8,pick_9,pick_10,pick_11,pick_12,pick_13,pick_14,pick_15,pick_16,pick_17,pick_18,pick_19,pick_20,pick_21,pick_22,pick_23,pick_24,pick_25,pick_26,pick_27,pick_28,pick_29,pick_30,pick_31,pick_32,pick_33,pick_34,pick_35,pick_36,pick_37,pick_38,pick_39,pick_40,pick_41,pick_42,pick_43,pick_44,pick_45,pick_46,pick_47,pick_48,pick_49,pick_50,pick_51,pick_52,pick_53,pick_54,pick_55,pick_56,pick_57,pick_58,pick_59,pick_60,pick_61,pick_62,pick_63,pick_64
KPD|16,KPD,16,2494.928,2475.076,2320.733,1941.286,1501.262,1226.83,1203.793,1174.963,1098.952,1092.571,1092.571,1092.571,1041.322,913.422,813.585,793.711,789.8,784.014,778.062,765.396,725.901,682.861,644.36,614.565,592.341,576.672,564.292,554.33,543.587,530.43,516.435,501.61,487.593,476.068,467.099,461.589,457.918,456.113,454.458,452.027,446.954,439.08,429.15,416.107,401.662,387.625,373.993,361.74,350.908,342.538,337.704,329.453,321.77,314.685,306.172,297.262,286.942,275.228,262.148,247.738,233.082,218.226,204.254,191.203
KPD|17,KPD,17,2494.929,2476.615,2326.8,1951.026,1509.772,1232.611,1208.232,1178.58,1101.503,1092.904,1092.904,1092.904,1040.887,913.6,814.609,795.792,793.085,788.545,783.827,772.282,733.523,690.981,652.838,623.347,601.401,586.004,573.867,564.121,553.525,540.423,526.426,511.544,497.456,485.882,476.895,471.419,467.807,466.088,464.509,462.124,457.027,449.052,438.962,425.675,410.943,396.618,382.697,370.179,359.11,350.553,345.611,337.167,329.302,322.045,313.324,304.195,293.621,281.621,268.222,253.463,238.451,223.237,208.929,195.563
KPD|18,KPD,18,2494.929,2477.613,2330.832,1958.137,1516.874,1237.98,1212.358,1181.452,1103.098,1092.841,1092.841,1092.841,1040.537,913.81,815.529,797.598,795.919,792.47,788.871,778.388,740.39,698.424,660.75,631.693,610.166,595.188,583.441,574.057,563.745,550.822,536.929,522.082,507.997,496.437,487.485,482.093,478.581,476.983,475.508,473.191,468.078,459.999,449.737,436.184,421.135,406.491,392.251,379.439,368.105,359.341,354.277,345.618,337.55,330.102,321.152,311.781,300.929,288.614,274.866,259.724,244.325,228.719,214.043,200.335
KPF|16,KPF,16,2224.554,2224.554,1928.643,1592.2,1262.135,1079.005,1079.005,1079.005,1034.828,1027.523,1027.523,1027.523,973.788,856.788,772.313,772.313,772.313,772.313,772.313,772.313,751.412,714.64,679.453,650.538,627.078,608.331,591.149,574.921,556.656,535.103,512.288,488.574,465.839,445.829,428.629,415.031,403.516,394.08,385.228,376.221,365.588,353.316,340.086,325.115,309.777,295.439,282.029,270.211,259.936,251.898,246.804,239.523,232.946,227.058,220.367,213.596,205.989,197.534,188.225,178.06,167.789,157.421,147.718,138.69
KPF|17,KPF,17,2224.833,2224.833,1929.922,1578.336,1249.064,1084.47,1084.47,1084.47,1047.552,1043.864,1043.864,1043.864,991.847,873.388,787.666,787.666,787.666,787.666,787.666,787.666,765.485,727.625,691.415,661.632,637.438,618.073,600.329,583.58,564.788,542.683,519.32,495.069,471.831,451.372,433.775,419.837,408.017,398.31,389.203,379.949,369.066,356.538,343.06,327.84,312.267,297.717,284.119,272.138,261.724,253.574,248.398,241.03,234.38,228.431,221.684,214.862,207.207,198.706,189.351,179.137,168.821,158.41,148.667,139.606
KPF|18,KPF,18,2225.014,2225.014,1932.217,1574.002,1244.367,1089.661,1089.661,1089.661,1057.241,1057.241,1057.241,1057.241,1007.8,888.635,804.364,804.364,804.364,804.364,804.364,804.364,783.834,745.481,708.741,678.53,654.011,634.415,616.459,599.502,580.422,557.91,534.075,509.293,485.521,464.578,446.552,432.265,420.134,410.156,400.773,391.219,379.969,367.011,353.061,337.312,321.193,306.126,292.037,279.612,268.801,260.316,254.888,247.214,240.281,234.073,227.052,219.963,212.029,203.238,193.583,183.063,172.449,161.749,151.742,142.441
MID|16,MID,16,3463.952,3444.713,3334.432,2879.076,2341.731,2124.055,2124.055,2124.055,2069.92,2023.402,1996.995,1976.178,1811.014,1554.073,1363.021,1318.792,1310.243,1306.036,1306.036,1298.465,1245.579,1184.821,1129.071,1085.329,1051.704,1026.592,1004.418,983.898,959.689,929.373,896.241,860.799,826.294,795.846,769.684,749.323,732.107,718.089,704.586,690.264,672.433,651.071,627.463,600.201,571.874,545.064,519.696,497.037,477.036,460.983,450.176,435.262,421.551,409.028,395.032,380.893,365.3,348.28,329.868,310.104,290.337,270.598,252.205,235.163
MID|17,MID,17,3473.149,3447.24,3330.007,2871.759,2335.279,2123.808,2123.808,2123.808,2076.019,2031.515,2006.578,1986.701,1821.042,1562.427,1369.58,1323.884,1313.62,1307.171,1305.442,1295.39,1240.503,1178.086,1120.999,1076.173,1041.679,1015.886,993.236,972.433,948.172,918.039,885.262,850.315,816.378,786.512,760.93,741.118,724.443,710.953,697.986,684.213,666.959,646.19,623.17,596.493,568.722,542.424,517.524,495.287,475.667,459.956,449.456,434.836,421.394,409.12,395.349,381.415,366.004,349.139,330.855,311.191,291.5,271.814,253.457,236.44
MID|18,MID,18,3484.6,3448.898,3327.075,2866.536,2330.459,2123.155,2123.155,2123.155,2079.664,2036.645,2012.874,1993.826,1828.007,1568.356,1374.315,1327.605,1316.096,1308.134,1304.705,1292.869,1236.357,1172.553,1114.314,1068.52,1033.225,1006.777,983.645,962.529,938.162,908.142,875.643,841.112,807.671,778.329,753.282,733.988,717.836,704.864,692.428,679.204,662.524,642.341,619.9,593.792,566.559,540.754,516.304,494.474,475.222,459.845,449.655,435.318,422.137,410.1,396.542,382.795,367.542,350.804,332.614,313.011,293.354,273.679,255.318,238.286
RUCK|16,RUCK,16,3636.388,3636.388,3557.263,2909.914,2197.179,1789.005,1769.745,1739.647,1619.682,1565.637,1535.086,1514.829,1389.504,1197.312,1057.021,1051.279,1051.279,1051.279,1051.279,1051.279,1051.279,1026.453,1001.296,985.104,976.141,973.023,970.569,967.55,958.698,941.475,919.162,892.378,864.659,839.532,817.532,800.53,785.917,773.911,761.752,748.089,730.078,707.759,682.597,653.132,622.252,592.83,564.839,539.698,517.383,499.311,486.893,470.026,454.47,440.219,424.415,408.504,391.091,372.216,351.929,330.283,308.718,287.27,267.329,248.896
RUCK|17,RUCK,17,3636.388,3636.388,3557.263,2909.914,2197.178,1788.987,1769.658,1739.418,1619.246,1564.911,1534.042,1513.54,1388.246,1196.338,1056.395,1052.002,1052.002,1052.002,1052.002,1052.002,1052.002,1028.684,1003.93,988.147,979.607,976.936,974.939,972.387,963.984,947.168,925.225,898.767,871.346,846.512,824.804,808.113,793.809,782.112,770.234,756.805,738.943,716.683,691.503,661.922,630.863,601.243,573.037,547.692,525.186,506.965,494.466,477.431,461.714,447.308,431.312,415.198,397.546,378.401,357.81,335.832,313.93,292.14,271.878,253.146
RUCK|18,RUCK,18,3636.388,3636.388,3557.263,2909.914,2197.177,1788.959,1769.521,1739.063,1618.58,1563.836,1532.578,1511.9,1386.9,1195.603,1056.269,1053.555,1053.555,1053.555,1053.555,1053.555,1053.555,1031.737,1007.364,991.957,983.785,981.474,979.817,977.583,969.453,952.848,931.075,904.746,877.433,852.713,831.132,814.595,800.456,788.938,777.228,763.941,746.166,723.931,698.725,669.047,637.85,608.082,579.721,554.231,531.594,513.277,500.74,483.597,467.775,453.27,437.144,420.886,403.06,383.709,362.884,340.642,318.468,296.4,275.875,256.897
SD|16,SD,16,2375.575,2375.575,2194.044,1648.939,1189.666,1056.148,1056.148,1056.148,1056.148,1056.148,1056.148,1056.148,1056.148,992.356,889.638,870.567,866.98,860.047,852.073,836.137,790.5,740.783,695.823,660.078,632.24,611.135,593.243,577.644,561.048,541.898,521.951,501.325,481.742,464.88,450.765,440.208,431.601,424.932,418.582,411.719,402.698,391.458,378.734,363.649,347.749,332.602,318.177,305.266,293.86,284.775,278.842,270.284,262.394,255.173,246.965,238.606,229.277,218.992,207.775,195.651,183.471,171.261,159.856,149.269
SD|17,SD,17,2375.77,2375.77,2198.561,1656.486,1193.669,1058.938,1058.938,1058.938,1058.938,1058.938,1058.938,1058.938,1058.938,994.389,892.43,874.504,872.277,866.77,860.224,845.58,800.738,751.53,706.916,671.463,643.885,623.023,605.318,589.851,573.273,554.001,533.838,512.916,493.006,475.836,461.443,450.667,441.865,435.031,428.511,421.458,412.19,400.646,387.583,372.103,355.792,340.255,325.46,312.217,300.515,291.191,285.092,276.312,268.217,260.808,252.393,243.826,234.269,223.739,212.258,199.854,187.395,174.908,163.246,152.421
SD|18,SD,18,2375.892,2375.892,2201.413,1662.371,1198.094,1060.063,1060.063,1060.063,1060.063,1060.063,1060.063,1060.063,1060.063,994.183,892.834,875.622,874.216,869.58,863.919,850.104,805.847,757.066,712.779,677.609,650.284,629.658,612.148,596.834,580.336,561.055,540.82,519.771,499.709,482.392,467.867,456.989,448.098,441.191,434.593,427.448,418.051,406.342,393.09,377.387,360.839,345.077,330.067,316.632,304.761,295.302,289.114,280.208,271.997,264.482,255.948,247.259,237.567,226.889,215.246,202.668,190.034,177.371,165.545,154.567
SF|16,SF,16,2401.853,2401.853,2253.988,1873.566,1527.338,1367.602,1367.602,1367.602,1341.279,1334.151,1334.151,1334.151,1232.29,1056.096,918.85,877.068,856.292,836.703,819.976,798.821,751.986,703.315,660.51,627.279,602.042,583.481,568.112,554.975,540.851,524.184,506.631,488.291,470.839,455.931,443.628,434.762,427.779,422.691,417.904,412.589,405.084,395.301,383.954,370.129,355.372,341.278,327.816,315.811,305.268,297.056,292.071,284.276,277.11,270.582,262.939,255.056,246.053,235.934,224.711,212.402,199.922,187.301,175.457,164.415
SF|17,SF,17,2400.852,2400.852,2256.2,1866.081,1514.956,1354.537,1354.537,1354.537,1329.972,1324.575,1324.575,1324.575,1224.517,1049.926,913.916,872.731,852.342,833.024,816.446,795.358,748.618,699.99,657.163,623.838,598.446,579.679,564.076,550.686,536.321,519.447,501.714,483.227,465.647,450.613,438.179,429.165,422.031,416.788,411.861,406.434,398.87,389.083,377.78,364.061,349.445,335.5,322.194,310.335,299.926,291.817,286.888,279.206,272.15,265.728,258.214,250.471,241.631,231.7,220.686,208.607,196.363,183.979,172.359,161.526
SF|18,SF,18,2400.887,2400.887,2259.594,1860.469,1505.018,1343.761,1343.761,1343.761,1320.066,1315.409,1315.409,1315.409,1216.418,1043.154,908.172,867.363,847.168,827.979,811.453,790.392,743.8,695.312,652.576,619.275,593.85,575.001,559.295,545.79,531.328,514.393,496.627,478.135,460.561,445.525,433.08,424.032,416.857,411.563,406.595,401.145,393.599,383.874,372.665,359.085,344.633,330.853,317.712,306.005,295.735,287.739,282.883,275.317,268.372,262.054,254.663,247.047,238.352,228.58,217.739,205.847,193.79,181.594,170.149,159.479
KPD|19,KPD,19,2494.929,2478.258,2333.425,1962.848,1521.906,1241.942,1215.237,1183.118,1103.868,1093.722,1093.722,1093.722,1042.81,916.817,819.265,802.423,802.034,799.971,797.841,788.794,751.81,710.651,673.687,645.345,624.552,610.336,599.318,590.619,580.858,568.294,554.618,539.847,525.763,514.204,505.269,499.958,496.541,495.061,493.667,491.36,486.115,477.761,467.113,453.028,437.372,422.125,407.29,393.933,382.107,372.945,367.623,358.571,350.132,342.339,332.989,323.208,311.895,299.072,284.769,269.028,253.029,236.823,221.586,207.357
KPD|20,KPD,20,2494.929,2478.672,2335.075,1965.845,1525.179,1244.494,1217.051,1184.892,1107.301,1105.361,1105.361,1105.361,1061.798,936.18,838.732,825.576,825.576,825.576,825.576,820.736,785.498,745.669,709.922,682.936,663.631,651.033,641.573,634.322,625.646,613.654,600.157,585.187,570.693,558.705,549.364,543.788,540.122,538.433,536.726,533.932,527.872,518.382,506.371,490.62,473.174,456.187,439.668,424.774,411.561,401.247,395.086,384.943,375.487,366.754,356.384,345.585,333.181,319.199,303.676,286.658,269.401,251.959,235.582,220.306
KPD|21,KPD,21,2494.929,2478.938,2336.121,1967.724,1527.261,1246.389,1220.542,1195.412,1144.505,1144.505,1144.505,1144.505,1112.756,982.38,881.468,878.3,878.3,878.3,878.3,878.3,856.043,820.099,787.564,763.522,746.902,736.792,729.339,723.624,715.608,703.198,688.537,671.729,655.081,640.982,629.64,622.372,617.076,613.85,610.439,605.661,597.087,584.594,569.265,549.786,528.502,507.849,487.847,469.778,453.695,440.923,432.81,420.43,408.909,398.277,385.971,373.307,359.018,343.141,325.722,306.814,287.763,268.621,250.71,234.057
KPD|22,KPD,22,2494.929,2479.109,2336.785,1968.948,1529.095,1250.972,1238.776,1237.48,1192.644,1192.644,1192.644,1192.644,1146.073,1008.292,902.867,902.867,902.867,902.867,902.867,902.867,892.462,859.405,827.862,802.998,784.059,770.684,759.416,749.761,737.859,721.782,703.861,684.239,665.246,649.245,636.369,627.867,621.548,617.453,613.267,607.769,598.5,585.324,569.322,549.181,527.253,505.974,485.365,466.705,450.042,436.69,427.97,415.056,403.026,391.908,379.185,366.158,351.591,335.527,318.018,299.122,280.154,261.163,243.43,226.976
KPD|23,KPD,23,2494.929,2479.219,2337.214,1970.102,1533.788,1280.289,1280.289,1280.289,1213.928,1212.018,1212.018,1212.018,1154.303,1013.967,906.909,906.117,906.117,906.117,906.117,906.117,889.774,850.562,811.905,780.088,755.119,736.87,721.931,709.613,696.041,679.227,661.231,642.077,623.868,608.751,596.801,589.157,583.736,580.557,577.422,573.152,565.393,553.969,539.858,521.772,501.906,482.558,463.739,446.67,431.405,419.213,411.38,399.432,388.25,377.873,365.879,353.53,339.637,324.249,307.422,289.219,270.918,252.571,235.426,219.505
KPD|24,KPD,24,2494.929,2479.288,2337.551,1972.873,1553.157,1312.607,1312.607,1298.163,1222.69,1217.113,1217.113,1217.113,1158.331,1018.023,911.441,910.14,910.14,910.14,910.14,910.14,878.867,831.443,786.522,750.652,723.39,703.954,688.54,676.13,662.813,646.576,629.318,611.033,593.709,579.389,568.147,561.073,556.194,553.535,551.008,547.489,540.719,530.515,517.789,501.277,483.058,465.318,448.056,432.438,418.516,407.518,400.707,389.828,379.625,370.136,358.986,347.407,334.23,319.501,303.274,285.614,267.786,249.852,233.053,217.42
KPD|25,KPD,25,2494.929,2479.333,2338.097,1984.009,1594.693,1326.145,1319.159,1302.119,1225.604,1220.158,1220.158,1220.158,1163.239,1024.157,918.905,914.206,914.206,914.206,914.206,908.421,862.511,810.732,763.936,727.618,700.564,681.529,666.562,654.551,641.652,625.898,609.126,591.336,574.465,560.498,549.515,542.578,537.786,535.17,532.717,529.35,522.889,513.161,501.045,485.318,467.982,451.149,434.812,420.098,407.051,396.868,390.782,380.738,371.352,362.654,352.311,341.515,329.108,315.121,299.596,282.587,265.342,247.92,231.556,216.29
KPD|26,KPD,26,2494.929,2479.364,2339.964,2023.242,1606.177,1327.552,1320.685,1303.483,1226.985,1223.489,1223.489,1223.489,1170.516,1033.246,929.052,917.995,917.995,917.359,910.764,894.046,845.498,793.339,747.2,711.78,685.554,667.161,652.687,641.033,628.437,612.986,596.492,578.967,562.319,548.499,537.59,530.633,525.772,523.039,520.47,517.016,510.555,500.921,488.982,473.545,456.569,440.116,424.178,409.856,397.192,387.353,381.546,371.907,362.938,354.669,344.813,334.531,322.681,309.284,294.371,277.983,261.338,244.487,228.646,213.852
KPD|27,KPD,27,2494.928,2479.416,2347.901,2060.852,1604.268,1327.774,1321.164,1304.193,1228.369,1228.369,1228.369,1228.369,1181.192,1045.156,939.52,922.196,918.609,909.212,898.286,879.941,831.851,780.865,735.941,701.51,676.021,658.142,644.032,632.625,620.227,604.962,588.632,571.259,554.731,540.98,530.091,523.091,518.149,515.298,512.604,509.033,502.502,492.85,480.937,465.593,448.749,432.433,416.64,402.45,389.905,380.15,374.368,364.842,355.994,347.852,338.173,328.097,316.503,303.411,288.847,272.85,256.61,240.174,224.732,210.319
KPD|28,KPD,28,2494.946,2479.895,2381.556,2057.74,1603.42,1327.787,1321.457,1305.09,1234.519,1234.519,1234.519,1234.519,1195.141,1057.114,945.289,920.364,910.638,898.251,886.732,869.033,822.27,772.565,728.673,694.99,670.027,652.501,638.633,627.387,615.115,599.966,583.736,566.454,549.999,536.287,525.404,518.37,513.369,510.434,507.648,503.989,497.395,487.711,475.788,460.476,443.684,427.421,411.681,397.532,385.015,375.259,369.43,359.912,351.07,342.931,333.286,323.261,311.751,298.778,284.37,268.565,252.536,236.329,221.113,206.921
KPD|29,KPD,29,2505.94,2505.94,2394.742,2054.531,1603.052,1327.807,1322.0,1306.687,1243.443,1243.443,1243.443,1243.443,1209.131,1063.383,942.953,912.531,900.786,888.578,878.037,861.479,815.928,767.206,724.043,690.87,666.256,648.96,635.248,624.106,611.913,596.838,580.67,563.446,547.035,533.347,522.468,515.411,510.372,507.383,504.537,500.82,494.182,484.473,472.54,457.24,440.474,424.235,408.518,394.383,381.87,372.098,366.219,356.686,347.824,339.662,330.011,319.987,308.5,295.57,281.23,265.517,249.593,233.503,218.404,204.326
KPD|30,KPD,30,2512.668,2512.668,2342.332,2052.4,1602.311,1328.067,1323.021,1309.454,1254.806,1254.806,1254.806,1254.806,1216.541,1060.535,935.065,903.471,892.411,881.445,872.071,856.491,811.825,763.779,721.102,688.262,663.873,646.725,633.114,622.037,609.895,594.866,578.739,561.551,545.168,531.495,520.619,513.549,508.486,505.462,502.578,498.824,492.159,482.433,470.492,455.199,438.447,422.222,406.518,392.389,379.875,370.088,364.174,354.625,345.745,337.561,327.898,317.867,306.384,293.472,279.163,263.498,247.63,231.605,216.568,202.553
KPF|19,KPF,19,2225.131,2225.131,1934.332,1574.294,1244.11,1093.85,1093.85,1093.85,1067.574,1067.574,1067.574,1067.574,1023.196,904.322,825.08,825.08,825.08,825.08,825.08,825.08,809.642,771.338,734.512,704.301,679.882,660.496,642.748,625.98,606.929,584.215,560.027,534.753,510.442,489.011,470.56,455.968,443.576,433.384,423.754,413.877,402.142,388.539,373.83,357.166,340.069,324.051,309.041,295.771,284.192,275.059,269.145,260.85,253.333,246.578,238.969,231.293,222.736,213.291,202.955,191.731,180.429,169.06,158.438,148.574
KPF|20,KPF,20,2225.207,2225.207,1935.955,1576.02,1245.393,1097.042,1097.042,1097.042,1077.273,1077.273,1077.273,1077.273,1040.472,922.998,852.935,852.935,852.935,852.935,852.935,852.935,846.606,808.97,772.603,742.958,719.239,700.699,683.773,667.767,649.197,626.549,602.142,576.371,551.439,529.424,510.457,495.514,482.811,472.365,462.4,452.041,439.532,424.869,408.894,390.689,371.934,354.297,337.713,322.992,310.088,299.83,293.057,283.677,275.135,267.417,258.773,250.064,240.417,229.831,218.314,205.874,193.39,180.874,169.2,158.374
KPF|21,KPF,21,2225.255,2225.255,1937.105,1577.805,1246.875,1099.525,1099.525,1099.525,1088.056,1088.056,1088.056,1088.056,1062.543,947.527,891.218,891.218,891.218,891.218,891.218,891.218,891.218,860.521,825.195,796.664,774.103,756.722,740.675,725.195,706.482,682.879,656.926,629.098,601.855,577.527,556.311,539.312,524.621,512.283,500.397,488.04,473.349,456.358,438.004,417.332,396.163,376.28,357.613,341.011,326.41,314.667,306.636,295.929,286.156,277.295,267.53,257.756,247.077,235.502,223.044,209.723,196.437,183.198,170.888,159.505
KPF|22,KPF,22,2225.287,2225.287,1937.887,1579.235,1248.114,1101.773,1101.773,1101.773,1101.773,1101.773,1101.773,1101.773,1092.324,980.094,938.215,938.215,938.215,938.215,938.215,938.215,938.215,918.766,882.426,851.613,825.254,802.516,779.542,755.962,728.373,695.713,661.136,625.494,591.434,561.266,535.084,513.809,495.473,480.001,465.512,451.089,434.97,417.167,398.512,378.107,357.574,338.482,320.717,305.0,291.235,280.152,272.476,262.511,253.456,245.276,236.356,227.482,217.855,207.481,196.368,184.526,172.745,161.03,150.152,140.105
KPF|23,KPF,23,2225.307,2225.307,1938.407,1580.271,1249.043,1115.666,1115.666,1115.666,1115.666,1115.666,1115.666,1115.666,1115.666,1019.395,976.897,976.897,976.897,976.897,976.897,976.897,976.897,924.283,865.331,812.246,766.61,728.841,695.519,665.819,635.981,604.31,572.822,541.634,512.572,487.309,465.724,448.503,433.863,421.707,410.362,399.003,386.052,371.497,356.061,338.93,321.548,305.331,290.19,276.794,265.073,255.711,249.396,240.926,233.229,226.281,218.597,210.901,202.454,193.257,183.314,172.633,161.952,151.277,141.338,132.134
KPF|24,KPF,24,2225.319,2225.319,1938.747,1580.984,1249.716,1134.688,1134.688,1134.688,1134.688,1134.688,1134.688,1134.688,1134.688,1057.417,970.745,970.745,970.745,970.745,956.374,925.808,864.142,801.813,747.567,704.883,671.388,645.251,622.44,601.866,580.088,555.598,530.344,504.565,480.094,458.64,440.215,425.577,413.122,402.817,393.112,383.241,371.706,358.497,344.321,328.394,312.122,296.888,282.621,269.985,258.924,250.119,244.256,236.249,228.968,222.393,215.067,207.704,199.575,190.682,181.029,170.623,160.193,149.748,140.01,130.983
KPF|25,KPF,25,2225.328,2225.328,1938.969,1581.464,1250.214,1155.432,1155.432,1155.432,1155.432,1155.432,1155.432,1155.432,1155.432,1066.895,939.796,894.65,870.749,853.189,842.325,828.323,787.093,742.099,701.112,668.209,642.001,621.368,602.858,585.691,566.707,544.551,521.22,497.032,473.861,453.454,435.879,421.928,410.045,400.221,390.93,381.423,370.214,357.297,343.378,327.679,311.603,296.537,282.413,269.897,258.939,250.224,244.441,236.503,229.282,222.76,215.479,208.152,200.053,191.181,181.539,171.138,160.705,150.252,140.504,131.466
KPF|26,KPF,26,2225.333,2225.333,1939.112,1581.784,1250.616,1162.685,1162.685,1162.685,1162.685,1162.685,1162.685,1162.685,1137.437,961.545,837.031,808.543,804.637,804.637,804.637,801.752,768.666,729.585,692.738,662.697,638.496,619.297,601.835,585.443,567.036,545.303,522.276,498.299,475.273,454.967,437.463,423.566,411.723,401.93,392.66,383.161,371.943,359.001,345.044,329.293,313.159,298.034,283.852,271.284,260.28,251.528,245.722,237.748,230.493,223.94,216.624,209.26,201.12,192.201,182.509,172.052,161.564,151.055,141.255,132.167
KPF|27,KPF,27,2225.338,2225.338,1939.207,1582.001,1250.994,1146.359,1146.359,1146.359,1146.359,1146.359,1146.359,1135.331,1041.008,900.668,799.919,794.269,794.269,794.269,794.269,794.269,769.094,731.142,694.956,665.305,641.331,622.263,604.863,588.485,570.044,548.233,525.103,501.005,477.854,457.432,439.824,425.84,413.921,404.06,394.725,385.161,373.868,360.843,346.8,330.954,314.724,299.51,285.246,272.604,261.536,252.731,246.887,238.865,231.567,224.975,217.616,210.211,202.026,193.06,183.318,172.809,162.269,151.709,141.861,132.73
KPF|28,KPF,28,2225.422,2225.422,1939.606,1582.449,1251.711,1135.56,1135.56,1135.56,1135.56,1106.862,1089.624,1087.236,1013.097,887.383,795.712,795.712,795.712,795.712,795.712,795.712,772.688,734.683,698.378,668.595,644.494,625.309,607.792,591.298,572.731,550.779,527.502,503.258,479.968,459.423,441.708,427.635,415.637,405.71,396.312,386.685,375.325,362.229,348.112,332.189,315.882,300.597,286.267,273.568,262.448,253.601,247.726,239.668,232.336,225.713,218.322,210.885,202.666,193.665,183.887,173.339,162.762,152.165,142.283,133.121
KPF|29,KPF,29,2242.395,2242.395,1961.992,1618.029,1310.487,1147.534,1147.534,1147.534,1100.056,1073.165,1073.165,1073.165,1010.829,888.284,798.621,798.621,798.621,798.621,798.621,798.621,775.751,737.546,701.046,671.096,646.852,627.546,609.918,593.32,574.646,552.581,529.192,504.836,481.442,460.806,443.011,428.872,416.817,406.84,397.396,387.725,376.317,363.17,349.002,333.024,316.664,301.33,286.955,274.215,263.06,254.184,248.288,240.204,232.849,226.205,218.792,211.333,203.092,194.067,184.264,173.69,163.088,152.467,142.562,133.38
KPF|30,KPF,30,2308.021,2308.021,2093.251,1752.256,1392.141,1176.01,1176.01,1147.625,1076.75,1069.381,1069.381,1069.381,1013.092,890.848,801.004,801.004,801.004,801.004,801.004,801.004,777.883,739.517,702.868,672.792,648.443,629.049,611.341,594.67,575.922,553.778,530.312,505.88,482.416,461.718,443.87,429.687,417.593,407.583,398.108,388.406,376.967,363.786,349.584,333.57,317.175,301.808,287.403,274.637,263.459,254.564,248.654,240.553,233.182,226.525,219.097,211.625,203.368,194.328,184.509,173.918,163.299,152.662,142.743,133.547
MID|19,MID,19,3494.674,3449.973,3325.16,2862.987,2327.1,2122.393,2122.393,2122.393,2081.372,2039.09,2015.829,1997.081,1831.061,1570.778,1375.989,1328.503,1316.0,1306.83,1302.031,1288.761,1231.009,1166.165,1107.067,1060.55,1024.658,997.732,974.274,952.983,928.634,898.837,866.714,832.687,799.822,771.082,746.645,727.951,712.401,700.031,688.209,675.61,659.567,640.02,618.195,592.675,565.985,540.672,516.666,495.235,476.344,461.3,451.428,437.364,424.43,412.618,399.247,385.657,370.52,353.858,335.701,316.089,296.393,276.651,258.213,241.097
MID|20,MID,20,3502.145,3450.668,3323.919,2860.636,2324.823,2121.141,2121.141,2121.141,2079.708,2036.097,2011.011,1990.212,1822.813,1562.113,1367.11,1318.77,1305.269,1295.131,1289.378,1275.305,1217.341,1152.543,1093.61,1047.283,1011.615,984.953,961.86,941.04,917.318,888.313,857.084,824.021,792.139,764.354,740.839,723.02,708.32,696.771,685.754,673.939,658.656,639.826,618.661,593.731,567.558,542.693,519.071,497.973,479.371,464.59,454.977,441.099,428.322,416.642,403.354,389.812,374.677,357.97,339.723,319.977,300.123,280.201,261.581,244.285
MID|21,MID,21,3507.255,3451.115,3323.117,2859.092,2323.229,2117.377,2117.377,2117.377,2066.612,2013.894,1978.339,1947.621,1776.071,1517.296,1325.257,1277.038,1263.472,1253.775,1248.761,1236.019,1180.958,1119.382,1063.561,1020.036,986.921,962.616,941.807,923.211,901.722,874.946,845.847,814.777,784.697,758.498,736.368,719.743,706.08,695.424,685.169,673.99,659.217,640.771,619.87,595.088,568.964,544.069,520.352,499.108,480.32,465.323,455.468,441.318,428.25,416.266,402.667,388.815,373.38,356.392,337.891,317.927,297.888,277.818,259.076,241.68
MID|22,MID,22,3510.625,3451.403,3322.601,2858.059,2321.817,2103.039,2103.039,2103.039,2012.566,1935.848,1887.347,1855.407,1695.978,1454.455,1275.511,1233.674,1224.552,1218.602,1216.752,1207.012,1155.575,1097.38,1044.521,1003.52,972.624,950.333,931.439,914.672,894.939,869.792,842.104,812.171,782.914,757.218,735.283,718.568,704.556,693.318,682.282,670.163,654.347,634.809,612.806,586.98,559.881,534.068,509.498,487.447,467.888,452.11,441.401,426.604,412.939,400.403,386.4,372.244,356.665,339.7,321.394,301.799,282.233,262.734,244.58,227.777
MID|23,MID,23,3512.812,3451.588,3322.266,2857.27,2319.479,2057.282,2057.282,2057.282,1919.97,1866.777,1846.647,1837.007,1693.621,1461.554,1287.854,1250.3,1244.827,1242.161,1242.161,1234.52,1183.377,1124.754,1071.081,1029.094,997.026,973.359,952.784,934.039,911.988,884.231,853.783,821.015,788.927,760.437,735.737,716.276,699.54,685.615,671.986,657.434,639.453,618.082,594.591,567.691,539.863,513.563,488.718,466.518,446.902,431.064,420.195,405.556,392.103,379.818,366.223,352.558,337.608,321.402,303.975,285.368,266.821,248.363,231.195,215.317
MID|24,MID,24,3514.222,3451.706,3322.041,2856.313,2312.641,2000.855,2000.855,2000.855,1912.988,1882.793,1874.588,1871.683,1728.931,1493.038,1315.334,1276.018,1269.097,1264.581,1263.723,1254.227,1201.019,1140.44,1085.081,1041.718,1008.504,983.852,962.346,942.669,919.585,890.629,858.786,824.379,790.393,759.758,732.732,710.877,691.84,675.85,660.519,644.694,625.917,604.195,580.716,554.155,526.877,501.223,477.08,455.576,436.631,421.397,411.031,396.978,384.079,372.312,359.246,346.09,331.652,315.953,299.027,280.911,262.825,244.796,228.013,212.478
MID|25,MID,25,3515.127,3451.782,3321.858,2854.114,2289.454,1991.126,1991.126,1991.126,1950.57,1921.66,1911.365,1904.641,1755.373,1512.543,1329.929,1288.064,1279.354,1273.406,1271.411,1260.941,1206.725,1145.286,1089.226,1045.305,1011.627,986.559,964.625,944.453,920.734,890.937,858.017,822.321,786.951,755.022,726.995,704.542,685.339,669.525,654.613,639.346,621.199,600.121,577.257,551.276,524.522,499.327,475.585,454.428,435.781,420.805,410.661,396.809,384.087,372.473,359.54,346.498,332.153,316.529,299.658,281.579,263.514,245.495,228.712,213.171
MID|26,MID,26,3515.709,3451.831,3321.616,2847.677,2248.994,2021.159,2021.159,2021.159,1979.227,1944.42,1929.311,1918.791,1765.761,1519.756,1335.118,1292.247,1282.873,1276.426,1274.052,1263.271,1208.735,1147.019,1090.728,1046.599,1012.7,987.343,964.977,944.139,919.438,888.339,853.919,816.803,780.4,748.005,720.069,698.095,679.588,664.532,650.365,635.792,618.282,597.775,575.415,549.875,523.498,498.618,475.139,454.199,435.733,420.906,410.89,397.142,384.506,372.964,360.086,347.087,332.77,317.163,300.296,282.21,264.132,246.092,229.287,213.723
MID|27,MID,27,3516.084,3451.86,3321.154,2830.005,2264.215,2042.025,2042.025,2042.025,1990.746,1952.965,1935.806,1923.821,1769.428,1522.307,1336.97,1293.764,1284.181,1277.587,1275.114,1264.258,1209.632,1147.826,1091.424,1047.13,1012.939,987.065,963.835,941.698,915.323,882.468,846.631,808.785,772.384,740.514,713.368,692.239,674.543,660.217,646.705,632.716,615.733,595.698,573.749,548.569,522.497,497.869,474.597,453.825,435.496,420.779,410.854,397.181,384.606,373.113,360.274,347.305,333.011,317.417,300.558,282.474,264.394,246.348,229.535,213.961
MID|28,MID,28,3516.284,3451.707,3320.737,2816.293,2280.755,2050.341,2050.341,2050.341,1994.945,1956.088,1938.195,1925.687,1770.806,1523.283,1337.698,1294.387,1284.753,1278.137,1275.665,1264.816,1210.166,1148.287,1091.713,1047.054,1012.177,985.144,960.232,936.068,907.81,873.764,837.644,800.277,764.765,733.889,707.688,687.388,670.414,656.709,643.74,630.228,613.672,594.011,572.385,547.482,521.643,497.204,474.087,453.439,435.209,420.572,410.71,397.09,384.558,373.101,360.291,347.344,333.068,317.488,300.638,282.56,264.482,246.437,229.624,214.049
MID|29,MID,29,3532.718,3431.876,3331.084,2823.658,2287.759,2053.433,2053.433,2053.433,1996.545,1957.29,1939.124,1926.422,1771.361,1523.693,1338.027,1294.7,1285.081,1278.499,1276.069,1265.243,1210.537,1148.451,1091.398,1045.821,1009.431,980.317,953.15,927.2,898.144,864.323,829.069,792.827,758.434,728.55,703.198,683.606,667.231,654.032,641.498,628.362,612.132,592.754,571.367,546.667,520.995,496.692,473.684,453.123,434.962,420.38,410.561,396.979,384.477,373.044,360.254,347.324,333.06,317.491,300.649,282.577,264.504,246.462,229.65,214.076
MID|30,MID,30,3538.331,3475.306,3272.538,2829.989,2290.432,2054.628,2054.628,2054.628,1997.18,1957.771,1939.501,1926.73,1771.608,1523.897,1338.221,1294.922,1285.357,1278.838,1276.454,1265.589,1210.632,1147.922,1089.665,1042.173,1003.345,971.903,943.284,917.048,888.647,855.967,821.954,786.875,753.494,724.457,699.808,680.79,664.893,652.09,639.888,627.033,611.043,591.868,570.65,546.092,520.536,496.327,473.392,452.891,434.777,420.232,410.442,396.885,384.403,372.986,360.21,347.291,333.037,317.475,300.64,282.572,264.503,246.464,229.654,214.082
SD|19,SD,19,2375.97,2375.97,2203.197,1666.393,1201.435,1059.371,1059.371,1059.371,1059.371,1059.371,1059.371,1059.371,1059.371,991.759,890.963,874.151,873.146,868.931,863.698,850.306,806.437,757.989,713.988,679.07,651.97,631.545,614.209,599.04,582.647,563.424,543.211,522.149,502.052,484.693,470.122,459.201,450.267,443.319,436.676,429.479,420.018,408.234,394.9,379.106,362.465,346.617,331.526,318.02,306.088,296.58,290.359,281.411,273.161,265.613,257.042,248.317,238.585,227.864,216.175,203.545,190.861,178.146,166.272,155.251
SD|20,SD,20,2376.019,2376.019,2204.298,1668.845,1203.324,1056.991,1056.991,1056.991,1056.991,1056.991,1056.991,1056.991,1056.991,986.902,886.663,869.997,869.044,864.876,859.683,846.371,802.731,754.544,710.788,676.075,649.136,628.827,611.57,596.443,580.066,560.84,540.599,519.49,499.325,481.869,467.174,456.102,446.999,439.866,433.036,425.661,416.049,404.15,390.733,374.901,358.255,342.415,327.345,313.859,301.945,292.438,286.186,277.256,269.028,261.501,252.978,244.314,234.669,224.061,212.51,200.045,187.535,175.004,163.305,152.451
SD|21,SD,21,2376.049,2376.049,2204.951,1670.04,1203.838,1053.594,1053.594,1053.594,1053.594,1053.594,1053.594,1053.594,1053.594,979.665,880.061,863.446,862.435,858.257,853.11,839.972,796.797,749.144,705.893,671.589,644.948,624.814,607.613,592.42,575.876,556.402,535.836,514.343,493.738,475.78,460.527,448.829,439.057,431.213,423.666,415.594,405.36,392.937,379.09,362.965,346.125,330.139,314.97,301.395,289.392,279.75,273.266,264.268,255.983,248.406,239.924,231.347,221.883,211.549,200.368,188.366,176.363,164.378,153.213,142.87
SD|22,SD,22,2376.069,2376.069,2205.293,1670.173,1203.263,1051.026,1051.026,1051.026,1051.026,1051.026,1051.026,1051.026,1051.026,972.837,874.973,860.919,860.919,860.529,858.817,849.113,808.675,763.021,721.132,687.735,661.641,641.777,624.564,609.121,592.05,571.781,550.25,527.67,505.933,486.865,470.536,457.817,447.043,438.219,429.688,420.624,409.388,395.971,381.165,364.13,346.452,329.705,313.85,299.657,287.094,276.934,269.949,260.528,251.861,243.939,235.174,226.366,216.736,206.306,195.098,183.14,171.229,159.38,148.366,138.186
SD|23,SD,23,2376.08,2376.08,2205.396,1669.299,1202.234,1053.67,1053.67,1053.67,1053.67,1053.67,1053.67,1053.67,1053.67,986.301,900.697,900.697,900.697,900.697,900.697,893.742,850.133,800.898,755.741,719.704,691.543,670.108,651.634,635.172,617.158,595.929,573.483,550.013,527.475,507.753,490.908,477.839,466.806,457.806,449.106,439.838,428.281,414.421,399.085,381.388,362.991,345.545,329.011,314.198,301.076,290.458,283.157,273.289,264.202,255.887,246.681,237.422,227.298,216.33,204.545,191.974,179.452,166.998,155.421,144.721
SD|24,SD,24,2376.087,2376.087,2205.281,1667.375,1202.184,1074.946,1074.946,1074.946,1074.946,1074.946,1074.946,1074.946,1074.946,1055.373,955.156,940.126,940.126,936.607,931.723,918.012,871.331,819.561,772.409,734.867,705.557,683.237,664.026,646.935,628.319,606.483,583.455,559.433,536.402,516.276,499.114,485.828,474.646,465.567,456.825,447.537,435.946,422.033,406.63,388.83,370.315,352.766,336.138,321.257,308.092,297.478,290.251,280.38,271.295,262.987,253.747,244.434,234.209,223.093,211.112,198.294,185.502,172.756,160.895,149.92
SD|25,SD,25,2376.089,2376.089,2204.923,1664.377,1205.525,1117.578,1117.578,1117.578,1117.578,1117.578,1117.578,1117.578,1117.578,1092.768,978.457,956.838,953.046,946.264,938.778,922.686,873.694,819.849,770.841,731.608,700.723,676.915,656.32,637.961,618.254,595.559,571.888,547.441,524.156,503.887,486.669,473.371,462.247,453.278,444.734,435.743,424.581,411.215,396.44,379.355,361.586,344.761,328.833,314.602,302.038,291.961,285.196,275.82,267.198,259.323,250.507,241.597,231.76,221.015,209.382,196.888,184.387,171.902,160.267,149.487
SD|26,SD,26,2376.088,2376.088,2204.245,1660.618,1214.137,1158.271,1158.271,1158.271,1158.271,1158.271,1158.271,1158.271,1158.271,1091.765,970.617,943.625,934.989,923.836,912.334,892.833,842.039,787.256,737.787,698.262,667.211,643.33,622.875,604.866,585.862,564.261,541.927,519.002,497.28,478.49,462.64,450.544,440.532,432.58,425.029,417.037,406.945,394.704,381.066,365.155,348.528,332.755,317.792,304.419,292.615,283.182,276.929,268.112,259.999,252.586,244.23,235.757,226.355,216.04,204.832,192.757,180.651,168.537,157.235,146.754
SD|27,SD,27,2376.083,2376.083,2203.089,1657.355,1226.668,1171.03,1171.03,1171.03,1171.03,1171.03,1171.03,1171.03,1171.03,1041.299,922.088,894.153,884.633,873.469,862.536,844.466,797.088,746.087,700.183,663.725,635.302,613.675,595.27,579.148,562.0,542.274,521.74,500.529,480.371,462.944,448.274,437.165,428.014,420.807,413.94,406.597,397.158,385.574,372.578,357.314,341.304,326.09,311.632,298.703,287.285,278.173,272.167,263.625,255.759,248.567,240.436,232.177,222.992,212.896,201.91,190.058,178.168,166.26,155.145,144.834
SD|28,SD,28,2376.17,2376.17,2201.198,1657.346,1239.48,1144.73,1144.73,1144.73,1144.73,1144.73,1144.73,1144.73,1125.881,987.715,878.779,855.882,850.069,842.203,834.129,818.763,774.576,726.463,682.98,648.452,621.581,601.21,583.879,568.69,552.41,533.514,513.75,493.249,473.725,456.842,442.634,431.906,423.081,416.153,409.538,402.432,393.232,381.889,369.13,354.105,338.326,323.319,309.051,296.287,285.013,276.017,270.098,261.656,253.881,246.77,238.722,230.543,221.441,211.432,200.535,188.776,176.975,165.155,154.121,143.884
SD|29,SD,29,2379.317,2379.317,2242.198,1681.306,1254.62,1105.326,1105.326,1105.326,1105.326,1105.326,1105.326,1105.326,1094.124,964.275,860.98,840.862,836.952,830.621,823.78,809.504,766.521,719.469,676.856,643.014,616.685,596.75,579.79,564.92,548.936,530.326,510.826,490.571,471.267,454.571,440.523,429.925,421.212,414.378,407.85,400.824,391.706,380.448,367.773,352.834,337.138,322.207,308.007,295.303,284.082,275.128,269.239,260.834,253.091,246.009,237.992,229.843,220.772,210.796,199.934,188.212,176.448,164.664,153.663,143.456
SD|30,SD,30,2374.571,2374.571,2199.751,1727.269,1232.726,1076.7,1076.7,1076.7,1076.7,1076.7,1076.7,1076.7,1076.7,955.933,854.676,835.55,832.307,826.507,820.088,806.183,763.616,716.93,674.618,641.013,614.872,595.087,578.255,563.496,547.615,529.106,509.701,489.535,470.31,453.682,439.693,429.142,420.469,413.669,407.171,400.175,391.088,379.861,367.217,352.311,336.647,321.745,307.572,294.892,283.69,274.753,268.875,260.484,252.753,245.682,237.677,229.539,220.482,210.519,199.672,187.965,176.215,164.446,153.46,143.265
SF|19,SF,19,2403.068,2403.068,2262.871,1856.857,1497.992,1335.274,1335.274,1335.274,1310.47,1303.889,1303.889,1303.889,1204.04,1032.0,898.081,857.414,837.172,817.943,801.356,780.298,734.056,685.975,643.605,610.571,585.333,566.603,550.996,537.581,523.248,506.503,488.963,470.728,453.415,438.618,426.383,417.505,410.481,405.319,400.485,395.185,387.825,378.322,367.358,354.057,339.895,326.392,313.516,302.053,292.003,284.197,279.489,272.103,265.326,259.167,251.943,244.493,235.969,226.373,215.712,204.002,192.12,180.091,168.799,158.268
SF|20,SF,20,2406.389,2406.389,2265.393,1854.657,1493.165,1327.403,1327.403,1327.403,1297.311,1284.125,1283.516,1281.756,1178.463,1007.769,875.185,834.005,812.968,793.134,776.055,754.818,709.403,662.399,621.069,588.884,564.328,546.141,531.046,518.139,504.41,488.411,471.688,454.328,437.879,423.875,412.359,404.097,397.638,392.989,388.664,383.887,377.107,368.233,357.922,345.314,331.84,318.984,306.715,295.802,286.251,278.879,274.533,267.542,261.133,255.317,248.435,241.312,233.111,223.831,213.477,202.061,190.451,178.673,167.603,157.269
SF|21,SF,21,2409.547,2409.547,2267.135,1853.261,1489.533,1316.886,1316.886,1316.886,1273.959,1253.79,1246.751,1238.936,1133.405,964.298,833.268,790.403,767.304,745.887,727.51,705.607,661.483,616.271,576.692,545.909,522.46,505.139,490.886,478.842,466.206,451.614,436.464,420.807,406.052,393.601,383.483,376.406,371.019,367.325,363.936,360.117,354.404,346.696,337.6,326.292,314.114,302.468,291.327,281.426,272.778,266.169,262.42,256.112,250.333,245.093,238.802,232.251,224.633,215.944,206.188,195.373,184.339,173.111,162.541,152.658
SF|22,SF,22,2412.0,2412.0,2268.276,1852.182,1485.898,1300.415,1300.415,1300.415,1244.888,1222.943,1214.124,1204.292,1100.005,935.271,808.444,767.497,745.606,724.898,706.57,684.28,640.073,594.678,554.751,523.423,499.327,481.325,466.503,454.047,441.289,426.921,412.237,397.243,383.228,371.474,361.981,355.393,350.417,347.046,343.958,340.455,335.145,327.931,319.383,308.724,297.224,286.211,275.662,266.277,258.068,251.78,248.19,242.177,236.659,231.648,225.642,219.391,212.133,203.866,194.595,184.33,173.863,163.22,153.204,143.842
SF|23,SF,23,2413.735,2413.735,2268.994,1850.919,1480.438,1283.222,1283.222,1283.222,1229.03,1207.276,1198.303,1190.375,1091.35,932.513,809.888,771.664,751.365,731.262,712.802,689.792,644.339,597.532,556.2,523.555,498.263,479.204,463.486,450.299,436.987,422.239,407.311,392.178,378.084,366.267,356.705,350.016,344.916,341.388,338.129,334.449,328.986,321.647,313.001,302.288,290.762,279.725,269.156,259.737,251.477,245.103,241.363,235.275,229.68,224.589,218.546,212.278,205.052,196.868,187.733,177.661,167.415,157.022,147.253,138.131
SF|24,SF,24,2414.906,2414.906,2269.406,1848.662,1470.627,1272.187,1272.187,1272.187,1216.529,1193.37,1187.212,1185.303,1092.52,937.33,816.124,778.569,758.322,737.759,718.488,694.372,647.538,599.369,556.822,523.177,497.134,477.585,461.642,448.468,435.371,420.984,406.493,391.822,378.173,366.765,357.565,351.195,346.366,343.068,339.992,336.449,331.068,323.76,315.098,304.324,292.704,281.554,270.857,261.303,252.905,246.393,242.522,236.285,230.54,225.298,219.101,212.681,205.304,196.975,187.704,177.507,167.15,156.659,146.805,137.61
SF|25,SF,25,2415.678,2415.678,2269.549,1843.793,1458.665,1262.766,1262.766,1262.766,1201.951,1187.553,1187.553,1187.553,1100.743,945.342,822.987,784.374,762.754,740.448,719.173,692.963,644.346,595.051,552.25,519.301,494.879,477.719,464.677,454.617,444.539,432.817,420.534,407.567,395.188,384.733,376.249,370.461,366.076,363.127,360.264,356.783,351.249,343.583,334.413,322.946,310.541,298.605,287.13,276.853,267.794,260.726,256.448,249.667,243.407,237.682,230.956,224.002,216.051,207.112,197.197,186.326,175.307,164.167,153.713,143.968
SF|26,SF,26,2416.182,2416.182,2269.334,1833.947,1454.314,1250.629,1250.629,1250.629,1198.912,1195.751,1195.751,1195.751,1108.757,950.144,824.545,782.642,757.478,732.046,709.209,684.416,640.986,599.491,565.43,540.741,523.204,511.23,501.602,493.433,483.88,471.564,458.002,443.324,429.098,416.892,406.817,399.686,394.111,390.132,386.299,381.858,375.281,366.493,356.165,343.459,329.822,316.746,304.214,293.001,283.118,275.376,270.607,263.222,256.411,250.186,242.926,235.448,226.941,217.414,206.882,195.366,183.713,171.95,160.922,150.648
SF|27,SF,27,2416.509,2416.509,2268.402,1821.811,1448.614,1242.943,1242.943,1242.943,1207.649,1201.548,1201.548,1201.548,1104.186,939.857,810.703,768.461,749.282,736.048,728.081,716.489,680.607,641.319,605.891,578.167,557.082,541.688,528.934,518.028,506.027,491.493,475.986,459.604,443.926,430.529,419.48,411.582,405.376,400.884,396.598,391.738,384.729,375.492,364.713,351.533,337.428,323.922,310.994,299.433,289.246,281.258,276.317,268.712,261.702,255.296,247.841,240.168,231.452,221.7,210.929,199.16,187.255,175.243,163.983,153.496
SF|28,SF,28,2416.718,2416.718,2265.677,1815.259,1432.911,1245.024,1245.024,1245.024,1212.563,1196.999,1189.904,1179.902,1081.922,932.008,821.182,794.616,784.667,773.295,762.518,746.111,704.58,660.507,621.422,591.039,568.021,551.218,537.392,525.659,512.974,497.848,481.833,465.009,448.957,435.254,423.96,415.876,409.521,404.91,400.52,395.559,388.436,379.071,368.155,354.821,340.558,326.904,313.837,302.152,291.856,283.781,278.782,271.096,264.012,257.537,250.006,242.256,233.454,223.609,212.737,200.859,188.846,176.725,165.363,154.782
SF|29,SF,29,2425.904,2425.904,2270.567,1800.02,1422.531,1247.635,1247.635,1247.635,1195.103,1180.564,1180.564,1180.564,1117.205,969.157,851.159,818.252,803.101,787.752,774.122,755.611,712.292,666.879,626.822,595.753,572.244,555.087,540.991,529.048,516.179,500.878,484.704,467.731,451.545,437.732,426.347,418.194,411.784,407.13,402.7,397.698,390.523,381.095,370.11,356.694,342.346,328.611,315.467,303.712,293.355,285.231,280.199,272.466,265.339,258.825,251.25,243.454,234.603,224.703,213.772,201.831,189.755,177.571,166.151,155.515
SF|30,SF,30,2434.706,2434.706,2272.865,1882.272,1435.017,1234.41,1234.41,1234.41,1210.628,1210.628,1210.628,1210.628,1141.792,984.826,861.648,826.3,809.685,793.333,779.005,759.952,716.086,670.219,629.805,598.471,574.764,557.459,543.245,531.204,518.243,502.849,486.584,469.521,453.253,439.37,427.926,419.729,413.282,408.599,404.141,399.109,391.898,382.427,371.393,357.921,343.515,329.725,316.528,304.727,294.328,286.17,281.114,273.35,266.193,259.653,252.047,244.222,235.336,225.401,214.431,202.449,190.332,178.107,166.649,155.978
RUCK|19,RUCK,19,3636.388,3636.388,3557.263,2909.915,2197.175,1788.915,1769.31,1738.517,1617.581,1562.306,1530.707,1510.238,1386.217,1196.159,1057.835,1056.956,1056.956,1056.956,1056.956,1056.956,1056.956,1036.199,1012.124,997.026,989.147,987.101,985.659,983.592,975.561,958.982,937.188,910.803,883.426,858.662,837.061,820.546,806.451,795.003,783.366,770.142,752.393,730.143,704.888,675.113,643.79,613.896,585.406,559.802,537.067,518.684,506.132,488.915,473.023,458.453,442.234,425.872,407.914,388.402,367.388,344.929,322.529,300.227,279.479,260.29
RUCK|20,RUCK,20,3636.388,3636.388,3557.263,2909.916,2197.172,1788.847,1768.981,1737.685,1616.123,1560.287,1528.779,1509.626,1387.944,1199.976,1063.368,1063.368,1063.368,1063.368,1063.368,1063.368,1063.368,1042.721,1018.764,1003.811,996.04,994.04,992.55,990.359,982.12,965.26,943.16,916.467,888.813,863.828,842.067,825.463,811.331,799.897,788.304,775.144,757.452,735.244,710.021,680.245,648.907,618.998,590.495,564.888,542.163,523.819,511.353,494.162,478.297,463.755,447.53,431.145,413.127,393.517,372.367,349.731,327.136,304.62,283.664,264.272
RUCK|21,RUCK,21,3636.388,3636.388,3557.263,2909.917,2197.167,1788.74,1768.472,1736.438,1614.109,1558.04,1527.939,1512.263,1394.559,1208.918,1073.332,1073.332,1073.332,1073.332,1073.332,1073.332,1073.332,1052.11,1028.036,1012.842,1004.619,1001.951,999.597,996.418,987.123,969.21,946.137,918.59,890.225,864.676,842.484,825.566,811.22,799.657,788.011,774.859,757.228,735.121,710.024,680.391,649.199,619.435,591.068,565.59,542.983,524.748,512.389,495.28,479.484,464.998,448.809,432.442,414.423,394.792,373.601,350.909,328.245,305.653,284.618,265.148
RUCK|22,RUCK,22,3636.388,3636.388,3557.264,2909.92,2197.159,1788.573,1767.69,1734.627,1611.626,1556.555,1530.397,1520.47,1406.829,1222.041,1086.116,1086.116,1086.116,1086.116,1086.116,1086.116,1086.116,1065.849,1040.801,1023.844,1013.276,1007.989,1002.996,997.365,985.926,966.257,941.827,913.295,884.251,858.247,835.765,818.658,804.209,792.6,780.963,767.875,750.374,728.454,703.579,674.209,643.293,613.787,585.661,560.392,537.962,519.86,507.574,490.581,474.886,460.487,444.402,428.144,410.251,390.767,369.744,347.24,324.771,302.379,281.535,262.245
RUCK|23,RUCK,23,3636.388,3636.388,3557.264,2909.924,2197.147,1788.311,1766.501,1732.16,1609.314,1557.837,1538.055,1533.566,1421.5,1235.403,1101.632,1101.632,1101.632,1101.632,1101.632,1101.632,1101.632,1083.167,1053.691,1031.996,1017.21,1008.552,1001.037,993.615,980.983,960.598,935.797,907.138,878.118,852.214,829.866,812.892,798.578,787.094,775.587,762.638,745.304,723.574,698.904,669.764,639.08,609.794,581.873,556.787,534.52,516.551,504.36,487.49,471.91,457.617,441.648,425.506,407.739,388.39,367.51,345.157,322.837,300.592,279.884,260.719
RUCK|24,RUCK,24,3636.388,3636.388,3557.264,2909.929,2197.128,1787.901,1764.738,1729.233,1608.776,1563.691,1549.583,1547.289,1434.265,1246.289,1120.9,1120.9,1120.9,1120.9,1120.9,1120.9,1120.9,1095.963,1060.932,1035.362,1018.026,1007.703,999.085,990.92,977.797,957.11,932.141,903.415,874.393,848.517,826.216,809.289,795.026,783.594,772.148,759.273,742.037,720.426,695.89,666.902,636.377,607.242,579.465,554.509,532.359,514.488,502.371,485.592,470.097,455.883,439.997,423.938,406.257,386.999,366.213,343.957,321.731,299.579,278.955,259.867
RUCK|25,RUCK,25,3636.388,3636.388,3557.264,2909.938,2197.097,1787.256,1762.249,1726.777,1611.952,1573.039,1560.954,1558.202,1444.139,1256.651,1142.812,1142.812,1142.812,1142.812,1142.812,1142.812,1142.812,1102.266,1063.923,1036.125,1017.241,1005.815,996.412,987.7,974.23,953.365,928.342,899.656,870.729,844.971,822.797,805.987,791.841,780.518,769.183,756.423,739.316,717.847,693.458,664.626,634.256,605.265,577.622,552.786,530.742,512.96,500.912,484.213,468.791,454.644,438.827,422.834,405.223,386.034,365.319,343.135,320.979,298.892,278.329,259.296
RUCK|26,RUCK,26,3636.388,3636.388,3557.265,2909.953,2197.047,1786.243,1759.094,1726.614,1618.721,1582.356,1569.602,1566.908,1456.665,1278.236,1165.535,1165.535,1165.535,1165.535,1165.535,1165.535,1147.326,1102.203,1061.874,1032.816,1013.164,1001.3,991.699,982.954,969.581,948.917,924.147,895.742,867.097,841.6,819.658,803.048,789.079,777.912,766.722,754.101,737.135,715.81,691.562,662.873,632.641,603.774,576.245,551.51,529.554,511.846,499.855,483.221,467.857,453.762,437.999,422.057,404.497,385.361,364.698,342.566,320.46,298.42,277.9,258.906
RUCK|27,RUCK,27,3636.388,3636.388,3557.259,2909.974,2196.964,1784.667,1755.96,1729.992,1626.248,1589.336,1580.48,1580.48,1491.326,1320.316,1186.9,1176.462,1176.462,1176.462,1176.462,1176.462,1142.906,1096.701,1055.961,1026.867,1007.384,995.792,986.524,978.136,965.143,944.87,920.478,892.43,864.105,838.884,817.179,800.765,786.965,775.942,764.882,752.382,735.535,714.327,690.192,661.615,631.488,602.717,575.273,550.613,528.723,511.07,499.122,482.534,467.213,453.157,437.432,421.526,404.003,384.903,364.276,342.181,320.109,298.103,277.612,258.644
RUCK|28,RUCK,28,3636.383,3636.383,3557.148,2909.895,2196.803,1782.312,1754.477,1735.462,1631.982,1609.003,1609.003,1609.003,1539.472,1349.901,1201.197,1173.858,1173.858,1173.858,1173.858,1173.858,1135.442,1089.628,1049.473,1020.988,1002.083,991.013,982.222,974.264,961.67,941.773,917.72,889.976,861.916,836.918,815.4,799.14,785.471,774.558,763.596,751.187,734.427,713.305,689.25,660.753,630.701,601.997,574.613,550.006,528.161,510.546,498.629,482.073,466.781,452.751,437.052,421.172,403.674,384.598,363.996,341.925,319.876,297.892,277.421,258.471
RUCK|29,RUCK,29,3634.129,3634.129,3546.553,2897.243,2164.279,1798.333,1767.844,1748.707,1648.798,1648.798,1648.798,1648.798,1561.392,1356.441,1200.042,1167.791,1166.503,1166.503,1166.503,1166.503,1128.525,1083.558,1044.197,1016.394,998.065,987.473,979.093,971.488,959.21,939.598,915.799,888.278,860.41,835.572,814.187,798.036,784.458,773.623,762.73,750.383,733.684,712.62,688.621,660.179,630.177,601.518,574.175,549.603,527.789,510.2,498.303,481.769,466.496,452.484,436.803,420.939,403.457,384.399,363.813,341.758,319.724,297.754,277.296,258.358
RUCK|30,RUCK,30,3603.94,3603.94,3442.658,2844.364,2178.427,1794.039,1792.422,1775.044,1674.178,1674.178,1674.178,1674.178,1560.988,1350.766,1192.877,1160.139,1159.598,1159.598,1159.598,1159.598,1123.283,1079.095,1040.418,1013.157,995.268,985.034,976.954,969.602,957.547,938.136,914.511,887.144,859.406,834.677,813.382,797.305,783.789,773.006,762.159,749.854,733.195,712.17,688.208,659.801,629.834,601.204,573.889,549.339,527.546,509.974,498.09,481.571,466.311,452.31,436.64,420.788,403.317,384.268,363.693,341.649,319.625,297.665,277.215,258.285
