key,player,draft_year,type,old__by,old__bd,new__by,new__bd,source,staged__by,staged__bd,provenance
adam-cooney,Adam Cooney,2003,ND,,,1985,1985-09-30,staging 2026-07-31,1985,1985-09-30,owner-sheet-186
andrew-walker,Andrew Walker,2003,ND,,,1986,1986-05-18,staging 2026-07-31,1986,1986-05-18,owner-sheet-186
colin-sylvia,Colin Sylvia,2003,ND,,,1985,1985-11-08,staging 2026-07-31,1985,1985-11-08,owner-sheet-186
farren-ray,Farren Ray,2003,ND,,,1986,1986-03-23,staging 2026-07-31,1986,1986-03-23,owner-sheet-186
brock-mclean,Brock McLean,2003,ND,,,1986,1986-03-11,staging 2026-07-31,1986,1986-03-11,owner-sheet-186
kepler-bradley,Kepler Bradley,2003,ND,,,1985,1985-11-13,staging 2026-07-31,1985,1985-11-13,owner-sheet-186
kane-tenace,Kane Tenace,2003,ND,,,1985,1985-07-04,staging 2026-07-31,1985,1985-07-04,owner-sheet-186
raphael-clarke,Raphael Clarke,2003,ND,,,1985,1985-09-24,staging 2026-07-31,1985,1985-09-24,owner-sheet-186
david-trotter,David Trotter,2003,ND,,,1986,1986-03-04,staging 2026-07-31,1986,1986-03-04,owner-sheet-186
ryley-dunn,Ryley Dunn,2003,ND,,,1985,1985-10-07,staging 2026-07-31,1985,1985-10-07,owner-sheet-186
beau-waters,Beau Waters,2003,ND,,,1986,1986-03-30,staging 2026-07-31,1986,1986-03-30,owner-sheet-186
ryan-murphy,Ryan Murphy,2003,ND,,,1985,1985-05-24,staging 2026-07-31,1985,1985-05-24,owner-sheet-186
brent-stanton,Brent Stanton,2003,ND,,,1986,1986-05-01,staging 2026-07-31,1986,1986-05-01,owner-sheet-186
fergus-watts,Fergus Watts,2003,ND,,,1985,1985-09-21,staging 2026-07-31,1985,1985-09-21,owner-sheet-186
troy-chaplin,Troy Chaplin,2003,ND,,,1986,1986-02-23,staging 2026-07-31,1986,1986-02-23,owner-sheet-186
llane-spaanderman,Llane Spaanderman,2003,ND,,,1986,1986-02-10,staging 2026-07-31,1986,1986-02-10,owner-sheet-186
david-mundy,David Mundy,2003,ND,,,1985,1985-07-20,staging 2026-07-31,1985,1985-07-20,owner-sheet-186
sam-butler,Sam Butler,2003,ND,,,1986,1986-01-14,staging 2026-07-31,1986,1986-01-14,owner-sheet-186
cameron-thurley,Cameron Thurley,2003,ND,,,1981,1981-11-26,staging 2026-07-31,1981,1981-11-26,owner-sheet-186
matthew-moody,Matthew Moody,2003,ND,,,1985,1985-09-23,staging 2026-07-31,1985,1985-09-23,owner-sheet-186
chad-jones,Chad Jones,2003,ND,,,1984,1984-06-15,staging 2026-07-31,1984,1984-06-15,owner-sheet-186
harry-miller,Harry Miller,2003,ND,,,1985,1985-06-11,staging 2026-07-31,1985,1985-06-11,owner-sheet-186
daniel-mcconnell,Daniel McConnell,2003,ND,,,1986,1986-06-21,staging 2026-07-31,1986,1986-06-21,owner-sheet-186
adam-campbell,Adam Campbell,2003,ND,,,1985,1985-01-25,staging 2026-07-31,1985,1985-01-25,owner-sheet-186
jay-nash,Jay Nash,2003,ND,,,1985,1985-12-21,staging 2026-07-31,1985,1985-12-21,owner-sheet-186
tim-schmidt,Tim Schmidt,2003,ND,,,1986,1986-03-14,staging 2026-07-31,1986,1986-03-14,owner-sheet-186
brad-symes,Brad Symes,2003,ND,,,1985,1985-03-07,staging 2026-07-31,1985,1985-03-07,owner-sheet-186
jed-adcock,Jed Adcock,2003,ND,,,1985,1985-11-15,staging 2026-07-31,1985,1985-11-15,owner-sheet-186
brent-hall,Brent Hall,2003,ND,,,1986,1986-01-07,staging 2026-07-31,1986,1986-01-07,owner-sheet-186
chris-johnson,Chris Johnson,2003,ND,,,1986,1986-01-25,staging 2026-07-31,1986,1986-01-25,owner-sheet-186
tom-roach,Tom Roach,2003,ND,,,1985,1985-09-02,staging 2026-07-31,1985,1985-09-02,owner-sheet-186
mark-blake,Mark Blake,2003,ND,,,1985,1985-09-09,staging 2026-07-31,1985,1985-09-09,owner-sheet-186
eddie-sansbury,Eddie Sansbury,2003,ND,,,1983,1983-11-26,staging 2026-07-31,1983,1983-11-26,owner-sheet-186
zac-dawson,Zac Dawson,2003,ND,,,1986,1986-02-22,staging 2026-07-31,1986,1986-02-22,owner-sheet-186
matthew-spencer,Matthew Spencer,2003,ND,,,1985,1985-01-17,staging 2026-07-31,1985,1985-01-17,owner-sheet-186
ricky-dyson,Ricky Dyson,2003,ND,,,1985,1985-09-28,staging 2026-07-31,1985,1985-09-28,owner-sheet-186
michael-pettigrew,Michael Pettigrew,2003,ND,,,1985,1985-03-16,staging 2026-07-31,1985,1985-03-16,owner-sheet-186
heath-shaw,Heath Shaw,2003,ND,,,1985,1985-11-27,staging 2026-07-31,1985,1985-11-27,owner-sheet-186
daniel-jackson,Daniel Jackson,2003,ND,,,1986,1986-04-25,staging 2026-07-31,1986,1986-04-25,owner-sheet-186
brent-lecras,Brent LeCras,2003,ND,,,1981,1981-10-12,staging 2026-07-31,1981,1981-10-12,owner-sheet-186
julian-rowe,Julian Rowe,2003,ND,,,1985,1985-05-25,staging 2026-07-31,1985,1985-05-25,owner-sheet-186
michael-rischitelli,Michael Rischitelli,2003,ND,,,1986,1986-01-08,staging 2026-07-31,1986,1986-01-08,owner-sheet-186
brent-hartigan,Brent Hartigan,2003,ND,,,1985,1985-04-07,staging 2026-07-31,1985,1985-04-07,owner-sheet-186
adrian-deluca,Adrian Deluca,2003,ND,,,1982,1982-05-15,staging 2026-07-31,1982,1982-05-15,owner-sheet-186
andrew-raines,Andrew Raines,2003,ND,,,1986,1986-03-08,staging 2026-07-31,1986,1986-03-08,owner-sheet-186
michael-johnson,Michael Johnson,2003,RD,,,1984,1984-10-20,staging 2026-07-31,1984,1984-10-20,owner-sheet-186
nathan-foley,Nathan Foley,2003,RD,,,1985,1985-09-08,staging 2026-07-31,1985,1985-09-08,owner-sheet-186
paul-duffield,Paul Duffield,2003,RD,,,1985,1985-02-05,staging 2026-07-31,1985,1985-02-05,owner-sheet-186
jacob-surjan,Jacob Surjan,2003,RD,,,1985,1985-08-15,staging 2026-07-31,1985,1985-08-15,owner-sheet-186
michael-rix,Michael Rix,2003,RD,,,1981,1981-01-08,staging 2026-07-31,1981,1981-01-08,owner-sheet-186
adam-bentick,Adam Bentick,2003,RD,,,1985,1985-06-13,staging 2026-07-31,1985,1985-06-13,owner-sheet-186
josh-thurgood,Josh Thurgood,2003,RD,,,1985,1985-06-05,staging 2026-07-31,1985,1985-06-05,owner-sheet-186
jaymie-graham,Jaymie Graham,2003,RD,,,1983,1983-02-06,staging 2026-07-31,1983,1983-02-06,owner-sheet-186
brett-deledio,Brett Deledio,2004,ND,,,1987,1987-04-18,staging 2026-07-31,1987,1987-04-18,owner-sheet-186
jarryd-roughead,Jarryd Roughead,2004,ND,,,1987,1987-01-23,staging 2026-07-31,1987,1987-01-23,owner-sheet-186
ryan-griffen,Ryan Griffen,2004,ND,,,1986,1986-07-27,staging 2026-07-31,1986,1986-07-27,owner-sheet-186
richard-tambling,Richard Tambling,2004,ND,,,1986,1986-09-12,staging 2026-07-31,1986,1986-09-12,owner-sheet-186
lance-franklin,Lance Franklin,2004,ND,,,1987,1987-01-30,staging 2026-07-31,1987,1987-01-30,owner-sheet-186
tom-williams,Tom Williams,2004,ND,,,1986,1986-07-17,staging 2026-07-31,1986,1986-07-17,owner-sheet-186
jordan-lewis,Jordan Lewis,2004,ND,,,1986,1986-04-24,staging 2026-07-31,1986,1986-04-24,owner-sheet-186
john-meesen,John Meesen,2004,ND,,,1986,1986-06-20,staging 2026-07-31,1986,1986-06-20,owner-sheet-186
jordan-russell,Jordan Russell,2004,ND,,,1986,1986-11-06,staging 2026-07-31,1986,1986-11-06,owner-sheet-186
chris-egan,Chris Egan,2004,ND,,,1986,1986-10-26,staging 2026-07-31,1986,1986-10-26,owner-sheet-186
jesse-smith,Jesse Smith,2004,ND,,,1986,1986-09-29,staging 2026-07-31,1986,1986-09-29,owner-sheet-186
adam-thomson,Adam Thomson,2004,ND,,,1986,1986-08-21,staging 2026-07-31,1986,1986-08-21,owner-sheet-186
danny-meyer,Danny Meyer,2004,ND,,,1986,1986-08-03,staging 2026-07-31,1986,1986-08-03,owner-sheet-186
mitch-morton,Mitch Morton,2004,ND,,,1987,1987-01-28,staging 2026-07-31,1987,1987-01-28,owner-sheet-186
matthew-bate,Matthew Bate,2004,ND,,,1987,1987-05-24,staging 2026-07-31,1987,1987-05-24,owner-sheet-186
angus-monfries,Angus Monfries,2004,ND,,,1987,1987-01-19,staging 2026-07-31,1987,1987-01-19,owner-sheet-186
lynden-dunn,Lynden Dunn,2004,ND,,,1987,1987-05-14,staging 2026-07-31,1987,1987-05-14,owner-sheet-186
adam-pattison,Adam Pattison,2004,ND,,,1986,1986-03-05,staging 2026-07-31,1986,1986-03-05,owner-sheet-186
andrew-mcqualter,Andrew McQualter,2004,ND,,,1986,1986-06-09,staging 2026-07-31,1986,1986-06-09,owner-sheet-186
cameron-wood,Cameron Wood,2004,ND,,,1987,1987-03-04,staging 2026-07-31,1987,1987-03-04,owner-sheet-186
dean-polo,Dean Polo,2004,ND,,,1986,1986-08-05,staging 2026-07-31,1986,1986-08-05,owner-sheet-186
travis-cloke,Travis Cloke,2004,ND,,,1987,1987-03-05,staging 2026-07-31,1987,1987-03-05,owner-sheet-186
tom-murphy,Tom Murphy,2004,ND,,,1986,1986-03-19,staging 2026-07-31,1986,1986-03-19,owner-sheet-186
sean-rusling,Sean Rusling,2004,ND,,,1986,1986-10-06,staging 2026-07-31,1986,1986-10-06,owner-sheet-186
nathan-van-berlo,Nathan van Berlo,2004,ND,,,1986,1986-06-06,staging 2026-07-31,1986,1986-06-06,owner-sheet-186
adam-hartlett,Adam Hartlett,2004,ND,,,1986,1986-04-22,staging 2026-07-31,1986,1986-04-22,owner-sheet-186
matthew-little,Matthew Little,2004,ND,,,1986,1986-01-03,staging 2026-07-31,1986,1986-01-03,owner-sheet-186
matt-rosa,Matt Rosa,2004,ND,,,1986,1986-11-23,staging 2026-07-31,1986,1986-11-23,owner-sheet-186
jarred-moore,Jarred Moore,2004,ND,,,1986,1986-03-06,staging 2026-07-31,1986,1986-03-06,owner-sheet-186
brent-prismall,Brent Prismall,2004,ND,,,1986,1986-07-14,staging 2026-07-31,1986,1986-07-14,owner-sheet-186
fabian-deluca,Fabian Deluca,2004,ND,,,1987,1987-01-27,staging 2026-07-31,1987,1987-01-27,owner-sheet-186
luke-mcguane,Luke McGuane,2004,ND,,,1987,1987-02-12,staging 2026-07-31,1987,1987-02-12,owner-sheet-186
mark-lecras,Mark LeCras,2004,ND,,,1986,1986-08-30,staging 2026-07-31,1986,1986-08-30,owner-sheet-186
ivan-maric,Ivan Maric,2004,ND,,,1986,1986-01-04,staging 2026-07-31,1986,1986-01-04,owner-sheet-186
luke-blackwell,Luke Blackwell,2004,ND,,,1986,1986-11-09,staging 2026-07-31,1986,1986-11-09,owner-sheet-186
michael-newton,Michael Newton,2004,ND,,,1987,1987-04-27,staging 2026-07-31,1987,1987-04-27,owner-sheet-186
justin-sherman,Justin Sherman,2004,ND,,,1987,1987-01-26,staging 2026-07-31,1987,1987-01-26,owner-sheet-186
henry-slattery,Henry Slattery,2004,ND,,,1986,1986-01-22,staging 2026-07-31,1986,1986-01-22,owner-sheet-186
nathan-ablett,Nathan Ablett,2004,ND,,,1985,1985-12-13,staging 2026-07-31,1985,1985-12-13,owner-sheet-186
jayden-attard,Jayden Attard,2004,ND,,,1986,1986-02-27,staging 2026-07-31,1986,1986-02-27,owner-sheet-186
simon-taylor,Simon Taylor,2004,ND,,,1982,1982-08-18,staging 2026-07-31,1982,1982-08-18,owner-sheet-186
stephen-tiller,Stephen Tiller,2004,ND,,,1987,1987-03-26,staging 2026-07-31,1987,1987-03-26,owner-sheet-186
chris-knights,Chris Knights,2004,ND,,,1986,1986-09-25,staging 2026-07-31,1986,1986-09-25,owner-sheet-186
brad-moran,Brad Moran,2004,ND,,,1986,1986-09-29,staging 2026-07-31,1986,1986-09-29,owner-sheet-186
matthew-egan,Matthew Egan,2004,ND,,,1983,1983-07-10,staging 2026-07-31,1983,1983-07-10,owner-sheet-186
james-gwilt,James Gwilt,2004,ND,,,1986,1986-08-11,staging 2026-07-31,1986,1986-08-11,owner-sheet-186
eddie-betts,Eddie Betts,2004,RD,,,1986,1986-11-26,staging 2026-07-31,1986,1986-11-26,owner-sheet-186
will-thursfield,Will Thursfield,2004,RD,,,1986,1986-04-19,staging 2026-07-31,1986,1986-04-19,owner-sheet-186
ben-davies,Ben Davies,2004,RD,,,1986,1986-02-10,staging 2026-07-31,1986,1986-02-10,owner-sheet-186
danyle-pearce,Danyle Pearce,2004,RD,,,1986,1986-04-07,staging 2026-07-31,1986,1986-04-07,owner-sheet-186
clinton-young,Clinton Young,2004,RD,,,1986,1986-02-16,staging 2026-07-31,1986,1986-02-16,owner-sheet-186
heritier-lumumba,Heritier Lumumba,2004,RD,,,1986,1986-11-15,staging 2026-07-31,1986,1986-11-15,owner-sheet-186
jonathon-griffin,Jonathon Griffin,2004,RD,,,1986,1986-01-14,staging 2026-07-31,1986,1986-01-14,owner-sheet-186
beau-maister,Beau Maister,2004,RD,,,1986,1986-03-20,staging 2026-07-31,1986,1986-03-20,owner-sheet-186
luke-vogels,Luke Vogels,2004,RD,,,1983,1983-06-07,staging 2026-07-31,1983,1983-06-07,owner-sheet-186
john-hinge,John Hinge,2004,RD,,,1986,1986-06-06,staging 2026-07-31,1986,1986-06-06,owner-sheet-186
scott-mcmahon,Scott McMahon,2004,RD,,,1986,1986-06-02,staging 2026-07-31,1986,1986-06-02,owner-sheet-186
heath-grundy,Heath Grundy,2004,RD,,,1986,1986-06-02,staging 2026-07-31,1986,1986-06-02,owner-sheet-186
marcus-allan,Marcus Allan,2004,RD,,,1986,1986-05-23,staging 2026-07-31,1986,1986-05-23,owner-sheet-186
will-hamill-2004,Will Hamill,2004,RD,,,1986,1986-07-26,staging 2026-07-31,1986,1986-07-26,owner-sheet-186
scott-harding,Scott Harding,2004,RD,,,1986,1986-06-19,staging 2026-07-31,1986,1986-06-19,owner-sheet-186
marc-murphy,Marc Murphy,2005,ND,,,1987,1987-07-19,staging 2026-07-31,1987,1987-07-19,owner-sheet-186
dale-thomas,Dale Thomas,2005,ND,,,1987,1987-06-21,staging 2026-07-31,1987,1987-06-21,owner-sheet-186
xavier-ellis,Xavier Ellis,2005,ND,,,1988,1988-02-28,staging 2026-07-31,1988,1988-02-28,owner-sheet-186
joshua-kennedy,Joshua Kennedy,2005,ND,,,1987,1987-08-25,staging 2026-07-31,1987,1987-08-25,owner-sheet-186
beau-dowler,Beau Dowler,2005,ND,,,1987,1987-12-16,staging 2026-07-31,1987,1987-12-16,owner-sheet-186
paddy-ryder,Paddy Ryder,2005,ND,,,1988,1988-03-14,staging 2026-07-31,1988,1988-03-14,owner-sheet-186
jarrad-oakley-nicholls,Jarrad Oakley-Nicholls,2005,ND,,,1988,1988-02-09,staging 2026-07-31,1988,1988-02-09,owner-sheet-186
mitch-clark,Mitch Clark,2005,ND,,,1987,1987-10-19,staging 2026-07-31,1987,1987-10-19,owner-sheet-186
marcus-drum,Marcus Drum,2005,ND,,,1987,1987-05-01,staging 2026-07-31,1987,1987-05-01,owner-sheet-186
shaun-higgins,Shaun Higgins,2005,ND,,,1988,1988-03-04,staging 2026-07-31,1988,1988-03-04,owner-sheet-186
nathan-jones,Nathan Jones,2005,ND,,,1988,1988-01-20,staging 2026-07-31,1988,1988-01-20,owner-sheet-186
shannon-hurn,Shannon Hurn,2005,ND,,,1987,1987-09-04,staging 2026-07-31,1987,1987-09-04,owner-sheet-186
grant-birchall,Grant Birchall,2005,ND,,,1988,1988-01-28,staging 2026-07-31,1988,1988-01-28,owner-sheet-186
travis-varcoe,Travis Varcoe,2005,ND,,,1988,1988-04-10,staging 2026-07-31,1988,1988-04-10,owner-sheet-186
richard-douglas,Richard Douglas,2005,ND,,,1987,1987-02-06,staging 2026-07-31,1987,1987-02-06,owner-sheet-186
darren-pfeiffer,Darren Pfeiffer,2005,ND,,,1987,1987-09-28,staging 2026-07-31,1987,1987-09-28,owner-sheet-186
max-bailey,Max Bailey,2005,ND,,,1986,1986-10-23,staging 2026-07-31,1986,1986-10-23,owner-sheet-186
courtenay-dempsey,Courtenay Dempsey,2005,ND,,,1987,1987-08-28,staging 2026-07-31,1987,1987-08-28,owner-sheet-186
paul-bower,Paul Bower,2005,ND,,,1988,1988-01-09,staging 2026-07-31,1988,1988-01-09,owner-sheet-186
danny-stanley,Danny Stanley,2005,ND,,,1988,1988-02-18,staging 2026-07-31,1988,1988-02-18,owner-sheet-186
beau-muston,Beau Muston,2005,ND,,,1987,1987-03-01,staging 2026-07-31,1987,1987-03-01,owner-sheet-186
ryan-cook,Ryan Cook,2005,ND,,,1988,1988-02-16,staging 2026-07-31,1988,1988-02-16,owner-sheet-186
cleve-hughes,Cleve Hughes,2005,ND,,,1987,1987-01-15,staging 2026-07-31,1987,1987-01-15,owner-sheet-186
wayde-mills,Wayde Mills,2005,ND,,,1987,1987-08-29,staging 2026-07-31,1987,1987-08-29,owner-sheet-186
garrick-ibbotson,Garrick Ibbotson,2005,ND,,,1988,1988-03-15,staging 2026-07-31,1988,1988-03-15,owner-sheet-186
dylan-addison,Dylan Addison,2005,ND,,,1987,1987-10-07,staging 2026-07-31,1987,1987-10-07,owner-sheet-186
matt-riggio,Matt Riggio,2005,ND,,,1988,1988-03-14,staging 2026-07-31,1988,1988-03-14,owner-sheet-186
ben-mckinley,Ben McKinley,2005,ND,,,1987,1987-03-04,staging 2026-07-31,1987,1987-03-04,owner-sheet-186
nick-lower,Nick Lower,2005,ND,,,1987,1987-06-23,staging 2026-07-31,1987,1987-06-23,owner-sheet-186
trent-west,Trent West,2005,ND,,,1987,1987-10-17,staging 2026-07-31,1987,1987-10-17,owner-sheet-186
matthew-spangher,Matthew Spangher,2005,ND,,,1987,1987-04-23,staging 2026-07-31,1987,1987-04-23,owner-sheet-186
jake-edwards,Jake Edwards,2005,ND,,,1988,1988-01-06,staging 2026-07-31,1988,1988-01-06,owner-sheet-186
john-anthony,John Anthony,2005,ND,,,1988,1988-01-19,staging 2026-07-31,1988,1988-01-19,owner-sheet-186
travis-tuck,Travis Tuck,2005,ND,,,1987,1987-09-07,staging 2026-07-31,1987,1987-09-07,owner-sheet-186
jay-neagle,Jay Neagle,2005,ND,,,1988,1988-01-17,staging 2026-07-31,1988,1988-01-17,owner-sheet-186
rhan-hooper,Rhan Hooper,2005,ND,,,1988,1988-01-09,staging 2026-07-31,1988,1988-01-09,owner-sheet-186
robert-warnock,Robert Warnock,2005,ND,,,1987,1987-01-19,staging 2026-07-31,1987,1987-01-19,owner-sheet-186
andrew-swallow,Andrew Swallow,2005,ND,,,1987,1987-06-02,staging 2026-07-31,1987,1987-06-02,owner-sheet-186
alipate-carlile,Alipate Carlile,2005,ND,,,1987,1987-04-30,staging 2026-07-31,1987,1987-04-30,owner-sheet-186
ryan-gamble,Ryan Gamble,2005,ND,,,1987,1987-09-23,staging 2026-07-31,1987,1987-09-23,owner-sheet-186
alan-obst,Alan Obst,2005,ND,,,1987,1987-05-19,staging 2026-07-31,1987,1987-05-19,owner-sheet-186
sam-lonergan,Sam Lonergan,2005,ND,,,1987,1987-03-26,staging 2026-07-31,1987,1987-03-26,owner-sheet-186
matthew-laidlaw,Matthew Laidlaw,2005,ND,,,1987,1987-02-09,staging 2026-07-31,1987,1987-02-09,owner-sheet-186
simon-buckley,Simon Buckley,2005,ND,,,1987,1987-04-18,staging 2026-07-31,1987,1987-04-18,owner-sheet-186
kristin-thornton,Kristin Thornton,2005,ND,,,1988,1988-03-05,staging 2026-07-31,1988,1988-03-05,owner-sheet-186
ryan-brabazon,Ryan Brabazon,2005,ND,,,1986,1986-12-26,staging 2026-07-31,1986,1986-12-26,owner-sheet-186
clint-bartram,Clint Bartram,2005,ND,,,1988,1988-02-16,staging 2026-07-31,1988,1988-02-16,owner-sheet-186
jonathan-giles,Jonathan Giles,2005,ND,,,1988,1988-01-08,staging 2026-07-31,1988,1988-01-08,owner-sheet-186
justin-sweeney,Justin Sweeney,2005,ND,,,1987,1987-12-25,staging 2026-07-31,1987,1987-12-25,owner-sheet-186
ryan-jackson,Ryan Jackson,2005,RD,,,1987,1987-04-04,staging 2026-07-31,1987,1987-04-04,owner-sheet-186
alan-toovey,Alan Toovey,2005,RD,,,1987,1987-03-23,staging 2026-07-31,1987,1987-03-23,owner-sheet-186
angus-graham,Angus Graham,2005,RD,,,1987,1987-04-16,staging 2026-07-31,1987,1987-04-16,owner-sheet-186
jason-roe,Jason Roe,2005,RD,,,1984,1984-03-13,staging 2026-07-31,1984,1984-03-13,owner-sheet-186
sam-iles,Sam Iles,2005,RD,,,1987,1987-06-19,staging 2026-07-31,1987,1987-06-19,owner-sheet-186
jace-bode,Jace Bode,2005,RD,,,1987,1987-09-14,staging 2026-07-31,1987,1987-09-14,owner-sheet-186
ed-lower,Ed Lower,2005,RD,,,1987,1987-06-23,staging 2026-07-31,1987,1987-06-23,owner-sheet-186
matt-white,Matt White,2005,RD,,,1987,1987-04-15,staging 2026-07-31,1987,1987-04-15,owner-sheet-186
jonathan-simpkin,Jonathan Simpkin,2005,RD,,,1987,1987-10-28,staging 2026-07-31,1987,1987-10-28,owner-sheet-186
daniel-nicholls,Daniel Nicholls,2005,RD,,,1987,1987-03-02,staging 2026-07-31,1987,1987-03-02,owner-sheet-186
lukas-markovic,Lukas Markovic,2005,RD,,,1987,1987-01-05,staging 2026-07-31,1987,1987-01-05,owner-sheet-186
heath-hocking,Heath Hocking,2005,RD,,,1987,1987-12-27,staging 2026-07-31,1987,1987-12-27,owner-sheet-186
matt-thomas,Matt Thomas,2005,RD,,,1987,1987-02-27,staging 2026-07-31,1987,1987-02-27,owner-sheet-186
jason-porplyzia,Jason Porplyzia,2005,RD,,,1984,1984-11-27,staging 2026-07-31,1984,1984-11-27,owner-sheet-186
djaran-whyman,Djaran Whyman,2005,RD,,,1983,1983-08-21,staging 2026-07-31,1983,1983-08-21,owner-sheet-186
greg-bentley,Greg Bentley,2005,RD,,,1987,1987-04-09,staging 2026-07-31,1987,1987-04-09,owner-sheet-186
shannon-cox,Shannon Cox,2005,RD,,,1986,1986-03-07,staging 2026-07-31,1986,1986-03-07,owner-sheet-186
cameron-howat,Cameron Howat,2005,RD,,,1985,1985-01-30,staging 2026-07-31,1985,1985-01-30,owner-sheet-186
cheynee-stiller,Cheynee Stiller,2005,RD,,,1986,1986-05-03,staging 2026-07-31,1986,1986-05-03,owner-sheet-186
simon-phillips,Simon Phillips,2005,RD,,,1987,1987-04-05,staging 2026-07-31,1987,1987-04-05,owner-sheet-186
kieren-jack,Kieren Jack,2005,RD,,,1987,1987-06-28,staging 2026-07-31,1987,1987-06-28,owner-sheet-186
ed-barlow,Ed Barlow,2005,RD,,,1987,1987-01-27,staging 2026-07-31,1987,1987-01-27,owner-sheet-186
sam-rowe,Sam Rowe,2005,RD,,,1987,1987-11-19,staging 2026-07-31,1987,1987-11-19,owner-sheet-186
josh-willoughby,Josh Willoughby,2003,ND,,,1986,1986-01-11,staging 2026-07-31,1986,1986-01-11,owner-sheet-114
billy-morrison,Billy Morrison,2003,ND,,,1986,1986-01-06,staging 2026-07-31,1986,1986-01-06,owner-sheet-114
alex-gilmour,Alex Gilmour,2003,ND,,,1986,1986-06-29,staging 2026-07-31,1986,1986-06-29,owner-sheet-114
joshua-krueger,Joshua Krueger,2003,ND,,,1983,1983-10-27,staging 2026-07-31,1983,1983-10-27,owner-sheet-114
brayden-shaw,Brayden Shaw,2003,ND,,,1985,1985-09-16,staging 2026-07-31,1985,1985-09-16,owner-sheet-114
luke-peel,Luke Peel,2003,ND,,,1986,1986-06-26,staging 2026-07-31,1986,1986-06-26,owner-sheet-114
andrew-ericksen,Andrew Ericksen,2003,ND,,,1985,1985-07-17,staging 2026-07-31,1985,1985-07-17,owner-sheet-114
iszac-thompson,Iszac Thompson,2003,ND,,,1986,1986-01-24,staging 2026-07-31,1986,1986-01-24,owner-sheet-114
matthew-davis,Matthew Davis,2003,ND,,,1986,1986-06-23,staging 2026-07-31,1986,1986-06-23,owner-sheet-114
stephen-kenna,Stephen Kenna,2003,ND,,,1981,1981-10-08,staging 2026-07-31,1981,1981-10-08,owner-sheet-114
kyle-archibald,Kyle Archibald,2003,ND,,,1986,1986-02-23,staging 2026-07-31,1986,1986-02-23,owner-sheet-114
james-condos,James Condos,2003,RD,,,1982,1982-09-30,staging 2026-07-31,1982,1982-09-30,owner-sheet-114
luke-buckland,Luke Buckland,2003,RD,,,1985,1985-04-19,staging 2026-07-31,1985,1985-04-19,owner-sheet-114
dylan-pfitzner,Dylan Pfitzner,2003,RD,,,1985,1985-04-13,staging 2026-07-31,1985,1985-04-13,owner-sheet-114
doug-scott,Doug Scott,2003,RD,,,1980,1980-03-08,staging 2026-07-31,1980,1980-03-08,owner-sheet-114
ben-clifton,Ben Clifton,2003,RD,,,1985,1985-04-05,staging 2026-07-31,1985,1985-04-05,owner-sheet-114
ben-cosgriff,Ben Cosgriff,2003,RD,,,1985,1985-08-19,staging 2026-07-31,1985,1985-08-19,owner-sheet-114
adam-grocke,Adam Grocke,2003,RD,,,1984,1984-07-18,staging 2026-07-31,1984,1984-07-18,owner-sheet-114
aaron-rogers,Aaron Rogers,2003,RD,,,1984,1984-01-05,staging 2026-07-31,1984,1984-01-05,owner-sheet-114
zane-leonard,Zane Leonard,2003,RD,,,1984,1984-08-17,staging 2026-07-31,1984,1984-08-17,owner-sheet-114
murray-boyd,Murray Boyd,2003,RD,,,1985,1985-06-02,staging 2026-07-31,1985,1985-06-02,owner-sheet-114
paul-newman,Paul Newman,2003,RD,,,1983,1983-07-20,staging 2026-07-31,1983,1983-07-20,owner-sheet-114
james-allan,James Allan,2003,RD,,,1985,1985-01-17,staging 2026-07-31,1985,1985-01-17,owner-sheet-114
michael-embley,Michael Embley,2003,RD,,,1985,1985-11-20,staging 2026-07-31,1985,1985-11-20,owner-sheet-114
rowan-andrews,Rowan Andrews,2003,RD,,,1985,1985-05-11,staging 2026-07-31,1985,1985-05-11,owner-sheet-114
salim-hassan,Salim Hassan,2003,RD,,,1982,1982-05-28,staging 2026-07-31,1982,1982-05-28,owner-sheet-114
david-fanning,David Fanning,2003,RD,,,1984,1984-07-20,staging 2026-07-31,1984,1984-07-20,owner-sheet-114
matt-pardew,Matt Pardew,2003,RD,,,1984,1984-02-16,staging 2026-07-31,1984,1984-02-16,owner-sheet-114
michael-warren,Michael Warren,2003,RD,,,1982,1982-03-20,staging 2026-07-31,1982,1982-03-20,owner-sheet-114
brad-dabrowski,Brad Dabrowski,2003,RD,,,1981,1981-03-26,staging 2026-07-31,1981,1981-03-26,owner-sheet-114
dale-ellis,Dale Ellis,2003,RD,,,1983,1983-03-30,staging 2026-07-31,1983,1983-03-30,owner-sheet-114
dean-benson,Dean Benson,2003,RD,,,1985,1985-01-22,staging 2026-07-31,1985,1985-01-22,owner-sheet-114
sam-pleming,Sam Pleming,2003,RD,,,1985,1985-08-05,staging 2026-07-31,1985,1985-08-05,owner-sheet-114
joel-campbell,Joel Campbell,2003,RD,,,1985,1985-12-21,staging 2026-07-31,1985,1985-12-21,owner-sheet-114
shaun-bergin,Shaun Bergin,2003,RD,,,1985,1985-01-29,staging 2026-07-31,1985,1985-01-29,owner-sheet-114
peter-summers,Peter Summers,2003,RD,,,1984,1984-06-19,staging 2026-07-31,1984,1984-06-19,owner-sheet-114
luke-taylor,Luke Taylor,2003,RD,,,1985,1985-01-21,staging 2026-07-31,1985,1985-01-21,owner-sheet-114
jake-furfaro,Jake Furfaro,2003,RD,,,1985,1985-02-04,staging 2026-07-31,1985,1985-02-04,owner-sheet-114
paul-shelton,Paul Shelton,2003,RD,,,1984,1984-01-27,staging 2026-07-31,1984,1984-01-27,owner-sheet-114
nick-potter,Nick Potter,2003,RD,,,1985,1985-06-12,staging 2026-07-31,1985,1985-06-12,owner-sheet-114
leigh-ryswyk,Leigh Ryswyk,2003,RD,,,1985,1985-01-16,staging 2026-07-31,1985,1985-01-16,owner-sheet-114
jeremy-stiller,Jeremy Stiller,2003,RD,,,1982,1982-11-09,staging 2026-07-31,1982,1982-11-09,owner-sheet-114
ryan-willits,Ryan Willits,2004,ND,,,1987,1987-01-23,staging 2026-07-31,1987,1987-01-23,owner-sheet-114
jesse-wells,Jesse Wells,2004,ND,,,1986,1986-10-01,staging 2026-07-31,1986,1986-10-01,owner-sheet-114
pat-garner,Pat Garner,2004,ND,,,1987,1987-03-16,staging 2026-07-31,1987,1987-03-16,owner-sheet-114
chad-gibson,Chad Gibson,2004,ND,,,1987,1987-01-12,staging 2026-07-31,1987,1987-01-12,owner-sheet-114
andrew-lee,Andrew Lee,2004,ND,,,1986,1986-07-01,staging 2026-07-31,1986,1986-07-01,owner-sheet-114
james-ezard,James Ezard,2004,ND,,,1986,1986-03-24,staging 2026-07-31,1986,1986-03-24,owner-sheet-114
damien-mccormack,Damien McCormack,2004,ND,,,1987,1987-01-28,staging 2026-07-31,1987,1987-01-28,owner-sheet-114
ben-eckermann,Ben Eckermann,2004,ND,,,1987,1987-03-12,staging 2026-07-31,1987,1987-03-12,owner-sheet-114
dean-limbach,Dean Limbach,2004,ND,,,1986,1986-10-25,staging 2026-07-31,1986,1986-10-25,owner-sheet-114
adam-iacobucci,Adam Iacobucci,2004,ND,,,1986,1986-01-17,staging 2026-07-31,1986,1986-01-17,owner-sheet-114
benet-copping,Benet Copping,2004,ND,,,1986,1986-10-07,staging 2026-07-31,1986,1986-10-07,owner-sheet-114
paul-thomas,Paul Thomas,2004,ND,,,1982,1982-05-06,staging 2026-07-31,1982,1982-05-06,owner-sheet-114
luke-forsyth,Luke Forsyth,2004,ND,,,1987,1987-02-02,staging 2026-07-31,1987,1987-02-02,owner-sheet-114
toby-stribling,Toby Stribling,2004,ND,,,1987,1987-03-13,staging 2026-07-31,1987,1987-03-13,owner-sheet-114
ben-schwarze,Ben Schwarze,2004,ND,,,1983,1983-08-24,staging 2026-07-31,1983,1983-08-24,owner-sheet-114
anthony-raso,Anthony Raso,2004,ND,,,1987,1987-04-17,staging 2026-07-31,1987,1987-04-17,owner-sheet-114
elijah-ware,Elijah Ware,2004,RD,,,1983,1983-04-14,staging 2026-07-31,1983,1983-04-14,owner-sheet-114
ruory-kirkby,Ruory Kirkby,2004,RD,,,1986,1986-02-04,OWNER OVERRIDE 2026-08-10,1986,,"owner word 2026-08-10 (issue #334 comment 5235574982): ""Ruory Kirkby - 4/2/86"" — read day/month/year. Supersedes the 2026-07-31 year-only staging row."
rowan-nayna,Rowan Nayna,2004,RD,,,1986,1986-05-03,staging 2026-07-31,1986,1986-05-03,owner-sheet-114
ryan-nye,Ryan Nye,2004,RD,,,1986,1986-06-21,staging 2026-07-31,1986,1986-06-21,owner-sheet-114
daniel-batson,Daniel Batson,2004,RD,,,1986,1986-05-08,staging 2026-07-31,1986,1986-05-08,owner-sheet-114
joe-krieger,Joe Krieger,2004,RD,,,1986,1986-12-13,staging 2026-07-31,1986,1986-12-13,owner-sheet-114
ben-sharp,Ben Sharp,2004,RD,,,1986,1986-07-10,staging 2026-07-31,1986,1986-07-10,owner-sheet-114
brendan-van-schaik,Brendan Van Schaik,2004,RD,,,1986,1986-07-02,staging 2026-07-31,1986,1986-07-02,owner-sheet-114
ryan-bain,Ryan Bain,2004,RD,,,1986,1986-01-07,staging 2026-07-31,1986,1986-01-07,owner-sheet-114
guy-campbell,Guy Campbell,2004,RD,,,1982,1982-04-10,staging 2026-07-31,1982,1982-04-10,owner-sheet-114
jarrod-garth,Jarrod Garth,2004,RD,,,1986,1986-01-23,staging 2026-07-31,1986,1986-01-23,owner-sheet-114
travis-baird,Travis Baird,2004,RD,,,1986,1986-07-25,staging 2026-07-31,1986,1986-07-25,owner-sheet-114
jack-juniper,Jack Juniper,2004,RD,,,1986,1986-11-10,staging 2026-07-31,1986,1986-11-10,owner-sheet-114
ben-jolley,Ben Jolley,2004,RD,,,1986,1986-02-12,staging 2026-07-31,1986,1986-02-12,owner-sheet-114
nick-batchelor,Nick Batchelor,2004,RD,,,1986,1986-09-11,staging 2026-07-31,1986,1986-09-11,owner-sheet-114
ed-mcdonnell,Ed McDonnell,2004,RD,,,1986,1986-12-30,staging 2026-07-31,1986,1986-12-30,owner-sheet-114
thomas-willday,Thomas Willday,2004,RD,,,1986,1986-06-03,staging 2026-07-31,1986,1986-06-03,owner-sheet-114
nick-becker,Nick Becker,2004,RD,,,1986,1986-07-07,staging 2026-07-31,1986,1986-07-07,owner-sheet-114
ashley-thornton,Ashley Thornton,2004,RD,,,1986,1986-12-29,staging 2026-07-31,1986,1986-12-29,owner-sheet-114
tim-sheringham,Tim Sheringham,2004,RD,,,1986,1986-08-26,staging 2026-07-31,1986,1986-08-26,owner-sheet-114
kristan-height,Kristan Height,2004,RD,,,1983,1983-06-22,staging 2026-07-31,1983,1983-06-22,owner-sheet-114
justin-perkins,Justin Perkins,2004,RD,,,1983,1983-01-07,staging 2026-07-31,1983,1983-01-07,owner-sheet-114
stefan-garrubba,Stefan Garrubba,2004,RD,,,1986,1986-08-30,staging 2026-07-31,1986,1986-08-30,owner-sheet-114
earl-shaw,Earl Shaw,2004,RD,,,1986,1986-12-17,staging 2026-07-31,1986,1986-12-17,owner-sheet-114
ed-clarke,Ed Clarke,2004,RD,,,1986,1986-06-11,staging 2026-07-31,1986,1986-06-11,owner-sheet-114
andrew-hayes,Andrew Hayes,2004,RD,,,1985,1985-06-20,staging 2026-07-31,1985,1985-06-20,owner-sheet-114
martin-pask,Martin Pask,2004,RD,,,1985,1985-01-02,staging 2026-07-31,1985,1985-01-02,owner-sheet-114
stephen-owen,Stephen Owen,2005,ND,,,1987,1987-07-19,staging 2026-07-31,1987,1987-07-19,owner-sheet-114
travis-casserly,Travis Casserly,2005,ND,,,1987,1987-05-20,staging 2026-07-31,1987,1987-05-20,owner-sheet-114
michael-west,Michael West,2005,ND,,,1987,1987-02-16,staging 2026-07-31,1987,1987-02-16,owner-sheet-114
hugh-minson,Hugh Minson,2005,ND,,,1988,1988-03-09,staging 2026-07-31,1988,1988-03-09,owner-sheet-114
phillip-raymond,Phillip Raymond,2005,ND,,,1987,1987-06-24,staging 2026-07-31,1987,1987-06-24,owner-sheet-114
austin-lucy,Austin Lucy,2005,ND,,,1987,1987-09-04,staging 2026-07-31,1987,1987-09-04,owner-sheet-114
heath-neville,Heath Neville,2005,ND,,,1988,1988-02-02,staging 2026-07-31,1988,1988-02-02,owner-sheet-114
tim-hutchison,Tim Hutchison,2005,ND,,,1988,1988-02-18,staging 2026-07-31,1988,1988-02-18,owner-sheet-114
luke-mcentee,Luke McEntee,2005,RD,,,1987,1987-05-02,staging 2026-07-31,1987,1987-05-02,owner-sheet-114
lachlan-mckinnon,Lachlan McKinnon,2005,RD,,,1986,1986-12-15,staging 2026-07-31,1986,1986-12-15,owner-sheet-114
tom-rischbieth,Tom Rischbieth,2005,RD,,,1987,1987-03-12,staging 2026-07-31,1987,1987-03-12,owner-sheet-114
todd-grima,Todd Grima,2005,RD,,,1987,1987-02-05,staging 2026-07-31,1987,1987-02-05,owner-sheet-114
brad-sugars,Brad Sugars,2005,RD,,,1987,1987-03-13,staging 2026-07-31,1987,1987-03-13,owner-sheet-114
cathal-corr,Cathal Corr,2005,RD,,,1987,1987-11-01,staging 2026-07-31,1987,1987-11-01,owner-sheet-114
craig-flint,Craig Flint,2005,RD,,,1987,1987-08-09,staging 2026-07-31,1987,1987-08-09,owner-sheet-114
leonard-clark,Leonard Clark,2005,RD,,,1983,1983-08-23,staging 2026-07-31,1983,1983-08-23,owner-sheet-114
danny-hughes,Danny Hughes,2005,RD,,,1986,1986-12-10,staging 2026-07-31,1986,1986-12-10,owner-sheet-114
tom-redden,Tom Redden,2005,RD,,,1987,1987-06-18,staging 2026-07-31,1987,1987-06-18,owner-sheet-114
james-wall,James Wall,2005,RD,,,1987,1987-01-05,staging 2026-07-31,1987,1987-01-05,owner-sheet-114
matthew-firman,Matthew Firman,2005,RD,,,1985,1985-10-20,staging 2026-07-31,1985,1985-10-20,owner-sheet-114
shane-neaves,Shane Neaves,2005,RD,,,1987,1987-05-11,staging 2026-07-31,1987,1987-05-11,owner-sheet-114
tim-looby,Tim Looby,2005,RD,,,1987,1987-09-02,OWNER OVERRIDE 2026-08-10,1987,,"owner word 2026-08-10 (issue #334 comment 5235574982): ""Tim Looby - 2/9/87"" — read day/month/year. Supersedes the 2026-07-31 year-only staging row."
adrian-bonaddio,Adrian Bonaddio,2005,RD,,,1986,1986-05-26,staging 2026-07-31,1986,1986-05-26,owner-sheet-114
paul-currie,Paul Currie,2005,RD,,,1987,1987-02-09,staging 2026-07-31,1987,1987-02-09,owner-sheet-114
tim-o-keefe,Tim O'Keefe,2005,RD,,,1986,1986-08-02,staging 2026-07-31,1986,1986-08-02,owner-sheet-114
andre-gianfagna,Andre Gianfagna,2005,RD,,,1987,1987-12-04,staging 2026-07-31,1987,1987-12-04,owner-sheet-114
sam-elliott,Sam Elliott,2005,RD,,,1987,1987-07-22,staging 2026-07-31,1987,1987-07-22,owner-sheet-114
brendan-quigley,Brendan Quigley,2005,RD,,,1986,1986-01-19,staging 2026-07-31,1986,1986-01-19,owner-sheet-114
adam-prior,Adam Prior,2005,RD,,,1987,1987-01-19,staging 2026-07-31,1987,1987-01-19,owner-sheet-114
aisake-o-hailpin,Aisake O'hAilpin,2004,IRE,,,1985,1985-08-24,staging 2026-07-31,1985,1985-08-24,owner-chat-2026-07-31 (seam-verified vs public record)
colm-begley,Colm Begley,2005,IRE,,,1986,1986-08-31,staging 2026-07-31,1986,1986-08-31,owner-chat-2026-07-31 (seam-verified vs public record)
