scar_rank,vor_rank,rank_delta,key,name,pos,pick,scar_v,vor_v,vor_over_scar,vor_mixed_v
1,1,0,harry-sheezel,Harry Sheezel,SF,3,10079,12154,1.2059,12154
2,2,0,nick-daicos,Nick Daicos,MID,4,9214,10951,1.1885,10951
3,3,0,luke-jackson,Luke Jackson,RUCK,3,8735,10305,1.1797,10305
4,4,0,nasiah-wanganeen-milera,Nasiah Wanganeen-Milera,SD,11,8375,9797,1.1698,9797
5,5,0,max-holmes,Max Holmes,MID,21,7452,8558,1.1484,8558
6,6,0,tristan-xerri,Tristan Xerri,RUCK,71,7414,8524,1.1497,8524
7,7,0,zak-butters,Zak Butters,MID,12,6473,7219,1.1152,7219
8,8,0,will-ashcroft,Will Ashcroft,MID,2,6380,7167,1.1234,7167
9,9,0,josh-treacy,Josh Treacy,KPF,4,6157,6815,1.1069,6815
10,10,0,bailey-smith,Bailey Smith,MID,7,6092,6732,1.1051,6732
11,11,0,lachlan-ash,Lachlan Ash,SD,4,5682,6278,1.1049,6278
12,12,0,finn-callaghan,Finn Callaghan,MID,3,5592,6170,1.1034,6170
13,13,0,jason-horne-francis,Jason Horne-Francis,SF,1,5554,6097,1.0978,6097
14,14,0,errol-gulden,Errol Gulden,MID,34,5511,6044,1.0967,6044
15,15,0,noah-anderson,Noah Anderson,MID,2,5257,5698,1.0839,5698
16,16,0,sam-darcy,Sam Darcy,KPF,2,4929,5299,1.0751,5299
17,17,0,caleb-serong,Caleb Serong,MID,8,4811,5149,1.0703,5149
18,19,-1,tom-green,Tom Green,MID,10,4682,4989,1.0656,4989
19,18,1,archie-roberts,Archie Roberts,SD,54,4675,5001,1.0697,5001
20,20,0,jagga-smith,Jagga Smith,SF,3,4573,4954,1.0833,4954
21,21,0,willem-duursma,Willem Duursma,MID,1,4498,4863,1.0811,4863
22,22,0,brodie-grundy,Brodie Grundy,RUCK,22,4481,4675,1.0433,4675
23,23,0,murphy-reid,Murphy Reid,SF,17,4305,4541,1.0548,4541
24,24,0,jai-newcombe,Jai Newcombe,MID,2,4286,4521,1.0548,4521
25,25,0,marcus-bontempelli,Marcus Bontempelli,MID,4,4278,4417,1.0325,4417
26,26,0,riley-thilthorpe,Riley Thilthorpe,KPF,2,4164,4371,1.0497,4371
27,27,0,sam-lalor,Sam Lalor,SF,1,4102,4367,1.0646,4367
28,29,-1,nick-blakey,Nick Blakey,SD,10,4094,4266,1.042,4266
29,28,1,colby-mckercher,Colby McKercher,SD,2,4073,4366,1.0719,4366
30,32,-2,mac-andrew,Mac Andrew,KPD,5,4054,4175,1.0298,4175
31,30,1,jake-bowey,Jake Bowey,SD,22,4048,4222,1.043,4222
32,31,1,matt-rowell,Matt Rowell,MID,1,4046,4191,1.0358,4191
33,33,0,noah-mraz,Noah Mraz,KPD,35,4006,4147,1.0352,4157
34,34,0,kysaiah-pickett,Kysaiah Pickett,SF,12,3943,4076,1.0337,4076
35,35,0,bodhi-uwland,Bodhi Uwland,SD,,3883,4043,1.0412,4043
36,36,0,ed-richards,Ed Richards,MID,16,3845,3941,1.025,3941
37,37,0,josh-worrell,Josh Worrell,SD,28,3783,3910,1.0336,3910
38,38,0,jordan-clark,Jordan Clark,SD,15,3777,3889,1.0297,3889
39,41,-2,timothy-english,Timothy English,RUCK,19,3776,3864,1.0233,3864
40,39,1,darcy-wilmot,Darcy Wilmot,SD,16,3739,3880,1.0377,3880
41,43,-2,nick-watson,Nick Watson,SF,5,3710,3854,1.0388,3854
42,42,0,sam-berry,Sam Berry,MID,29,3702,3861,1.0429,3861
43,46,-3,callum-wilkie,Callum Wilkie,KPD,1,3699,3686,0.9965,3686
44,40,4,ryley-sanders,Ryley Sanders,SF,6,3686,3879,1.0524,3879
45,44,1,harley-reid,Harley Reid,MID,1,3663,3778,1.0314,3778
46,47,-1,isaac-heeney,Isaac Heeney,MID,4,3637,3667,1.0082,3667
47,45,2,chad-warner,Chad Warner,SF,38,3624,3724,1.0276,3724
48,48,0,nicholas-martin,Nicholas Martin,SF,,3573,3661,1.0246,3661
49,50,-1,luke-davies-uniacke,Luke Davies-Uniacke,MID,4,3550,3598,1.0135,3598
50,52,-2,jordan-dawson,Jordan Dawson,MID,55,3502,3513,1.0031,3513
51,49,2,finn-o-sullivan,Finn O'Sullivan,SD,2,3449,3637,1.0545,3637
52,54,-2,max-gawn,Max Gawn,RUCK,33,3426,3400,0.9924,3400
53,55,-2,jack-sinclair,Jack Sinclair,SD,1,3408,3397,0.9968,3397
54,53,1,darcy-wilson,Darcy Wilson,SF,18,3407,3476,1.0203,3476
55,51,4,levi-ashcroft,Levi Ashcroft,MID,5,3405,3590,1.0543,3590
56,57,-1,sam-walsh,Sam Walsh,MID,1,3296,3295,0.9997,3295
57,56,1,george-wardlaw,George Wardlaw,MID,4,3215,3326,1.0345,3326
58,60,-2,zac-bailey,Zac Bailey,SF,15,3207,3175,0.99,3175
59,61,-2,andrew-brayshaw,Andrew Brayshaw,MID,2,3187,3164,0.9928,3164
60,58,2,logan-morris,Logan Morris,KPF,31,3158,3226,1.0215,3226
61,59,2,sullivan-robey,Sullivan Robey,SF,9,3122,3216,1.0301,3216
62,64,-2,izak-rankine,Izak Rankine,SF,3,3063,3029,0.9889,3029
63,62,1,sam-cumming,Sam Cumming,MID,7,3047,3153,1.0348,3153
64,63,1,hugo-garcia,Hugo Garcia,MID,50,3038,3103,1.0214,3103
65,65,0,connor-o-sullivan,Connor O'Sullivan,KPD,11,2974,2978,1.0013,2978
66,66,0,will-day,Will Day,MID,13,2966,2962,0.9987,2962
67,68,-1,connor-rozee,Connor Rozee,SD,5,2930,2895,0.9881,2895
68,67,1,joel-freijah,Joel Freijah,SF,45,2891,2913,1.0076,2913
69,69,0,connor-macdonald,Connor MacDonald,SF,26,2869,2844,0.9913,2844
70,72,-2,zachary-merrett,Zachary Merrett,MID,26,2823,2726,0.9656,2726
71,71,0,zeke-uwland,Zeke Uwland,SD,2,2769,2732,0.9866,2732
72,70,2,josh-ward,Josh Ward,MID,7,2749,2765,1.0058,2765
73,73,0,sam-durham,Sam Durham,SF,9,2710,2681,0.9893,2681
74,78,-4,christian-petracca,Christian Petracca,SF,2,2702,2609,0.9656,2609
75,75,0,jaspa-fletcher,Jaspa Fletcher,SD,12,2683,2657,0.9903,2657
76,76,0,jacob-farrow,Jacob Farrow,SD,10,2666,2632,0.9872,2632
77,81,-4,clayton-oliver,Clayton Oliver,MID,4,2636,2526,0.9583,2526
78,74,4,dyson-sharp,Dyson Sharp,SF,13,2621,2661,1.0153,2661
79,77,2,daniel-curtin,Daniel Curtin,MID,8,2609,2625,1.0061,2625
80,80,0,jack-ross,Jack Ross,SF,43,2602,2530,0.9723,2530
81,83,-2,jordon-sweet,Jordon Sweet,RUCK,14,2576,2483,0.9639,2483
82,79,3,harry-dean,Harry Dean,KPD,3,2567,2535,0.9875,2535
83,82,1,kieren-briggs,Kieren Briggs,RUCK,34,2544,2491,0.9792,2491
84,86,-2,max-hall,Max Hall,SF,4,2542,2446,0.9622,2446
85,87,-2,jack-ginnivan,Jack Ginnivan,SF,8,2504,2433,0.9716,2433
86,88,-2,bailey-williams-wc,Bailey J. Williams,KPF,35,2493,2425,0.9727,2425
87,89,-2,connor-idun,Connor Idun,SD,61,2490,2412,0.9687,2412
88,84,4,harvey-langford,Harvey Langford,MID,6,2470,2480,1.004,2480
89,93,-4,tim-taranto,Tim Taranto,MID,2,2465,2338,0.9485,2338
90,92,-2,josh-lindsay,Josh Lindsay,SD,19,2463,2367,0.961,2367
91,85,6,mattaes-phillipou,Mattaes Phillipou,SF,10,2462,2447,0.9939,2447
92,91,1,reuben-ginbey,Reuben Ginbey,SD,9,2458,2380,0.9683,2380
93,94,-1,shai-bolton,Shai Bolton,SF,29,2444,2312,0.946,2312
94,95,-1,bailey-dale,Bailey Dale,SD,45,2439,2306,0.9455,2306
95,90,5,bailey-humphrey,Bailey Humphrey,SF,6,2394,2386,0.9967,2386
96,98,-2,touk-miller,Touk Miller,SF,29,2370,2220,0.9367,2220
97,96,1,shannon-neale,Shannon Neale,KPF,35,2357,2268,0.9622,2268
98,100,-2,lachie-neale,Lachie Neale,MID,66,2353,2202,0.9358,2202
99,105,-6,rowan-marshall,Rowan Marshall,KPF,8,2291,2156,0.9411,2156
100,101,-1,justin-mcinerney,Justin McInerney,SF,44,2284,2180,0.9545,2180
101,99,2,jase-burgoyne,Jase Burgoyne,SD,60,2281,2217,0.9719,2217
102,112,-10,josh-battle,Josh Battle,KPD,39,2273,2110,0.9283,2110
103,110,-7,callum-mills,Callum Mills,SD,3,2272,2130,0.9375,2130
104,107,-3,josh-daicos,Josh Daicos,SD,57,2268,2144,0.9453,2144
105,102,3,tom-powell,Tom Powell,SF,13,2262,2175,0.9615,2175
106,97,9,taj-hotton,Taj Hotton,SF,12,2245,2230,0.9933,2230
107,115,-8,lachie-whitfield,Lachie Whitfield,SD,1,2232,2073,0.9288,2073
108,108,0,harvey-thomas,Harvey Thomas,SF,59,2217,2140,0.9653,2140
109,106,3,tanner-bruhn,Tanner Bruhn,SD,12,2214,2147,0.9697,2147
110,104,6,ollie-dempsey,Ollie Dempsey,MID,7,2211,2161,0.9774,2161
111,114,-3,sam-flanders,Sam Flanders,SF,11,2208,2100,0.9511,2100
112,117,-5,john-noble,John Noble,SD,8,2201,2056,0.9341,2056
113,120,-7,toby-nankervis,Toby Nankervis,RUCK,35,2197,2042,0.9294,2042
114,113,1,marcus-windhager,Marcus Windhager,SD,47,2189,2108,0.963,2108
115,103,12,xavier-lindsay,Xavier Lindsay,SD,11,2184,2163,0.9904,2163
116,116,0,jake-soligo,Jake Soligo,SF,36,2164,2069,0.9561,2069
117,118,-1,josh-rachele,Josh Rachele,SF,6,2150,2052,0.9544,2052
118,109,9,samuel-grlj,Samuel Grlj,SD,8,2142,2134,0.9963,2134
119,119,0,cooper-trembath,Cooper Trembath,KPF,9,2140,2044,0.9551,2044
120,121,-1,ned-moyle,Ned Moyle,RUCK,5,2119,2034,0.9599,2034
121,123,-2,tom-de-koning,Tom De Koning,RUCK,30,2078,2002,0.9634,2002
122,124,-2,hayden-young,Hayden Young,MID,7,2073,1985,0.9575,1985
123,122,1,cameron-mackenzie,Cameron Mackenzie,MID,7,2064,2017,0.9772,2017
124,126,-2,mitchito-owens,Mitchito Owens,KPF,33,2056,1935,0.9411,1935
125,111,14,mitchell-edwards,Mitchell Edwards,RUCK,32,2055,2116,1.0297,2116
126,127,-1,matthew-roberts,Matthew Roberts,SD,34,2042,1932,0.9461,1932
127,125,2,joel-jeffrey,Joel Jeffrey,SD,30,2029,1936,0.9542,1936
128,131,-3,wayne-milera,Wayne Milera,SD,11,2003,1841,0.9191,1841
129,130,-1,lawson-humphries,Lawson Humphries,SD,63,1972,1878,0.9523,1878
130,133,-3,gryan-miers,Gryan Miers,SF,57,1964,1820,0.9267,1820
131,129,2,phoenix-gothard,Phoenix Gothard,SF,12,1963,1904,0.9699,1904
132,137,-5,harris-andrews,Harris Andrews,KPD,60,1961,1765,0.9001,1765
133,132,1,jacob-van-rooyen,Jacob Van Rooyen,KPF,19,1951,1838,0.9421,1838
134,138,-4,george-hewett,George Hewett,MID,32,1937,1758,0.9076,1758
135,136,-1,tom-mccartin,Tom McCartin,KPD,33,1937,1768,0.9128,1768
136,134,2,nick-madden,Nick Madden,RUCK,,1932,1794,0.9286,1794
137,141,-4,james-sicily,James Sicily,SD,52,1910,1739,0.9105,1739
138,128,10,daniel-annable,Daniel Annable,MID,6,1890,1908,1.0095,1885
139,146,-7,patrick-cripps,Patrick Cripps,MID,13,1881,1704,0.9059,1704
140,140,0,aaron-cadman,Aaron Cadman,KPF,1,1876,1746,0.9307,1746
141,145,-4,harry-mckay,Harry McKay,KPF,10,1872,1710,0.9135,1710
142,135,7,jobe-shanahan,Jobe Shanahan,KPF,30,1853,1792,0.9671,1792
143,144,-1,patrick-voss,Patrick Voss,KPF,5,1841,1728,0.9386,1728
144,148,-4,mark-keane,Mark Keane,KPD,,1819,1667,0.9164,1667
145,139,6,oliver-hollands,Oliver Hollands,SD,11,1815,1756,0.9675,1756
146,142,4,nate-caddy,Nate Caddy,KPF,10,1812,1735,0.9575,1735
147,151,-4,hugh-mccluggage,Hugh McCluggage,MID,3,1791,1623,0.9062,1623
148,149,-1,tom-sparrow,Tom Sparrow,SF,27,1790,1636,0.914,1636
149,152,-3,daniel-turner,Daniel Turner,KPD,20,1767,1622,0.9179,1622
150,155,-5,peter-wright,Peter Wright,KPF,10,1767,1583,0.8959,1583
151,143,8,caleb-windsor,Caleb Windsor,SD,7,1765,1732,0.9813,1732
152,150,2,trent-rivers,Trent Rivers,SD,32,1759,1635,0.9295,1635
153,153,0,jye-amiss,Jye Amiss,KPF,8,1753,1596,0.9104,1596
154,147,7,will-graham,Will Graham,SF,26,1727,1700,0.9844,1700
155,161,-6,jordan-de-goey,Jordan De Goey,SF,6,1722,1536,0.892,1536
156,162,-6,jack-steele,Jack Steele,MID,21,1689,1503,0.8899,1503
157,157,0,joshua-weddle,Joshua Weddle,SD,18,1689,1573,0.9313,1573
158,154,4,koltyn-tholstrup,Koltyn Tholstrup,SF,13,1671,1589,0.9509,1589
159,163,-4,luke-parker,Luke Parker,SD,42,1670,1481,0.8868,1481
160,158,2,massimo-d-ambrosio,Massimo D'Ambrosio,MID,3,1669,1569,0.9401,1569
161,156,5,cooper-duff-tytler,Cooper Duff-Tytler,KPF,4,1638,1578,0.9634,1578
162,164,-2,mason-redman,Mason Redman,SD,30,1636,1462,0.8936,1462
163,167,-4,tom-mccarthy,Tom McCarthy,SD,1,1633,1451,0.8885,1451
164,166,-2,charlie-curnow,Charlie Curnow,KPF,12,1626,1458,0.8967,1458
165,169,-4,luke-ryan,Luke Ryan,SD,65,1608,1426,0.8868,1426
166,171,-5,thomas-liberatore,Thomas Liberatore,MID,24,1607,1412,0.8787,1412
167,159,8,leo-lombard,Leo Lombard,SF,9,1603,1560,0.9732,1560
168,160,8,ty-gallop,Ty Gallop,KPF,42,1598,1548,0.9687,1548
169,172,-3,darcy-cameron,Darcy Cameron,RUCK,48,1588,1403,0.8835,1403
170,165,5,alix-tauru,Alix Tauru,KPF,10,1571,1460,0.9293,1460
171,177,-6,caleb-daniel,Caleb Daniel,SD,46,1551,1365,0.8801,1365
172,174,-2,ned-long,Ned Long,SF,3,1524,1394,0.9147,1394
173,175,-2,paul-curtis,Paul Curtis,SF,35,1522,1378,0.9054,1378
174,179,-5,mitch-georgiades,Mitch Georgiades,KPF,18,1521,1363,0.8961,1363
175,173,2,logan-evans,Logan Evans,SD,12,1506,1397,0.9276,1397
176,168,8,ryan-maric,Ryan Maric,SD,1,1500,1434,0.956,1434
177,176,1,darcy-jones,Darcy Jones,SF,21,1494,1368,0.9157,1368
178,181,-3,kane-farrell,Kane Farrell,SD,51,1492,1336,0.8954,1336
179,186,-7,aaron-naughton,Aaron Naughton,KPF,9,1482,1323,0.8927,1323
180,178,2,luke-trainor,Luke Trainor,SD,21,1482,1365,0.9211,1365
181,188,-7,sam-taylor,Sam Taylor,KPD,28,1479,1311,0.8864,1311
182,185,-3,lloyd-meek,Lloyd Meek,RUCK,68,1476,1324,0.897,1324
183,183,0,james-peatling,James Peatling,MID,8,1469,1326,0.9027,1326
184,170,14,isaac-kako,Isaac Kako,SF,13,1462,1419,0.9706,1419
185,196,-11,zach-reid,Zach Reid,KPD,10,1434,1249,0.871,1249
186,193,-7,lachlan-mcandrew,Lachlan McAndrew,RUCK,,1432,1257,0.8778,1257
187,197,-10,josh-dunkley,Josh Dunkley,MID,25,1431,1242,0.8679,1242
188,195,-7,jake-waterman,Jake Waterman,KPF,76,1421,1250,0.8797,1250
189,199,-10,james-rowbottom,James Rowbottom,SF,25,1420,1231,0.8669,1231
190,198,-8,brent-daniels,Brent Daniels,SF,27,1418,1237,0.8724,1237
191,180,11,kane-mcauliffe,Kane McAuliffe,MID,40,1406,1344,0.9559,1344
192,182,10,joe-berry,Joe Berry,SF,15,1397,1333,0.9542,1333
193,200,-7,dylan-moore,Dylan Moore,SF,66,1396,1223,0.8761,1223
194,201,-7,jy-simpkin,Jy Simpkin,SF,12,1389,1220,0.8783,1220
195,202,-7,tim-kelly,Tim Kelly,SF,24,1377,1202,0.8729,1202
196,206,-10,bradley-hill,Bradley Hill,SF,42,1371,1174,0.8563,1174
197,187,10,elijah-tsatas,Elijah Tsatas,MID,5,1362,1312,0.9633,1312
198,205,-7,dan-houston,Dan Houston,SD,30,1357,1180,0.8696,1180
199,189,10,patrick-retschko,Patrick Retschko,MID,8,1348,1302,0.9659,1302
200,184,16,jai-murray,Jai Murray,MID,17,1343,1324,0.9859,1324
201,192,9,jack-whitlock,Jack Whitlock,KPF,33,1325,1260,0.9509,1260
202,190,12,beau-addinsall,Beau Addinsall,MID,18,1321,1294,0.9796,1294
203,209,-6,sam-draper,Sam Draper,KPF,1,1307,1122,0.8585,1122
204,194,10,cooper-hynes,Cooper Hynes,SF,20,1306,1256,0.9617,1256
205,210,-5,jayden-short,Jayden Short,SD,9,1306,1120,0.8576,1120
206,191,15,josh-smillie,Josh Smillie,MID,7,1276,1290,1.011,1276
207,216,-9,thomas-stewart,Thomas Stewart,SD,40,1271,1079,0.8489,1079
208,204,4,jonty-faull,Jonty Faull,KPF,14,1255,1183,0.9426,1183
209,219,-10,dayne-zorko,Dayne Zorko,SD,38,1250,1049,0.8392,1049
210,220,-10,jacob-weitering,Jacob Weitering,KPD,1,1232,1042,0.8458,1042
211,207,4,dante-visentini,Dante Visentini,KPF,56,1227,1164,0.9487,1164
212,211,1,sam-banks,Sam Banks,SD,29,1225,1117,0.9118,1117
213,208,5,bo-allan,Bo Allan,SD,16,1224,1130,0.9232,1130
214,203,11,sid-draper,Sid Draper,SF,4,1204,1185,0.9842,1185
215,230,-15,jack-gunston,Jack Gunston,KPF,29,1187,987,0.8315,987
216,214,2,tyler-sonsie,Tyler Sonsie,SF,28,1184,1097,0.9265,1097
217,213,4,jed-walter,Jed Walter,KPF,3,1174,1110,0.9455,1110
218,225,-7,ben-miller,Ben Miller,KPD,62,1171,997,0.8514,997
219,212,7,cooper-lord,Cooper Lord,MID,9,1169,1110,0.9495,1110
220,224,-4,jye-caldwell,Jye Caldwell,MID,11,1166,1001,0.8585,1001
221,223,-2,andrew-mcgrath,Andrew McGrath,SD,1,1160,1002,0.8638,1002
222,218,4,anthony-caminiti,Anthony Caminiti,KPF,,1155,1050,0.9091,1050
223,215,8,thomas-sims,Thomas Sims,KPF,28,1151,1090,0.947,1090
224,239,-15,adam-treloar,Adam Treloar,SF,14,1149,953,0.8294,953
225,217,8,dylan-patterson,Dylan Patterson,SD,5,1137,1060,0.9323,1076
226,240,-14,jarman-impey,Jarman Impey,SD,21,1134,950,0.8377,950
227,235,-8,kade-chandler,Kade Chandler,SF,10,1134,964,0.8501,964
228,227,1,brayden-cook,Brayden Cook,SF,26,1128,992,0.8794,992
229,237,-8,adam-cerra,Adam Cerra,MID,5,1125,954,0.848,954
230,228,2,seth-campbell,Seth Campbell,SF,3,1124,990,0.8808,990
231,244,-13,joe-richards,Joe Richards,SF,48,1120,936,0.8357,936
232,222,10,harry-kyle,Harry Kyle,SD,14,1110,1017,0.9162,1017
233,234,-1,jai-serong,Jai Serong,KPD,53,1107,965,0.8717,965
234,241,-7,karl-worner,Karl Worner,SD,4,1103,948,0.8595,948
235,250,-15,ed-langdon,Ed Langdon,SF,54,1080,898,0.8315,898
236,229,7,matt-johnson-1,Matt Johnson,MID,21,1076,988,0.9182,988
237,226,11,neil-erasmus,Neil Erasmus,MID,10,1065,993,0.9324,993
238,249,-11,reilly-o-brien,Reilly O'Brien,RUCK,8,1064,899,0.8449,899
239,231,8,lachy-dovaston,Lachy Dovaston,SF,16,1061,986,0.9293,986
240,254,-14,darcy-fogarty,Darcy Fogarty,KPF,12,1051,881,0.8382,881
241,236,5,jordan-croft,Jordan Croft,KPF,15,1051,962,0.9153,962
242,247,-5,jedd-busslinger,Jedd Busslinger,KPD,13,1048,911,0.8693,911
243,255,-12,sam-de-koning,Sam De Koning,KPD,19,1045,873,0.8354,873
244,258,-14,toby-greene,Toby Greene,SF,17,1040,853,0.8202,853
245,259,-14,will-brodie,Will Brodie,MID,9,1038,845,0.8141,845
246,221,25,taylor-goad,Taylor Goad,RUCK,20,1034,1020,0.9865,1023
247,232,15,harry-armstrong,Harry Armstrong,KPF,23,1031,968,0.9389,968
248,243,5,ethan-read,Ethan Read,KPF,9,1024,936,0.9141,936
249,256,-7,charlie-comben,Charlie Comben,KPD,31,1023,853,0.8338,853
250,260,-10,jeremy-cameron,Jeremy Cameron,KPF,12,1021,830,0.8129,830
251,233,18,hugh-boxshall,Hugh Boxshall,MID,45,1019,968,0.95,968
252,238,14,calsher-dear,Calsher Dear,KPF,56,1016,954,0.939,954
253,242,11,matt-carroll,Matt Carroll,SD,7,1007,947,0.9404,947
254,265,-11,aliir-aliir,Aliir Aliir,KPD,44,993,798,0.8036,798
255,253,2,billy-wilson,Billy Wilson,SD,34,984,881,0.8953,881
256,245,11,christian-moraes,Christian Moraes,SF,38,984,934,0.9492,934
257,246,11,hamish-davis,Hamish Davis,MID,65,974,924,0.9487,924
258,251,7,louis-emmett,Louis Emmett,RUCK,27,970,896,0.9237,896
259,267,-8,wil-powell,Wil Powell,SD,19,956,780,0.8159,780
260,269,-9,rory-laird,Rory Laird,SD,8,955,772,0.8084,772
261,248,13,samuel-swadling,Samuel Swadling,MID,37,953,901,0.9454,901
262,271,-9,sean-darcy,Sean Darcy,RUCK,38,947,767,0.8099,767
263,257,6,harry-o-farrell,Harry O'Farrell,KPD,40,932,853,0.9152,853
264,273,-9,patrick-lipinski,Patrick Lipinski,SF,28,928,760,0.819,760
265,252,13,jhye-clark,Jhye Clark,SF,8,925,884,0.9557,884
266,270,-4,keidean-coleman,Keidean Coleman,SD,36,920,769,0.8359,769
267,262,5,talor-byrne,Talor Byrne,SF,45,915,830,0.9071,830
268,279,-11,jack-silvagni,Jack Silvagni,KPD,53,906,730,0.8057,730
269,283,-14,jordan-ridley,Jordan Ridley,SD,22,904,720,0.7965,720
270,263,7,xavier-taylor,Xavier Taylor,SD,11,902,818,0.9069,857
271,264,7,lachie-jaques,Lachie Jaques,SD,29,891,815,0.9147,815
272,282,-10,cameron-rayner,Cameron Rayner,SF,1,882,720,0.8163,720
273,261,12,sam-marshall,Sam Marshall,MID,25,876,830,0.9475,830
274,266,8,archer-reid,Archer Reid,KPF,30,872,788,0.9037,788
275,277,-2,elijah-hollands,Elijah Hollands,SF,7,864,730,0.8449,730
276,290,-14,lachlan-schultz,Lachlan Schultz,SF,57,850,682,0.8024,682
277,268,9,edward-allan,Edward Allan,MID,19,849,777,0.9152,777
278,287,-9,miles-bergman,Miles Bergman,SD,14,849,704,0.8292,704
279,295,-16,darcy-byrne-jones,Darcy Byrne-Jones,SF,50,846,664,0.7849,664
280,280,0,joseph-fonti,Joseph Fonti,SD,44,840,730,0.869,730
281,272,9,angus-sheldrick,Angus Sheldrick,MID,18,838,766,0.9141,766
282,297,-15,marcus-herbert,Marcus Herbert,MID,13,837,656,0.7838,656
283,274,9,nick-bryan,Nick Bryan,RUCK,37,837,745,0.8901,745
284,286,-2,lachlan-cowan,Lachlan Cowan,SD,30,820,715,0.872,715
285,307,-22,samuel-collins,Samuel Collins,KPD,54,814,635,0.7801,635
286,305,-19,nic-newman,Nic Newman,SD,24,813,643,0.7909,643
287,301,-14,daniel-rioli,Daniel Rioli,SD,15,808,646,0.7995,646
288,276,12,angus-clarke,Angus Clarke,SD,39,807,732,0.9071,732
289,304,-15,will-setterfield,Will Setterfield,MID,5,806,645,0.8002,645
290,293,-3,kai-lohmann,Kai Lohmann,SF,20,805,669,0.8311,669
291,309,-18,bailey-williams-wb,Bailey Williams,SD,48,791,627,0.7927,627
292,284,8,cameron-nairn,Cameron Nairn,SF,20,784,719,0.9171,744
293,281,12,elijah-hewett,Elijah Hewett,MID,14,782,722,0.9233,722
294,275,19,zane-duursma,Zane Duursma,SF,4,779,739,0.9487,739
295,288,7,william-mccabe,William McCabe,KPD,19,775,704,0.9084,713
296,314,-18,matthew-kennedy-1,Matthew Kennedy,MID,13,771,610,0.7912,610
297,315,-18,oliver-florent,Oliver Florent,SD,11,767,603,0.7862,603
298,291,7,oskar-taylor,Oskar Taylor,SD,15,759,682,0.8986,759
299,316,-17,brodie-kemp,Brodie Kemp,KPF,17,753,592,0.7862,592
300,278,22,harley-barker,Harley Barker,MID,24,749,730,0.9746,749
301,285,16,charlie-edwards,Charlie Edwards,SD,21,747,716,0.9585,722
302,327,-25,jack-buckley,Jack Buckley,KPD,,740,570,0.7703,570
303,320,-17,willem-drew,Willem Drew,MID,33,736,579,0.7867,579
304,325,-21,darcy-parish,Darcy Parish,MID,5,731,572,0.7825,572
305,303,2,tobie-travaglia,Tobie Travaglia,SD,8,728,646,0.8874,646
306,330,-24,jack-graham,Jack Graham,SF,53,727,562,0.773,562
307,328,-21,kyle-langford,Kyle Langford,KPF,18,727,563,0.7744,563
308,289,19,jack-ough,Jack Ough,MID,36,724,685,0.9461,690
309,313,-4,logan-mcdonald,Logan McDonald,KPF,4,720,610,0.8472,610
310,299,11,max-heath,Max Heath,KPF,7,720,652,0.9056,652
311,292,19,lachlan-smith,Lachlan Smith,RUCK,47,716,670,0.9358,678
312,333,-21,shaun-mannagh,Shaun Mannagh,SF,36,716,555,0.7751,555
313,308,5,nathan-o-driscoll,Nathan O'Driscoll,MID,28,709,633,0.8928,633
314,339,-25,peter-ladhams,Peter Ladhams,KPF,7,706,548,0.7762,548
315,302,13,mitchell-marsh,Mitchell Marsh,KPF,22,705,646,0.9163,705
316,300,16,cody-curtin,Cody Curtin,KPF,43,703,647,0.9203,657
317,338,-21,mitchell-lewis,Mitchell Lewis,KPF,75,700,548,0.7829,548
318,306,12,aidan-schubert,Aidan Schubert,KPF,23,696,638,0.9167,696
319,298,21,charlie-banfield,Charlie Banfield,SF,41,694,652,0.9395,667
320,294,26,sam-allen,Sam Allen,SF,29,693,665,0.9596,693
321,342,-21,blake-hardwick,Blake Hardwick,SD,44,692,536,0.7746,536
322,340,-18,cooper-sharman,Cooper Sharman,KPF,18,689,544,0.7896,544
323,344,-21,matthew-flynn,Matthew Flynn,RUCK,41,689,530,0.7692,530
324,312,12,harrison-oliver,Harrison Oliver,SD,19,683,612,0.896,612
325,343,-18,nick-larkey,Nick Larkey,KPF,72,678,531,0.7832,531
326,296,30,will-green,Will Green,RUCK,16,672,663,0.9866,672
327,334,-7,cooper-harvey,Cooper Harvey,SF,56,663,553,0.8341,553
328,311,17,ollie-greeves,Ollie Greeves,MID,5,663,618,0.9321,618
329,350,-21,brayden-maynard,Brayden Maynard,SD,30,657,503,0.7656,503
330,318,12,jake-rogers,Jake Rogers,SF,14,647,590,0.9119,590
331,319,12,harry-rowston,Harry Rowston,MID,16,644,583,0.9053,583
332,317,15,tom-gross,Tom Gross,SF,46,644,591,0.9177,591
333,322,11,zak-johnson,Zak Johnson,SD,70,644,577,0.896,577
334,364,-30,jack-lukosius,Jack Lukosius,KPF,2,635,479,0.7543,479
335,324,11,zane-peucker,Zane Peucker,SF,31,633,573,0.9052,599
336,329,7,jack-dalton,Jack Dalton,MID,34,630,562,0.8921,573
337,323,14,latrelle-pickett,Latrelle Pickett,SF,12,630,574,0.9111,574
338,310,28,harry-barnett,Harry Barnett,RUCK,23,629,623,0.9905,629
339,349,-10,james-o-donnell,James O'Donnell,KPD,,625,506,0.8096,506
340,337,3,jack-ison,Jack Ison,MID,47,623,548,0.8796,548
341,368,-27,adam-saad,Adam Saad,SD,19,615,465,0.7561,465
342,331,11,charlie-west,Charlie West,KPF,50,612,560,0.915,566
343,332,11,matt-whitlock,Matt Whitlock,KPF,27,609,559,0.9179,575
344,321,23,tyan-prindable,Tyan Prindable,MID,32,607,577,0.9506,607
345,345,0,wil-dawson,Wil Dawson,KPD,22,605,527,0.8711,527
346,370,-24,isaac-quaynor,Isaac Quaynor,SD,13,601,460,0.7654,460
347,341,6,adam-sweid,Adam Sweid,MID,25,598,543,0.908,598
348,358,-10,rhett-bazzo,Rhett Bazzo,KPD,37,598,484,0.8094,484
349,375,-26,jack-crisp,Jack Crisp,MID,34,592,445,0.7517,445
350,360,-10,tom-brown,Tom Brown,SD,17,590,482,0.8169,482
351,335,16,hunter-holmes,Hunter Holmes,MID,33,584,552,0.9452,584
352,346,6,lachlan-carmichael,Lachlan Carmichael,SD,21,577,522,0.9047,577
353,326,27,toby-conway,Toby Conway,RUCK,24,577,571,0.9896,577
354,357,-3,max-michalanney,Max Michalanney,SD,17,573,484,0.8447,484
355,348,7,blake-thredgold,Blake Thredgold,KPD,26,571,507,0.8879,571
356,383,-27,liam-baker,Liam Baker,SD,11,571,429,0.7513,429
357,382,-25,christian-salem,Christian Salem,SD,9,569,429,0.754,429
358,385,-27,noah-balta,Noah Balta,KPF,25,569,428,0.7522,428
359,347,12,oliver-francou,Oliver Francou,MID,3,565,511,0.9044,511
360,377,-17,james-borlase,James Borlase,KPD,,564,439,0.7784,439
361,352,9,max-kondogiannis,Max Kondogiannis,SD,36,564,499,0.8848,499
362,336,26,cody-angove,Cody Angove,SF,24,563,549,0.9751,563
363,388,-25,karl-amon,Karl Amon,SD,59,561,420,0.7487,420
364,365,-1,max-gruzewski,Max Gruzewski,KPF,22,561,478,0.852,478
365,353,12,oscar-steene,Oscar Steene,KPF,,560,498,0.8893,498
366,390,-24,marc-pittonet,Marc Pittonet,RUCK,50,552,414,0.75,414
367,354,13,thomas-matthews,Thomas Matthews,SF,30,551,496,0.9002,551
368,355,13,josh-lai,Josh Lai,SD,,549,485,0.8834,485
369,397,-28,joshua-kelly,Joshua Kelly,MID,2,549,408,0.7432,408
370,359,11,james-leake,James Leake,SF,17,546,483,0.8846,483
371,412,-41,liam-reidy,Liam Reidy,KPF,4,543,380,0.6998,380
372,356,16,archer-day-wicks,Archer Day-Wicks,SF,1,541,484,0.8946,484
373,371,2,jack-williams,Jack Williams,KPF,57,540,460,0.8519,460
374,369,5,josh-draper,Josh Draper,KPD,,537,465,0.8659,465
375,366,9,caiden-cleary,Caiden Cleary,SF,24,534,477,0.8933,477
376,408,-32,tom-papley,Tom Papley,SF,11,532,387,0.7274,387
377,372,5,liam-fawcett,Liam Fawcett,KPF,43,526,459,0.8726,459
378,362,16,luke-kennedy,Luke Kennedy,MID,62,525,481,0.9162,486
379,411,-32,zachary-williams,Zachary Williams,SF,,524,382,0.729,382
380,409,-29,mason-wood,Mason Wood,SF,44,522,383,0.7337,383
381,351,30,max-knobel,Max Knobel,RUCK,42,516,501,0.9709,516
382,373,9,jayden-nguyen,Jayden Nguyen,SD,,510,455,0.8922,455
383,393,-10,dylan-stephens,Dylan Stephens,MID,5,505,411,0.8139,411
384,381,3,ryan-angwin,Ryan Angwin,MID,19,503,430,0.8549,430
385,425,-40,dion-prestia,Dion Prestia,SF,9,502,359,0.7151,359
386,361,25,jacob-molier,Jacob Molier,RUCK,52,502,481,0.9582,502
387,417,-30,james-worpel,James Worpel,MID,45,501,370,0.7385,370
388,379,9,josh-dolan,Josh Dolan,SF,31,501,436,0.8703,436
389,363,26,alex-dodson,Alex Dodson,KPF,53,499,479,0.9599,499
390,384,6,matthew-jefferson,Matthew Jefferson,KPF,15,499,429,0.8597,429
391,374,17,avery-thomas,Avery Thomas,SD,28,494,448,0.9069,494
392,376,16,jevan-phillipou,Jevan Phillipou,MID,35,494,444,0.8988,494
393,402,-9,heath-chapman,Heath Chapman,SD,14,493,396,0.8032,396
394,378,16,hussien-el-achkar,Hussien El Achkar,SF,53,492,436,0.8862,436
395,380,15,will-darcy,Will Darcy,KPF,58,491,436,0.888,491
396,389,7,alex-davies,Alex Davies,MID,17,489,419,0.8569,419
397,433,-36,scott-pendlebury,Scott Pendlebury,MID,5,484,350,0.7231,350
398,426,-28,francis-evans,Francis Evans,SF,40,480,359,0.7479,359
399,367,32,harry-demattia,Harry DeMattia,MID,25,479,466,0.9729,479
400,420,-20,mitchell-hinge,Mitchell Hinge,SD,16,479,366,0.7641,366
401,399,2,archie-may,Archie May,KPF,6,478,403,0.8431,403
402,387,15,zane-zakostelsky,Zane Zakostelsky,KPD,51,475,421,0.8863,434
403,395,8,xavier-bamert,Xavier Bamert,MID,5,470,411,0.8745,411
404,386,18,noah-roberts-thomson,Noah Roberts-Thomson,MID,54,469,422,0.8998,439
405,396,9,oliver-hannaford,Oliver Hannaford,MID,18,463,410,0.8855,414
406,414,-8,luke-nankervis,Luke Nankervis,MID,1,460,375,0.8152,375
407,394,13,koby-evans,Koby Evans,MID,38,458,411,0.8974,458
408,403,5,thomas-burton,Thomas Burton,MID,,453,394,0.8698,394
409,391,18,jesse-dattoli,Jesse Dattoli,SF,22,450,413,0.9178,450
410,447,-37,ben-keays,Ben Keays,SF,24,449,321,0.7149,321
411,445,-34,nick-murray,Nick Murray,KPD,,448,331,0.7388,331
412,401,11,tylah-williams,Tylah Williams,SF,39,447,401,0.8971,447
413,392,21,kalani-white,Kalani White,KPF,,446,412,0.9238,412
414,398,16,will-lorenz,Will Lorenz,MID,57,439,405,0.9226,410
415,404,11,archie-ludowyke,Archie Ludowyke,KPF,50,434,393,0.9055,434
416,400,16,koby-coulson,Koby Coulson,MID,46,433,401,0.9261,433
417,456,-39,rory-lobb,Rory Lobb,KPD,29,431,304,0.7053,304
418,405,13,fred-rodriguez,Fred Rodriguez,SF,1,429,391,0.9114,391
419,406,13,nick-driscoll,Nick Driscoll,SF,6,429,391,0.9114,391
420,459,-39,alex-neal-bullen,Alex Neal-Bullen,SF,40,426,299,0.7019,299
421,407,14,riley-onley,Riley Onley,MID,2,426,387,0.9085,387
422,410,12,zac-mccarthy,Zac McCarthy,KPF,55,422,382,0.9052,422
423,419,4,josaia-delana,Josaia Delana,SF,,421,366,0.8694,366
424,429,-5,samson-ryan,Samson Ryan,RUCK,42,420,357,0.85,357
425,460,-35,tom-atkins,Tom Atkins,MID,7,419,297,0.7088,297
426,421,5,malakai-champion,Malakai Champion,SF,,418,365,0.8732,365
427,413,14,luker-kentfield,Luker Kentfield,KPF,11,412,376,0.9126,376
428,415,13,tobyn-murray,Tobyn Murray,SF,40,412,373,0.9053,412
429,427,2,lachlan-gulbin,Lachlan Gulbin,SF,,411,357,0.8686,357
430,416,14,george-stevens,George Stevens,MID,58,410,370,0.9024,378
431,470,-39,connor-budarick,Connor Budarick,SF,9,409,285,0.6968,285
432,431,1,chris-scerri,Chris Scerri,SF,,407,353,0.8673,353
433,424,9,leon-kickett,Leon Kickett,SF,4,406,360,0.8867,360
434,418,16,kye-fincher,Kye Fincher,SD,52,401,370,0.9227,401
435,477,-42,mabior-chol,Mabior Chol,KPF,25,397,276,0.6952,276
436,471,-35,jake-riccardi,Jake Riccardi,KPF,50,396,282,0.7121,282
437,437,0,jasper-alger,Jasper Alger,SF,58,395,341,0.8633,341
438,432,6,harrison-ramm,Harrison Ramm,KPD,3,394,353,0.8959,353
439,423,16,liam-hetherton,Liam Hetherton,KPF,,392,363,0.926,363
440,434,6,james-barrat,James Barrat,KPF,32,391,347,0.8875,391
441,430,11,ned-bowman,Ned Bowman,SF,26,391,354,0.9054,391
442,478,-36,oliver-wines,Oliver Wines,MID,10,391,274,0.7008,274
443,458,-15,jaxon-prior,Jaxon Prior,SD,58,390,300,0.7692,300
444,428,16,matthew-leray,Matthew LeRay,MID,56,390,357,0.9154,390
445,476,-31,hayden-mclean,Hayden McLean,KPF,,387,276,0.7132,276
446,452,-6,judd-mcvee,Judd McVee,SD,9,386,311,0.8057,311
447,484,-37,brennan-cox,Brennan Cox,KPD,41,385,266,0.6909,266
448,435,13,finnegan-davis,Finnegan Davis,SD,51,382,344,0.9005,382
449,439,10,lewis-hayes,Lewis Hayes,SD,25,379,337,0.8892,379
450,462,-12,braeden-campbell,Braeden Campbell,SF,5,377,296,0.7851,296
451,436,15,charlie-nicholls,Charlie Nicholls,KPF,34,373,342,0.9169,373
452,442,10,jay-polkinghorne,Jay Polkinghorne,KPF,44,373,332,0.8901,345
453,466,-13,brady-hough,Brady Hough,SD,31,371,294,0.7925,294
454,492,-38,jack-viney,Jack Viney,MID,13,369,257,0.6965,257
455,450,5,will-hayes-b,Will Hayes,SF,56,368,320,0.8696,320
456,506,-50,jeremy-howe,Jeremy Howe,SD,35,367,252,0.6866,252
457,508,-51,liam-duggan,Liam Duggan,SD,12,365,249,0.6822,249
458,422,36,flynn-riley,Flynn Riley,RUCK,4,364,363,0.9973,363
459,448,11,hugo-mikunda,Hugo Mikunda,SF,48,362,321,0.8867,362
460,510,-50,tom-doedee,Tom Doedee,SD,17,361,245,0.6787,245
461,449,12,jaxon-artemis,Jaxon Artemis,SD,1,358,320,0.8939,320
462,454,8,campbell-chesser,Campbell Chesser,MID,14,357,307,0.8599,307
463,438,25,clay-hall,Clay Hall,MID,38,354,337,0.952,347
464,469,-5,jamarra-ugle-hagan,Jamarra Ugle-Hagan,KPF,1,353,287,0.813,287
465,517,-52,milan-murdock,Milan Murdock,SF,,353,238,0.6742,238
466,453,13,balyn-o-brien,Balyn O'Brien,SD,,349,310,0.8883,310
467,507,-40,ben-king,Ben King,KPF,6,349,249,0.7135,249
468,511,-43,conor-nash,Conor Nash,MID,,348,241,0.6925,241
469,446,23,noah-howes,Noah Howes,KPF,14,348,324,0.931,324
470,451,19,kayle-gerreyn,Kayle Gerreyn,RUCK,37,345,315,0.913,345
471,516,-45,harrison-himmelberg,Harrison Himmelberg,SD,16,344,238,0.6919,238
472,461,11,bodie-ryan,Bodie Ryan,SD,46,342,296,0.8655,301
473,457,16,thomas-anastasopoulos,Tom Anastasopoulos,SF,48,341,301,0.8827,312
474,481,-7,blake-howes,Blake Howes,SD,39,340,269,0.7912,269
475,519,-44,riley-bice,Riley Bice,SD,41,340,238,0.7,238
476,465,11,riley-hamilton,Riley Hamilton,SF,,340,296,0.8706,296
477,468,9,angus-hastie,Angus Hastie,SD,33,339,290,0.8555,290
478,513,-35,jake-lever,Jake Lever,SD,15,339,239,0.705,239
479,505,-26,max-king-stk,Max King,KPF,4,338,253,0.7485,253
480,455,25,brayden-george,Brayden George,SF,26,337,306,0.908,337
481,464,17,joel-cochran,Joel Cochran,SD,47,333,296,0.8889,333
482,440,42,alex-van-wyk,Alex Van Wyk,RUCK,14,332,332,1.0,332
483,441,42,caleb-may,Caleb May,RUCK,9,332,332,1.0,332
484,533,-49,jarrod-berry,Jarrod Berry,MID,17,332,227,0.6837,227
485,443,42,max-mapley,Max Mapley,RUCK,18,332,332,1.0,332
486,444,42,patrick-carr,Patrick Carr,RUCK,,332,332,1.0,332
487,495,-8,ned-reeves,Ned Reeves,RUCK,,330,256,0.7758,256
488,467,21,cooper-bell,Cooper Bell,KPF,49,329,292,0.8875,329
489,538,-49,jesse-hogan,Jesse Hogan,KPF,5,329,220,0.6687,220
490,537,-47,zach-guthrie,Zach Guthrie,SD,22,327,222,0.6789,222
491,463,28,cillian-bourke,Cillian Bourke,SD,,325,296,0.9108,296
492,540,-48,ben-ainsworth,Ben Ainsworth,SF,4,319,215,0.674,215
493,534,-41,tylar-young,Tylar Young,KPD,9,319,227,0.7116,227
494,482,12,isaac-keeler,Isaac Keeler,KPF,44,317,268,0.8454,268
495,472,23,riley-hardeman,Riley Hardeman,SD,23,317,282,0.8896,294
496,545,-49,elliot-yeo,Elliot Yeo,SF,36,316,209,0.6614,209
497,473,24,hugh-davies,Hugh Davies,KPD,33,314,278,0.8854,314
498,488,10,finnbar-maley,Finnbar Maley,KPF,2,312,260,0.8333,260
499,548,-49,jack-henry,Jack Henry,KPF,13,310,204,0.6581,204
500,527,-27,archie-perkins,Archie Perkins,SF,9,309,235,0.7605,235
501,479,22,ashton-moir,Ashton Moir,SF,29,305,273,0.8951,282
502,474,28,jesse-mellor,Jesse Mellor,SF,,303,277,0.9142,277
503,486,17,hudson-o-keeffe,Hudson O'Keeffe,KPF,,301,263,0.8738,263
504,480,24,riak-andrew,Riak Andrew,KPD,55,300,271,0.9033,300
505,554,-49,jayden-laverde,Jayden Laverde,KPD,20,298,195,0.6544,195
506,475,31,ben-camporeale,Ben Camporeale,MID,43,297,276,0.9293,297
507,487,20,max-king-syd,Maxwell King,KPF,49,296,263,0.8885,296
508,557,-49,charlie-cameron,Charlie Cameron,SF,6,295,192,0.6508,192
509,483,26,jacob-moss,Jacob Moss,KPD,,293,268,0.9147,268
510,485,25,oscar-ryan,Oscar Ryan,SD,27,293,266,0.9078,293
511,489,22,ollie-murphy,Ollie Murphy,KPD,41,292,258,0.8836,292
512,531,-19,toby-murray,Toby Murray,KPF,7,291,230,0.7904,230
513,491,22,indy-cotton,Indy Cotton,SF,,287,257,0.8955,257
514,543,-29,leek-aleer,Leek Aleer,KPD,15,287,214,0.7456,214
515,501,14,luke-lloyd,Luke Lloyd,KPF,42,287,255,0.8885,287
516,490,26,ben-murphy,Ben Murphy,SD,,286,257,0.8986,257
517,494,23,kobe-mcdonald,Kobe McDonald,SD,,286,257,0.8986,257
518,562,-44,brayden-fiorini,Brayden Fiorini,MID,20,285,186,0.6526,186
519,502,17,harry-charleson,Harry Charleson,SD,3,284,254,0.8944,254
520,499,21,keighton-matofai-forbes,Keighton Matofai-Forbes,SF,69,284,255,0.8979,255
521,504,17,lennox-hoffman,Lennox Hoffman,SD,66,284,254,0.8944,254
522,493,29,jakob-ryan,Jakob Ryan,SD,28,282,257,0.9113,282
523,503,20,henry-hustwaite,Henry Hustwaite,MID,37,279,254,0.9104,267
524,518,6,oliver-hayes-brown,Oliver Hayes-Brown,RUCK,,279,238,0.853,238
525,547,-22,will-edwards,Will Edwards,KPD,,279,208,0.7455,208
526,569,-43,sam-powell-pepper,Sam Powell-Pepper,SF,18,278,181,0.6511,181
527,515,12,tai-hayes,Tai Hayes,SF,44,274,239,0.8723,274
528,521,7,jai-saxena,Jai Saxena,SF,,272,237,0.8713,237
529,522,7,oliver-griffin,Oliver Griffin,SF,6,272,237,0.8713,237
530,523,7,ryda-luke,Ryda Luke,SF,,272,237,0.8713,237
531,572,-41,toby-bedford,Toby Bedford,SF,75,272,179,0.6581,179
532,524,8,toby-whan,Toby Whan,MID,,272,237,0.8713,237
533,561,-28,campbell-gray,Campbell Gray,KPD,15,271,187,0.69,187
534,514,20,jed-adams,Jed Adams,KPD,38,271,239,0.8819,271
535,544,-9,sam-clohesy,Sam Clohesy,MID,3,270,212,0.7852,212
536,529,7,tom-cochrane,Tom Cochrane,SF,5,270,232,0.8593,232
537,560,-23,sandy-brock,Sandy Brock,KPD,,267,192,0.7191,192
538,512,26,tyler-welsh,Tyler Welsh,KPF,59,266,240,0.9023,266
539,509,30,zac-walker,Zac Walker,KPD,11,264,246,0.9318,246
540,528,12,xavier-walsh,Xavier Walsh,KPF,6,263,235,0.8935,235
541,552,-11,zac-taylor,Zac Taylor,SF,44,261,198,0.7586,198
542,541,1,harvey-johnston,Harvey Johnston,SD,49,257,215,0.8366,215
543,526,17,lucas-camporeale,Lucas Camporeale,MID,54,257,236,0.9183,257
544,496,48,aiden-riddle,Aiden Riddle,RUCK,2,255,255,1.0,255
545,497,48,jaime-uhr-henry,Jaime Uhr-Henry,RUCK,,255,255,1.0,255
546,498,48,joe-pike,Joe Pike,RUCK,9,255,255,1.0,255
547,500,47,logan-smith,Logan Smith,RUCK,71,255,255,1.0,255
548,576,-28,stephen-coniglio,Stephen Coniglio,SF,3,255,174,0.6824,169
549,581,-32,tyson-stengle,Tyson Stengle,SF,4,255,165,0.6471,165
550,584,-34,bayley-fritsch,Bayley Fritsch,SF,31,252,160,0.6349,160
551,585,-34,blake-acres,Blake Acres,MID,19,251,160,0.6375,160
552,532,20,cooper-simpson,Cooper Simpson,SD,35,251,227,0.9044,251
553,535,18,lucca-grego,Lucca Grego,SD,48,251,226,0.9004,251
554,530,24,luke-urquhart,Luke Urquhart,MID,57,251,230,0.9163,251
555,536,19,patrick-snell,Patrick Snell,KPF,53,251,223,0.8884,251
556,566,-10,deven-robertson,Deven Robertson,SF,22,247,181,0.7328,181
557,546,11,max-ramsden,Max Ramsden,KPF,6,247,209,0.8462,209
558,550,8,jai-culley,Jai Culley,MID,1,245,198,0.8082,198
559,539,20,tew-jiath,Tew Jiath,SD,37,241,219,0.9087,241
560,565,-5,angus-anderson,Angus Anderson,SF,57,240,181,0.7542,181
561,598,-37,daniel-mcstay,Daniel McStay,KPF,25,239,150,0.6276,150
562,542,20,lance-collard,Lance Collard,SF,28,239,214,0.8954,230
563,599,-36,lewis-young,Lewis Young,KPF,49,239,150,0.6276,150
564,595,-31,darcy-moore,Darcy Moore,KPD,8,237,152,0.6414,152
565,520,45,iliro-smit,Iliro Smit,RUCK,10,237,237,1.0,237
566,525,41,vigo-visentini,Vigo Visentini,RUCK,5,237,237,1.0,237
567,582,-15,james-jordon,James Jordon,SF,33,236,164,0.6949,164
568,596,-28,hugo-hall-kahan,Hugo Hall-Kahan,SD,10,234,152,0.6496,152
569,551,18,noah-chamberlain,Noah Chamberlain,KPF,,227,198,0.8722,198
570,606,-36,harrison-petty,Harrison Petty,KPF,37,226,144,0.6372,144
571,558,13,jacob-newton,Jacob Newton,SF,8,224,192,0.8571,192
572,607,-35,jarrod-witts,Jarrod Witts,RUCK,74,224,143,0.6384,143
573,611,-38,will-hayward,Will Hayward,SF,21,224,140,0.625,140
574,555,19,asher-eastham,Asher Eastham,SF,7,222,194,0.8739,194
575,556,19,river-stevens,River Stevens,SF,67,222,194,0.8739,194
576,608,-32,rhylee-west,Rhylee West,SF,26,221,143,0.6471,143
577,580,-3,campbell-lake,Campbell Lake,SF,7,220,165,0.75,165
578,579,-1,lachlan-sholl,Lachlan Sholl,MID,64,220,166,0.7545,166
579,564,15,caleb-lewis,Caleb Lewis,KPF,13,219,182,0.8311,182
580,588,-8,cody-weightman,Cody Weightman,SF,15,219,159,0.726,159
581,612,-31,taylor-walker,Taylor Walker,KPF,64,219,138,0.6301,138
582,559,23,jaren-carr,Jaren Carr,SF,63,218,192,0.8807,218
583,601,-18,buku-khamis,Buku Khamis,KPF,,217,149,0.6866,149
584,618,-34,tim-membrey,Tim Membrey,KPF,49,212,130,0.6132,130
585,553,32,jacob-konstanty,Jacob Konstanty,SF,20,211,196,0.9289,211
586,590,-4,harrison-jones,Harrison Jones,KPF,30,209,156,0.7464,156
587,589,-2,liam-mcmahon,Liam McMahon,KPF,33,209,159,0.7608,159
588,592,-4,michael-sellwood,Michael Sellwood,SD,5,208,155,0.7452,155
589,604,-15,xavier-duursma,Xavier Duursma,MID,18,208,146,0.7019,146
590,567,23,noah-long,Noah Long,SF,57,206,181,0.8786,181
591,574,17,billy-dowling,Billy Dowling,SF,43,205,174,0.8488,185
592,568,24,patrick-said,Patrick Said,SF,60,205,181,0.8829,205
593,622,-29,jack-darling,Jack Darling,KPF,28,203,124,0.6108,124
594,570,24,rhys-unwin,Rhys Unwin,SF,61,203,180,0.8867,203
595,563,32,reece-torrent,Reece Torrent,MID,64,202,185,0.9158,202
596,573,23,cody-anderson,Cody Anderson,SF,64,200,176,0.88,200
597,577,20,tom-hanily,Tom Hanily,SF,14,200,171,0.855,171
598,617,-19,beau-mccreery,Beau McCreery,SF,46,199,130,0.6533,130
599,583,16,hugh-bond,Hugh Bond,SD,50,198,162,0.8182,162
600,571,29,henry-smith,Henry Smith,KPF,50,197,179,0.9086,197
601,549,52,jaeger-o-meara,Jaeger O'Meara,MID,1,196,202,1.0306,196
602,603,-1,josh-gibcus,Josh Gibcus,KPD,9,196,147,0.75,163
603,627,-24,jake-lloyd,Jake Lloyd,SF,16,191,115,0.6021,115
604,605,-1,josh-sinn,Josh Sinn,SD,12,186,145,0.7796,145
605,629,-24,tom-mcdonald,Tom McDonald,KPD,54,186,113,0.6075,113
606,602,4,bailey-macdonald,Bailey Macdonald,SD,51,185,148,0.8,148
607,578,29,eamonn-armstrong,Eamonn Armstrong,SD,,185,166,0.8973,166
608,630,-22,zac-fisher,Zac Fisher,SF,27,185,112,0.6054,112
609,623,-14,kye-annand,Kye Annand,KPD,2,181,124,0.6851,124
610,610,0,mitchell-knevitt,Mitchell Knevitt,MID,25,177,141,0.7966,142
611,613,-2,nikolas-cox,Nikolas Cox,MID,8,177,137,0.774,137
612,600,12,will-mclachlan,Will McLachlan,SF,6,177,150,0.8475,150
613,593,20,benny-barrett,Benny Barrett,SF,,176,154,0.875,154
614,591,23,nathan-wardius,Nathan Wardius,SF,,176,156,0.8864,156
615,594,21,ricky-mentha,Ricky Mentha,SF,,176,154,0.875,154
616,587,29,rob-monahan,Rob Monahan,SD,,176,160,0.9091,160
617,597,20,steely-green,Steely Green,SF,55,175,152,0.8686,152
618,635,-17,jack-payne,Jack Payne,KPD,54,173,106,0.6127,106
619,575,44,paddy-dow,Paddy Dow,MID,3,169,174,1.0296,169
620,614,6,harrison-coe,Harrison Coe,RUCK,8,167,133,0.7964,133
621,624,-3,james-trezise,James Trezise,SD,10,167,121,0.7246,121
622,586,36,luke-pedlar,Luke Pedlar,SF,11,163,160,0.9816,163
623,644,-21,cameron-zurhaar,Cameron Zurhaar,SF,9,162,96,0.5926,96
624,633,-9,harry-edwards,Harry Edwards,KPD,12,161,109,0.677,109
625,637,-12,oscar-allen,Oscar Allen,KPF,21,161,104,0.646,104
626,609,17,matt-duffy,Matt Duffy,KPD,,160,141,0.8812,141
627,643,-16,jack-scrimshaw,Jack Scrimshaw,SD,7,158,97,0.6139,97
628,631,-3,lachlan-jones,Lachlan Jones,SD,16,156,111,0.7115,111
629,615,14,toby-mcmullin,Toby McMullin,MID,34,155,133,0.8581,148
630,626,4,ollie-lord,Ollie Lord,KPF,51,154,116,0.7532,116
631,628,3,lukas-cooke,Lukas Cooke,KPD,11,151,113,0.7483,113
632,621,11,tyrell-dewar,Tyrell Dewar,SD,,149,125,0.8389,125
633,620,13,jackson-macrae,Jackson Macrae,MID,8,143,129,0.9021,127
634,619,15,harvey-gallagher,Harvey Gallagher,SD,39,142,129,0.9085,142
635,647,-12,jake-stringer,Jake Stringer,SF,7,142,91,0.6408,93
636,661,-25,jack-higgins,Jack Higgins,SF,17,135,77,0.5704,77
637,663,-26,griffin-logue,Griffin Logue,KPD,8,130,74,0.5692,74
638,616,22,jacob-hopper,Jacob Hopper,MID,7,130,132,1.0154,130
639,646,-7,arthur-jones,Arthur Jones,SF,43,129,91,0.7054,91
640,638,2,robert-hansen,Robert Hansen,SF,2,127,103,0.811,103
641,670,-29,harry-perryman,Harry Perryman,SD,14,123,70,0.5691,70
642,642,0,matt-hill,Matt Hill,SD,,123,100,0.813,100
643,632,11,kaleb-smith,Kaleb Smith,SD,49,122,110,0.9016,122
644,640,4,oliver-henry,Oliver Henry,KPF,18,121,101,0.8347,106
645,673,-28,esava-ratugolea,Esava Ratugolea,KPD,43,120,68,0.5667,68
646,658,-12,isaiah-dudley,Isaiah Dudley,SF,,119,80,0.6723,80
647,625,22,jack-bowes,Jack Bowes,MID,10,116,117,1.0086,116
648,667,-19,matt-cottrell,Matt Cottrell,SF,,116,72,0.6207,72
649,664,-15,riley-garcia,Riley Garcia,SF,61,116,74,0.6379,74
650,680,-30,tom-barrass,Tom Barrass,KPD,43,116,65,0.5603,65
651,678,-27,todd-marshall,Todd Marshall,KPF,16,115,67,0.5826,67
652,682,-30,michael-frederick,Michael Frederick,SF,60,114,63,0.5526,63
653,656,-3,james-tunstill,James Tunstill,MID,41,111,85,0.7658,89
654,684,-30,nick-vlastuin,Nick Vlastuin,SD,12,111,62,0.5586,62
655,634,21,finlay-macrae,Finlay Macrae,SF,20,110,107,0.9727,110
656,648,8,jesse-motlop,Jesse Motlop,SF,27,110,91,0.8273,101
657,641,16,sam-butler-1,Sam Butler,SF,23,110,101,0.9182,110
658,645,13,shadeau-brain,Shadeau Brain,SD,,110,96,0.8727,96
659,691,-32,ryan-lester,Ryan Lester,SD,30,106,58,0.5472,58
660,636,24,steele-sidebottom,Steele Sidebottom,MID,11,106,106,1.0,106
661,652,9,billy-cootee,Billy Cootee,MID,42,105,87,0.8286,105
662,639,23,jack-martin,Jack Martin,SF,3,104,102,0.9808,104
663,693,-30,nick-haynes,Nick Haynes,SD,10,103,56,0.5437,56
664,666,-2,liam-puncher,Liam Puncher,KPD,15,102,73,0.7157,73
665,697,-32,tom-cole,Tom Cole,SF,36,102,55,0.5392,55
666,655,11,oliver-wiltshire,Oliver Wiltshire,SF,61,101,86,0.8515,101
667,674,-7,jack-carroll,Jack Carroll,SD,43,100,68,0.68,68
668,653,15,judson-clarke,Judson Clarke,SF,30,98,87,0.8878,98
669,701,-32,lachlan-bramble,Lachlan Bramble,SF,,97,52,0.5361,52
670,669,1,mitch-zadow,Mitch Zadow,SF,,97,71,0.732,71
671,654,17,josh-goater,Josh Goater,SD,22,96,86,0.8958,96
672,657,15,oscar-adams,Oscar Adams,KPD,51,96,81,0.8438,90
673,686,-13,ryan-byrnes,Ryan Byrnes,SD,51,96,62,0.6458,62
674,696,-22,tom-blamires,Tom Blamires,SD,,95,55,0.5789,55
675,676,-1,brandon-walker,Brandon Walker,SD,52,93,67,0.7204,67
676,681,-5,jack-buller,Jack Buller,KPF,11,93,63,0.6774,63
677,649,28,callum-ah-chee,Callum Ah Chee,SF,8,92,89,0.9674,92
678,650,28,liam-henry,Liam Henry,SF,9,92,89,0.9674,92
679,685,-6,oscar-berry,Oscar Berry,KPD,,92,62,0.6739,62
680,679,1,aidan-johnson,Aidan Johnson,KPF,68,91,66,0.7253,66
681,662,19,cillian-burke,Cillian Burke,SD,,91,76,0.8352,76
682,703,-21,elliot-himmelberg,Elliott Himmelberg,KPF,51,91,51,0.5604,51
683,651,32,patrick-dangerfield,Patrick Dangerfield,SF,10,91,89,0.978,91
684,683,1,tom-edwards,Tom Edwards,KPF,,91,63,0.6923,63
685,702,-17,brandon-zerk-thatcher,Brandon Zerk-Thatcher,KPD,65,89,51,0.573,51
686,709,-23,dougal-howard,Dougal Howard,KPD,56,89,48,0.5393,48
687,660,27,conor-stone,Conor Stone,SD,15,87,79,0.908,87
688,715,-27,charlie-ballard,Charlie Ballard,KPD,42,86,46,0.5349,46
689,698,-9,rhyan-mansell,Rhyan Mansell,SF,,86,53,0.6163,53
690,699,-9,wade-derksen,Wade Derksen,KPD,5,86,53,0.6163,53
691,719,-28,mitch-mcgovern,Mitch McGovern,SF,43,85,44,0.5176,44
692,665,27,corey-warner,Corey Warner,SF,40,82,73,0.8902,82
693,675,18,sam-davidson,Sam Davidson,SF,51,82,68,0.8293,82
694,659,35,lachlan-weller,Lachlan Weller,MID,14,81,80,0.9877,81
695,668,27,reef-mcinnes,Reef McInnes,KPD,24,81,72,0.8889,81
696,690,6,joel-fitzgerald,Joel Fitzgerald,MID,16,80,58,0.725,58
697,694,3,tyler-brockman,Tyler Brockman,SF,48,80,56,0.7,56
698,671,27,luke-cleary,Luke Cleary,SD,61,78,70,0.8974,78
699,688,11,jeremy-sharp,Jeremy Sharp,MID,27,77,60,0.7792,60
700,672,28,bailey-laurie,Bailey Laurie,SF,23,76,69,0.9079,76
701,711,-10,harry-sharp,Harry Sharp,SF,45,75,48,0.64,51
702,677,25,jackson-archer,Jackson Archer,SD,59,75,67,0.8933,75
703,707,-4,bruce-reville,Bruce Reville,MID,,74,48,0.6486,48
704,721,-17,lachlan-fogarty,Lachlan Fogarty,SF,22,73,41,0.5616,45
705,717,-12,caleb-graham,Caleb Graham,KPD,71,72,44,0.6111,44
706,724,-18,xavier-o-halloran,Xavier O'Halloran,SF,22,72,41,0.5694,45
707,700,7,corey-durdin,Corey Durdin,SF,39,68,52,0.7647,58
708,725,-17,billy-frampton,Billy Frampton,KPD,74,67,40,0.597,40
709,728,-19,callum-brown-ire,Callum M. Brown,SF,,67,38,0.5672,38
710,689,21,harvey-harrison,Harvey Harrison,SF,52,67,59,0.8806,67
711,687,24,sam-sturt,Sam Sturt,SF,17,65,61,0.9385,65
712,723,-11,max-beattie,Max Beattie,SF,12,62,41,0.6613,41
713,692,21,jade-gresham,Jade Gresham,SF,18,59,56,0.9492,59
714,753,-39,lewis-melican,Lewis Melican,KPD,32,59,29,0.4915,29
715,704,11,hunter-clark,Hunter Clark,MID,7,57,51,0.8947,57
716,741,-25,joel-amartey,Joel Amartey,KPF,17,57,31,0.5439,31
717,695,22,harry-schoenberg,Harry Schoenberg,SF,24,56,55,0.9821,56
718,759,-41,darcy-fort,Darcy Fort,RUCK,65,55,27,0.4909,27
719,752,-33,harry-morrison,Harry Morrison,MID,73,55,29,0.5273,29
720,705,15,luke-mcdonald,Luke McDonald,SD,8,55,49,0.8909,55
721,706,15,nicholas-coffield,Nicholas Coffield,SD,8,55,49,0.8909,55
722,708,14,chayce-jones,Chayce Jones,SD,9,53,48,0.9057,53
723,712,11,jake-melksham,Jake Melksham,KPF,10,53,48,0.9057,53
724,713,11,tom-lynch-1,Tom Lynch,KPF,11,53,48,0.9057,53
725,714,11,aidan-corr,Aidan Corr,KPD,18,52,47,0.9038,52
726,710,16,eric-hipwood,Eric Hipwood,KPF,14,51,48,0.9412,51
727,742,-15,mitch-podhajski,Mitch Podhajski,KPF,17,49,31,0.6327,31
728,716,12,ben-mckay,Ben McKay,KPD,21,48,44,0.9167,48
729,718,11,callum-coleman-jones,Callum Coleman-Jones,RUCK,20,48,44,0.9167,48
730,720,10,darcy-gardiner,Darcy Gardiner,KPD,22,48,42,0.875,48
731,735,-4,zac-banch,Zac Banch,SF,2,48,35,0.7292,35
732,729,3,bobby-hill,Bobby Hill,SF,24,47,37,0.7872,41
733,751,-18,ewan-mackinlay,Ewan Mackinlay,SF,10,47,29,0.617,29
734,722,12,maurice-rioli-1,Maurice Rioli,SF,53,46,41,0.8913,46
735,738,-3,hugo-ralphsmith,Hugo Ralphsmith,MID,45,45,34,0.7556,34
736,740,-4,andy-moniz-wakefield,Andy Moniz-Wakefield,SD,,44,31,0.7045,31
737,731,6,isaac-cumming,Isaac Cumming,MID,20,44,36,0.8182,40
738,748,-10,oscar-mcdonald,Oscar McDonald,KPD,53,44,30,0.6818,34
739,726,13,brandon-starcevich,Brandon Starcevich,SD,18,43,39,0.907,43
740,758,-18,corey-wagner,Corey Wagner,SD,43,43,27,0.6279,29
741,754,-13,liam-o-connell,Liam O'Connell,SD,,42,29,0.6905,29
742,730,12,liam-stocker,Liam Stocker,SD,19,41,37,0.9024,41
743,732,11,jackson-mead,Jackson Mead,MID,25,40,36,0.9,40
744,727,17,rhys-stanley,Rhys Stanley,RUCK,47,40,39,0.975,40
745,734,11,alex-pearce,Alex Pearce,KPD,37,39,35,0.8974,39
746,769,-23,bradley-close,Bradley Close,SF,8,39,18,0.4615,18
747,760,-13,jack-hutchinson,Jack Hutchinson,MID,3,39,27,0.6923,27
748,733,15,jamie-cripps,Jamie Cripps,SF,26,39,36,0.9231,39
749,736,13,charlie-spargo,Charlie Spargo,SF,29,38,34,0.8947,38
750,737,13,finn-maginness,Finn Maginness,SF,29,38,34,0.8947,38
751,739,12,jake-kolodjashnij,Jake Kolodjashnij,KPD,41,38,34,0.8947,38
752,768,-16,mykelti-lefau,Mykelti Lefau,KPF,,38,19,0.5,19
753,763,-10,james-blanck,James Blanck,KPD,14,36,22,0.6111,22
754,762,-8,paddy-cross,Paddy Cross,SF,,36,23,0.6389,23
755,745,10,jed-bews,Jed Bews,SD,77,34,30,0.8824,30
756,743,13,ben-long,Ben Long,SF,25,33,30,0.9091,33
757,744,13,jamie-elliott,Jamie Elliott,SF,39,33,30,0.9091,33
758,746,12,joel-hamling,Joel Hamling,KPD,41,33,30,0.9091,33
759,747,12,laitham-vandermeer,Laitham Vandermeer,SF,37,33,30,0.9091,33
760,749,11,oskar-baker,Oskar Baker,SF,48,33,30,0.9091,33
761,757,4,ryan-gardner,Ryan Gardner,KPD,58,33,29,0.8788,33
762,766,-4,malcolm-rosas,Malcolm Rosas,SF,14,32,21,0.6562,21
763,756,7,noah-answerth,Noah Answerth,SD,55,32,29,0.9062,32
764,750,14,bailey-scott,Bailey Scott,MID,49,31,29,0.9355,31
765,774,-9,changkuoth-jiath,Changkuoth Jiath,SD,,31,14,0.4516,14
766,755,11,liam-ryan,Liam Ryan,SF,26,31,29,0.9355,31
767,767,0,mani-liddy,Mani Liddy,MID,15,30,20,0.6667,20
768,761,7,nicholas-holman,Nicholas Holman,SF,49,27,24,0.8889,27
769,777,-8,sam-wicks,Sam Wicks,SD,,27,12,0.4444,12
770,771,-1,wil-parker,Wil Parker,SD,,27,17,0.6296,17
771,772,-1,lachlan-mcneil,Lachlan McNeil,SF,6,26,16,0.6154,16
772,764,8,jacob-wehr,Jacob Wehr,SD,61,25,21,0.84,25
773,765,8,lincoln-mccarthy,Lincoln McCarthy,SF,73,25,21,0.84,21
774,780,-6,sam-switkowski,Sam Switkowski,SF,72,25,10,0.4,10
775,779,-4,jy-farrar,Jy Farrar,KPF,59,24,10,0.4167,11
776,776,0,roan-steele,Roan Steele,MID,7,22,13,0.5909,13
777,770,7,daniel-butler,Daniel Butler,SF,65,21,18,0.8571,18
778,775,3,luke-beecken,Luke Beecken,MID,16,21,13,0.619,13
779,781,-2,lachlan-blakiston,Lachlan Blakiston,KPD,12,20,9,0.45,9
780,782,-2,mark-o-connor,Mark O'Connor,SD,,20,9,0.45,9
781,773,8,matt-guelfi,Matt Guelfi,SF,75,19,16,0.8421,16
782,778,4,saad-el-hawli,Saad El-Hawli,SD,13,19,11,0.5789,11
783,787,-4,jordon-butts,Jordon Butts,KPD,17,17,7,0.4118,7
784,784,0,toby-pink,Toby Pink,KPD,34,17,8,0.4706,8
785,785,0,will-lewis,Will Lewis,KPF,,16,8,0.5,8
786,786,0,bailey-banfield,Bailey Banfield,SD,3,13,7,0.5385,7
787,789,-2,darragh-joyce,Darragh Joyce,KPD,,13,6,0.4615,6
788,792,-4,brody-mihocek,Brody Mihocek,KPF,14,11,4,0.3636,4
789,783,6,flynn-young,Flynn Young,SF,4,11,8,0.7273,8
790,788,2,ben-jepson,Ben Jepson,MID,,10,6,0.6,6
791,790,1,flynn-perez,Flynn Perez,SD,,10,6,0.6,6
792,798,-6,mark-blicavs,Mark Blicavs,RUCK,,10,3,0.3,3
793,794,-1,nathan-broad,Nathan Broad,SD,65,10,4,0.4,4
794,791,3,oisin-mullin,Oisin Mullin,SD,,10,5,0.5,5
795,795,0,conor-mckenna,Conor McKenna,SF,,9,3,0.3333,3
796,793,3,jack-watkins,Jack Watkins,SF,3,9,4,0.4444,4
797,796,1,jack-henderson,Jack Henderson,SF,,7,3,0.4286,3
798,797,1,jordan-boyd,Jordan Boyd,SD,17,7,3,0.4286,3
799,799,0,zak-evans,Zak Evans,MID,,4,2,0.5,2
800,800,0,dane-rampe,Dane Rampe,SD,23,2,1,0.5,1
801,803,-2,mason-cox,Mason Cox,KPF,,2,0,0.0,0
802,801,1,harry-cunningham,Harry Cunningham,SD,,1,0,0.0,0
803,802,1,lachie-sullivan,Lachie Sullivan,SF,,1,0,0.0,0
804,804,0,matt-owies,Matt Owies,SF,,1,0,0.0,0
