key,name,club,affl_team,pos,previous_round,current_round,played,score,prev_value,cur_value,value_change,value_change_pct,prev_rank,cur_rank,rank_change,prev_pos_rank,cur_pos_rank,pos_rank_change
aaron-cadman,Aaron Cadman,GWS,Richmond Tigers,Key Fwd,21,22,PLAYED,62.0,1802,1756,-46,-2.55,135,136,-1,12,13,-1
aaron-naughton,Aaron Naughton,Western Bulldogs,Sydney Swans,Key Fwd,21,22,PLAYED,58.0,1309,1223,-86,-6.57,188,194,-6,24,26,-2
adam-cerra,Adam Cerra,Carlton,Adelaide Crows,Mid,21,22,PLAYED,109.0,980,1044,64,6.53,225,220,5,56,54,2
adam-saad,Adam Saad,Carlton,Geelong Cats,Def,21,22,DNP,DNP,446,432,-14,-3.14,363,373,-10,88,91,-3
adam-sweid,Adam Sweid,Fremantle,Sydney Swans,Mid,21,22,DNP,DNP,408,397,-11,-2.7,385,390,-5,88,88,0
adam-treloar,Adam Treloar,Western Bulldogs,West Coast Eagles,Fwd,21,22,DNP,DNP,935,925,-10,-1.07,240,246,-6,56,58,-2
aidan-corr,Aidan Corr,North Melbourne,Geelong Cats,Key Def,21,22,DNP,DNP,38,38,0,0.0,743,743,0,70,70,0
aidan-johnson,Aidan Johnson,Melbourne,Free agents,Key Fwd,21,22,DNP,DNP,72,70,-2,-2.78,670,672,-2,111,111,0
aidan-schubert,Aidan Schubert,Hawthorn,Fremantle Dockers,Key Fwd,21,22,DNP,DNP,521,509,-12,-2.3,340,342,-2,50,49,1
aiden-riddle,Aiden Riddle,Fremantle,Fremantle Dockers,Ruck,21,22,DNP,DNP,177,174,-3,-1.69,521,523,-2,38,39,-1
alex-davies,Alex Davies,Gold Coast,Western Bulldogs,Mid,21,22,DNP,DNP,412,405,-7,-1.7,383,386,-3,87,86,1
alex-dodson,Alex Dodson,St Kilda,Hawthorn Hawks,Key Fwd,21,22,DNP,DNP,278,274,-4,-1.44,437,440,-3,66,68,-2
alex-neal-bullen,Alex Neal-Bullen,Adelaide,West Coast Eagles,Fwd,21,22,PLAYED,99.0,313,375,62,19.81,417,399,18,99,98,1
alex-pearce,Alex Pearce,Fremantle,Geelong Cats,Key Def,21,22,DNP,DNP,23,23,0,0.0,767,765,2,76,74,2
alex-van-wyk,Alex Van Wyk,Port Adelaide,Adelaide Crows,Ruck,21,22,PLAYED,69.0,235,265,30,12.77,473,444,29,32,32,0
aliir-aliir,Aliir Aliir,Port Adelaide,North Melbourne Kangaroos,Key Def,21,22,PLAYED,40.0,874,783,-91,-10.41,252,269,-17,18,20,-2
alix-tauru,Alix Tauru,St Kilda,Western Bulldogs,Key Fwd,21,22,DNP,DNP,1628,1650,22,1.35,148,149,-1,16,16,0
andrew-brayshaw,Andrew Brayshaw,Fremantle,St Kilda Saints,Mid,21,22,PLAYED,78.0,3113,3182,69,2.22,59,59,0,24,23,1
andrew-mcgrath,Andrew McGrath,Essendon,Geelong Cats,Def,21,22,PLAYED,89.0,945,1038,93,9.84,238,222,16,59,54,5
andy-moniz-wakefield,Andy Moniz-Wakefield,Melbourne,West Coast Eagles,Def,21,22,DNP,DNP,28,26,-2,-7.14,757,760,-3,164,165,-1
angus-anderson,Angus Anderson,Collingwood,North Melbourne Kangaroos,Fwd,21,22,PLAYED,62.0,161,182,21,13.04,542,512,30,136,126,10
angus-clarke,Angus Clarke,Essendon,Carlton Blues,Def,21,22,DNP,DNP,746,754,8,1.07,276,275,1,66,66,0
angus-hastie,Angus Hastie,St Kilda,Richmond Tigers,Def,21,22,DNP,DNP,191,185,-6,-3.14,507,509,-2,115,113,2
angus-sheldrick,Angus Sheldrick,Sydney,Western Bulldogs,Mid,21,22,DNP,DNP,756,757,1,0.13,273,273,0,64,66,-2
anthony-caminiti,Anthony Caminiti,St Kilda,Collingwood Magpies,Key Fwd,21,22,PLAYED,40.0,974,970,-4,-0.41,228,233,-5,31,33,-2
archer-day-wicks,Archer Day-Wicks,Essendon,Adelaide Crows,Fwd,21,22,PLAYED,31.0,636,629,-7,-1.1,299,305,-6,74,76,-2
archer-reid,Archer Reid,West Coast,Melbourne Demons,Key Fwd,21,22,DNP,DNP,697,702,5,0.72,286,288,-2,40,40,0
archie-ludowyke,Archie Ludowyke,Adelaide,Fremantle Dockers,Key Fwd,21,22,PLAYED,23.0,215,317,102,47.44,492,419,73,77,64,13
archie-may,Archie May,Essendon,Western Bulldogs,Key Fwd,21,22,DNP,DNP,429,428,-1,-0.23,373,377,-4,58,59,-1
archie-perkins,Archie Perkins,Essendon,Melbourne Demons,Fwd,21,22,PLAYED,75.0,234,235,1,0.43,477,467,10,116,112,4
archie-roberts,Archie Roberts,Essendon,St Kilda Saints,Def,21,22,PLAYED,71.0,4941,4809,-132,-2.67,19,22,-3,3,3,0
arthur-jones,Arthur Jones,Western Bulldogs,Adelaide Crows,Fwd,21,22,PLAYED,34.0,92,92,0,0.0,635,635,0,165,166,-1
asher-eastham,Asher Eastham,Gold Coast,Free agents,Fwd,21,22,DNP,DNP,96,94,-2,-2.08,630,632,-2,163,165,-2
ashton-moir,Ashton Moir,Carlton,St Kilda Saints,Fwd,21,22,DNP,DNP,258,247,-11,-4.26,452,458,-6,110,110,0
avery-thomas,Avery Thomas,Gold Coast,Melbourne Demons,Def,21,22,DNP,DNP,406,394,-12,-2.96,386,391,-5,92,93,-1
bailey-banfield,Bailey Banfield,Fremantle,St Kilda Saints,Def,21,22,DNP,DNP,11,11,0,0.0,789,789,0,172,172,0
bailey-dale,Bailey Dale,Western Bulldogs,Geelong Cats,Def,21,22,DNP,DNP,2287,2289,2,0.09,97,97,0,22,20,2
bailey-humphrey,Bailey Humphrey,Gold Coast,Western Bulldogs,Fwd,21,22,PLAYED,109.0,2422,2572,150,6.19,85,79,6,21,20,1
bailey-laurie,Bailey Laurie,Melbourne,Free agents,Fwd,21,22,PLAYED,73.0,56,56,0,0.0,695,698,-3,189,189,0
bailey-macdonald,Bailey Macdonald,Hawthorn,Western Bulldogs,Def,21,22,DNP,DNP,142,143,1,0.7,571,567,4,125,123,2
bailey-scott,Bailey Scott,North Melbourne,Free agents,Mid,21,22,DNP,DNP,23,23,0,0.0,768,766,2,147,147,0
bailey-smith,Bailey Smith,Geelong,Geelong Cats,Mid,21,22,PLAYED,161.0,6689,6776,87,1.3,11,11,0,6,6,0
bailey-williams-wb,Bailey Williams,Western Bulldogs,Collingwood Magpies,Def,21,22,PLAYED,89.0,598,621,23,3.85,313,312,1,78,77,1
bailey-williams-wc,Bailey J. Williams,West Coast,Sydney Swans,Key Fwd,21,22,PLAYED,97.0,2437,2504,67,2.75,82,82,0,5,6,-1
balyn-o-brien,Balyn O'Brien,Port Adelaide,Free agents,Def,21,22,PLAYED,24.0,282,294,12,4.26,435,428,7,101,100,1
bayley-fritsch,Bayley Fritsch,Melbourne,Geelong Cats,Fwd,21,22,PLAYED,98.0,156,201,45,28.85,549,498,51,139,122,17
beau-addinsall,Beau Addinsall,Gold Coast,Fremantle Dockers,Mid,21,22,DNP,DNP,1517,1517,0,0.0,160,161,-1,42,41,1
beau-mccreery,Beau McCreery,Collingwood,Sydney Swans,Fwd,21,22,PLAYED,65.0,130,136,6,4.62,579,578,1,147,148,-1
ben-ainsworth,Ben Ainsworth,Carlton,Brisbane Lions,Fwd,21,22,PLAYED,59.0,197,207,10,5.08,500,497,3,124,121,3
ben-camporeale,Ben Camporeale,Carlton,Fremantle Dockers,Mid,21,22,DNP,DNP,255,249,-6,-2.35,454,455,-1,106,106,0
ben-jepson,Ben Jepson,Gold Coast,Free agents,Mid,21,22,DNP,DNP,88,88,0,0.0,637,638,-1,133,133,0
ben-keays,Ben Keays,Adelaide,Adelaide Crows,Fwd,21,22,PLAYED,42.0,263,199,-64,-24.33,448,501,-53,108,123,-15
ben-king,Ben King,Gold Coast,Sydney Swans,Key Fwd,21,22,PLAYED,69.0,238,232,-6,-2.52,470,472,-2,71,72,-1
ben-long,Ben Long,Gold Coast,Richmond Tigers,Fwd,21,22,PLAYED,35.0,28,28,0,0.0,758,755,3,209,209,0
ben-mckay,Ben McKay,Essendon,West Coast Eagles,Key Def,21,22,DNP,DNP,35,35,0,0.0,747,746,1,71,71,0
ben-miller,Ben Miller,Richmond,Sydney Swans,Key Def,21,22,PLAYED,105.0,958,1055,97,10.13,231,219,12,15,14,1
ben-murphy,Ben Murphy,Brisbane,North Melbourne Kangaroos,Def,21,22,DNP,DNP,84,80,-4,-4.76,643,651,-8,138,140,-2
benny-barrett,Benny Barrett,Port Adelaide,Free agents,Fwd,21,22,DNP,DNP,51,50,-1,-1.96,707,707,0,193,192,1
billy-cootee,Billy Cootee,Sydney,Essendon Bombers,Mid,21,22,PLAYED,58.0,264,264,0,0.0,446,446,0,104,103,1
billy-dowling,Billy Dowling,Adelaide,Essendon Bombers,Fwd,21,22,PLAYED,61.0,219,186,-33,-15.07,487,508,-21,120,125,-5
billy-frampton,Billy Frampton,Collingwood,Brisbane Lions,Key Def,21,22,PLAYED,65.0,34,35,1,2.94,749,747,2,72,72,0
billy-wilson,Billy Wilson,Carlton,Western Bulldogs,Def,21,22,PLAYED,71.0,923,962,39,4.23,243,236,7,62,56,6
blake-acres,Blake Acres,Carlton,Brisbane Lions,Mid,21,22,PLAYED,86.0,81,87,6,7.41,653,640,13,135,134,1
blake-hardwick,Blake Hardwick,Hawthorn,Port Adelaide Power,Def,21,22,PLAYED,105.0,491,531,40,8.15,352,335,17,86,83,3
blake-howes,Blake Howes,Melbourne,Essendon Bombers,Def,21,22,DNP,DNP,276,277,1,0.36,441,436,5,103,103,0
blake-thredgold,Blake Thredgold,North Melbourne,Fremantle Dockers,Key Def,21,22,DNP,DNP,373,373,0,0.0,398,401,-3,31,32,-1
bo-allan,Bo Allan,West Coast,Melbourne Demons,Def,21,22,PLAYED,43.0,1121,1152,31,2.77,213,207,6,52,51,1
bobby-hill,Bobby Hill,Collingwood,West Coast Eagles,Fwd,21,22,DNP,DNP,29,29,0,0.0,753,751,2,208,207,1
bodhi-uwland,Bodhi Uwland,Gold Coast,Port Adelaide Power,Def,21,22,PLAYED,110.0,4137,4199,62,1.5,34,32,2,7,7,0
bodie-ryan,Bodie Ryan,Hawthorn,Collingwood Magpies,Def,21,22,DNP,DNP,252,240,-12,-4.76,459,463,-4,106,107,-1
bradley-close,Bradley Close,Geelong,Geelong Cats,Fwd,21,22,PLAYED,57.0,16,15,-1,-6.25,778,778,0,219,219,0
bradley-hill,Bradley Hill,St Kilda,Port Adelaide Power,Fwd,21,22,PLAYED,115.0,1169,1241,72,6.16,207,191,16,52,46,6
brady-hough,Brady Hough,West Coast,Essendon Bombers,Def,21,22,PLAYED,80.0,290,298,8,2.76,430,426,4,100,98,2
braeden-campbell,Braeden Campbell,Sydney,Essendon Bombers,Fwd,21,22,PLAYED,85.0,345,408,63,18.26,406,384,22,97,92,5
brandon-starcevich,Brandon Starcevich,Brisbane,Melbourne Demons,Def,21,22,PLAYED,32.0,41,41,0,0.0,734,734,0,158,158,0
brandon-walker,Brandon Walker,Fremantle,Port Adelaide Power,Def,21,22,DNP,DNP,62,60,-2,-3.23,693,694,-1,147,149,-2
brandon-zerk-thatcher,Brandon Zerk-Thatcher,Essendon,Free agents,Key Def,21,22,DNP,DNP,48,47,-1,-2.08,717,725,-8,65,65,0
brayden-cook,Brayden Cook,Adelaide,North Melbourne Kangaroos,Fwd,21,22,PLAYED,73.0,766,793,27,3.52,268,265,3,64,65,-1
brayden-fiorini,Brayden Fiorini,Essendon,Brisbane Lions,Mid,21,22,DNP,DNP,177,169,-8,-4.52,522,530,-8,115,115,0
brayden-george,Brayden George,North Melbourne,Richmond Tigers,Fwd,21,22,DNP,DNP,234,234,0,0.0,478,469,9,117,113,4
brayden-maynard,Brayden Maynard,Collingwood,North Melbourne Kangaroos,Def,21,22,DNP,DNP,498,497,-1,-0.2,347,348,-1,84,86,-2
brennan-cox,Brennan Cox,Fremantle,West Coast Eagles,Key Def,21,22,PLAYED,59.0,264,262,-2,-0.76,447,448,-1,35,35,0
brent-daniels,Brent Daniels,GWS,Essendon Bombers,Fwd,21,22,DNP,DNP,1212,1215,3,0.25,201,197,4,50,49,1
brodie-grundy,Brodie Grundy,Sydney,St Kilda Saints,Ruck,21,22,DNP,DNP,4559,4552,-7,-0.15,24,25,-1,3,3,0
brodie-kemp,Brodie Kemp,Carlton,Geelong Cats,Key Fwd,21,22,PLAYED,57.0,768,678,-90,-11.72,267,290,-23,39,41,-2
brody-mihocek,Brody Mihocek,Melbourne,Brisbane Lions,Key Fwd,21,22,DNP,DNP,10,10,0,0.0,791,790,1,120,119,1
bruce-reville,Bruce Reville,Brisbane,North Melbourne Kangaroos,Mid,21,22,DNP,DNP,54,54,0,0.0,703,699,4,141,141,0
buku-khamis,Buku Khamis,Western Bulldogs,Brisbane Lions,Key Fwd,21,22,PLAYED,43.0,149,148,-1,-0.67,559,560,-1,89,91,-2
caiden-cleary,Caiden Cleary,Sydney,Richmond Tigers,Fwd,21,22,DNP,DNP,450,441,-9,-2.0,361,369,-8,87,89,-2
caleb-daniel,Caleb Daniel,North Melbourne,Port Adelaide Power,Def,21,22,PLAYED,102.0,1346,1358,12,0.89,179,178,1,47,45,2
caleb-graham,Caleb Graham,Gold Coast,Free agents,Key Def,21,22,DNP,DNP,40,40,0,0.0,736,737,-1,69,69,0
caleb-lewis,Caleb Lewis,Gold Coast,Free agents,Key Fwd,21,22,DNP,DNP,146,138,-8,-5.48,564,575,-11,92,94,-2
caleb-may,Caleb May,Western Bulldogs,Melbourne Demons,Ruck,21,22,DNP,DNP,235,231,-4,-1.7,474,475,-1,33,34,-1
caleb-serong,Caleb Serong,Fremantle,Western Bulldogs,Mid,21,22,PLAYED,105.0,5132,5097,-35,-0.68,17,17,0,9,9,0
caleb-windsor,Caleb Windsor,Melbourne,Western Bulldogs,Def,21,22,PLAYED,48.0,1647,1683,36,2.19,146,144,2,36,35,1
callum-ah-chee,Callum Ah Chee,Adelaide,Geelong Cats,Fwd,21,22,PLAYED,58.0,66,66,0,0.0,683,681,2,183,181,2
callum-brown-ire,Callum M. Brown,GWS,St Kilda Saints,Fwd,21,22,PLAYED,77.0,35,29,-6,-17.14,748,752,-4,207,208,-1
callum-coleman-jones,Callum Coleman-Jones,North Melbourne,Free agents,Ruck,21,22,DNP,DNP,39,39,0,0.0,739,740,-1,46,46,0
callum-mills,Callum Mills,Sydney,Collingwood Magpies,Def,21,22,PLAYED,107.0,2032,2024,-8,-0.39,122,121,1,27,27,0
callum-wilkie,Callum Wilkie,St Kilda,North Melbourne Kangaroos,Key Def,21,22,PLAYED,39.0,3826,3679,-147,-3.84,42,44,-2,3,2,1
calsher-dear,Calsher Dear,Hawthorn,Collingwood Magpies,Key Fwd,21,22,DNP,DNP,956,965,9,0.94,234,234,0,33,34,-1
cameron-mackenzie,Cameron Mackenzie,Hawthorn,Western Bulldogs,Mid,21,22,PLAYED,87.0,2094,2247,153,7.31,112,101,11,36,36,0
cameron-nairn,Cameron Nairn,Hawthorn,Hawthorn Hawks,Fwd,21,22,DNP,DNP,634,630,-4,-0.63,302,304,-2,76,75,1
cameron-rayner,Cameron Rayner,Brisbane,Geelong Cats,Fwd,21,22,PLAYED,72.0,687,463,-224,-32.61,288,361,-73,69,87,-18
cameron-zurhaar,Cameron Zurhaar,North Melbourne,Richmond Tigers,Fwd,21,22,PLAYED,100.0,94,126,32,34.04,632,591,41,164,153,11
campbell-chesser,Campbell Chesser,Carlton,Essendon Bombers,Mid,21,22,DNP,DNP,277,265,-12,-4.33,439,445,-6,103,102,1
campbell-gray,Campbell Gray,Richmond,Carlton Blues,Key Def,21,22,DNP,DNP,180,177,-3,-1.67,516,516,0,41,41,0
campbell-lake,Campbell Lake,St Kilda,Richmond Tigers,Fwd,21,22,PLAYED,36.0,153,117,-36,-23.53,553,600,-47,140,155,-15
chad-warner,Chad Warner,Sydney,North Melbourne Kangaroos,Fwd,21,22,PLAYED,123.0,4038,4472,434,10.75,36,26,10,8,5,3
changkuoth-jiath,Changkuoth Jiath,Melbourne,Western Bulldogs,Def,21,22,PLAYED,83.0,10,12,2,20.0,792,785,7,173,169,4
charlie-ballard,Charlie Ballard,Gold Coast,Carlton Blues,Key Def,21,22,PLAYED,63.0,42,46,4,9.52,731,727,4,68,66,2
charlie-banfield,Charlie Banfield,St Kilda,Melbourne Demons,Fwd,21,22,DNP,DNP,639,634,-5,-0.78,297,302,-5,73,74,-1
charlie-cameron,Charlie Cameron,Brisbane,Sydney Swans,Fwd,21,22,PLAYED,64.0,164,153,-11,-6.71,537,553,-16,133,143,-10
charlie-comben,Charlie Comben,North Melbourne,St Kilda Saints,Key Def,21,22,PLAYED,60.0,804,815,11,1.37,263,260,3,20,19,1
charlie-curnow,Charlie Curnow,Carlton,Adelaide Crows,Key Fwd,21,22,PLAYED,85.0,1389,1431,42,3.02,171,170,1,22,21,1
charlie-edwards,Charlie Edwards,Adelaide,Hawthorn Hawks,Def,21,22,DNP,DNP,725,721,-4,-0.55,281,283,-2,68,70,-2
charlie-nicholls,Charlie Nicholls,Fremantle,Hawthorn Hawks,Key Fwd,21,22,DNP,DNP,203,199,-4,-1.97,498,502,-4,78,81,-3
charlie-spargo,Charlie Spargo,Melbourne,Port Adelaide Power,Fwd,21,22,PLAYED,69.0,26,26,0,0.0,763,761,2,212,212,0
charlie-west,Charlie West,Collingwood,Western Bulldogs,Key Fwd,21,22,PLAYED,23.0,446,671,225,50.45,364,294,70,56,42,14
chayce-jones,Chayce Jones,Adelaide,Free agents,Def,21,22,DNP,DNP,48,48,0,0.0,718,719,-1,153,153,0
chris-scerri,Chris Scerri,Fremantle,Richmond Tigers,Fwd,21,22,DNP,DNP,302,301,-1,-0.33,423,424,-1,101,103,-2
christian-moraes,Christian Moraes,Port Adelaide,Richmond Tigers,Fwd,21,22,PLAYED,36.0,921,915,-6,-0.65,246,248,-2,59,60,-1
christian-petracca,Christian Petracca,Gold Coast,West Coast Eagles,Fwd,21,22,PLAYED,46.0,2324,2066,-258,-11.1,93,115,-22,23,32,-9
christian-salem,Christian Salem,Melbourne,Port Adelaide Power,Def,21,22,PLAYED,32.0,232,93,-139,-59.91,479,633,-154,112,133,-21
cillian-bourke,Cillian Bourke,Essendon,Free agents,Def,21,22,DNP,DNP,84,80,-4,-4.76,644,652,-8,139,141,-2
cillian-burke,Cillian Burke,Geelong,Port Adelaide Power,Def,21,22,DNP,DNP,55,54,-1,-1.82,697,700,-3,148,150,-2
clay-hall,Clay Hall,West Coast,Collingwood Magpies,Mid,21,22,DNP,DNP,286,245,-41,-14.34,432,461,-29,101,107,-6
clayton-oliver,Clayton Oliver,GWS,North Melbourne Kangaroos,Mid,21,22,PLAYED,83.0,2398,2366,-32,-1.33,89,90,-1,33,34,-1
cody-anderson,Cody Anderson,Hawthorn,Free agents,Fwd,21,22,DNP,DNP,63,62,-1,-1.59,690,690,0,186,186,0
cody-angove,Cody Angove,GWS,Hawthorn Hawks,Fwd,21,22,DNP,DNP,495,483,-12,-2.42,348,352,-4,84,85,-1
cody-curtin,Cody Curtin,Brisbane,St Kilda Saints,Key Fwd,21,22,DNP,DNP,548,524,-24,-4.38,328,340,-12,45,48,-3
cody-weightman,Cody Weightman,Western Bulldogs,Collingwood Magpies,Fwd,21,22,PLAYED,58.0,151,155,4,2.65,557,550,7,141,142,-1
colby-mckercher,Colby McKercher,North Melbourne,Richmond Tigers,Def,21,22,PLAYED,87.0,4434,4339,-95,-2.14,26,28,-2,4,5,-1
connor-budarick,Connor Budarick,Western Bulldogs,Brisbane Lions,Fwd,21,22,DNP,DNP,284,284,0,0.0,434,430,4,105,105,0
connor-idun,Connor Idun,GWS,North Melbourne Kangaroos,Def,21,22,PLAYED,70.0,2283,2257,-26,-1.14,98,99,-1,23,21,2
connor-macdonald,Connor MacDonald,Hawthorn,Richmond Tigers,Fwd,21,22,PLAYED,64.0,2849,2777,-72,-2.53,67,70,-3,16,19,-3
connor-o-sullivan,Connor O'Sullivan,Geelong,Western Bulldogs,Key Def,21,22,PLAYED,55.0,2947,2934,-13,-0.44,63,65,-2,4,4,0
connor-rozee,Connor Rozee,Port Adelaide,Adelaide Crows,Def,21,22,DNP,DNP,2830,2765,-65,-2.3,68,71,-3,13,13,0
conor-mckenna,Conor McKenna,Brisbane,St Kilda Saints,Fwd,21,22,PLAYED,62.0,7,7,0,0.0,800,800,0,226,226,0
conor-nash,Conor Nash,Hawthorn,Sydney Swans,Mid,21,22,DNP,DNP,239,239,0,0.0,467,464,3,109,108,1
conor-stone,Conor Stone,GWS,Brisbane Lions,Def,21,22,DNP,DNP,76,76,0,0.0,666,661,5,143,143,0
cooper-bell,Cooper Bell,Gold Coast,Free agents,Key Fwd,21,22,DNP,DNP,157,152,-5,-3.18,548,557,-9,86,90,-4
cooper-duff-tytler,Cooper Duff-Tytler,West Coast,Fremantle Dockers,Key Fwd,21,22,PLAYED,68.0,1514,1596,82,5.42,161,153,8,17,18,-1
cooper-harvey,Cooper Harvey,North Melbourne,Richmond Tigers,Fwd,21,22,DNP,DNP,544,540,-4,-0.74,330,332,-2,80,81,-1
cooper-hynes,Cooper Hynes,Western Bulldogs,Fremantle Dockers,Fwd,21,22,PLAYED,60.0,1382,1402,20,1.45,173,171,2,41,42,-1
cooper-lord,Cooper Lord,Carlton,Western Bulldogs,Mid,21,22,PLAYED,78.0,1150,1285,135,11.74,208,187,21,53,46,7
cooper-sharman,Cooper Sharman,St Kilda,Adelaide Crows,Key Fwd,21,22,PLAYED,46.0,542,450,-92,-16.97,333,366,-33,46,57,-11
cooper-simpson,Cooper Simpson,Fremantle,Richmond Tigers,Def,21,22,DNP,DNP,180,179,-1,-0.56,517,514,3,116,114,2
cooper-trembath,Cooper Trembath,North Melbourne,Richmond Tigers,Key Fwd,21,22,PLAYED,31.0,2053,2028,-25,-1.22,120,120,0,9,9,0
corey-durdin,Corey Durdin,Carlton,Port Adelaide Power,Fwd,21,22,PLAYED,62.0,48,49,1,2.08,719,714,5,199,197,2
corey-wagner,Corey Wagner,Fremantle,Sydney Swans,Def,21,22,DNP,DNP,20,20,0,0.0,773,771,2,166,166,0
corey-warner,Corey Warner,Sydney,Melbourne Demons,Fwd,21,22,DNP,DNP,49,49,0,0.0,714,715,-1,197,198,-1
dan-houston,Dan Houston,Collingwood,St Kilda Saints,Def,21,22,PLAYED,83.0,1127,1113,-14,-1.24,212,213,-1,51,53,-2
dane-rampe,Dane Rampe,Sydney,Brisbane Lions,Def,21,22,DNP,DNP,12,12,0,0.0,786,786,0,169,170,-1
daniel-annable,Daniel Annable,Brisbane,Fremantle Dockers,Mid,21,22,PLAYED,36.0,1364,1452,88,6.45,175,167,8,43,43,0
daniel-butler,Daniel Butler,St Kilda,Free agents,Fwd,21,22,DNP,DNP,10,10,0,0.0,793,791,2,223,223,0
daniel-curtin,Daniel Curtin,Adelaide,Melbourne Demons,Mid,21,22,PLAYED,43.0,2487,2451,-36,-1.45,80,85,-5,30,31,-1
daniel-mcstay,Daniel McStay,Collingwood,Brisbane Lions,Key Fwd,21,22,PLAYED,120.0,216,344,128,59.26,491,409,82,76,62,14
daniel-rioli,Daniel Rioli,Gold Coast,Collingwood Magpies,Def,21,22,PLAYED,86.0,620,651,31,5.0,310,299,11,77,74,3
daniel-turner,Daniel Turner,Melbourne,Sydney Swans,Key Def,21,22,PLAYED,62.0,1607,1547,-60,-3.73,149,157,-8,9,9,0
dante-visentini,Dante Visentini,Port Adelaide,Adelaide Crows,Key Fwd,21,22,PLAYED,45.0,1262,1290,28,2.22,192,184,8,25,24,1
darcy-byrne-jones,Darcy Byrne-Jones,Port Adelaide,Port Adelaide Power,Fwd,21,22,PLAYED,72.0,703,674,-29,-4.13,285,292,-7,68,70,-2
darcy-cameron,Darcy Cameron,Collingwood,West Coast Eagles,Ruck,21,22,PLAYED,129.0,1586,1692,106,6.68,152,142,10,13,13,0
darcy-fogarty,Darcy Fogarty,Adelaide,Port Adelaide Power,Key Fwd,21,22,DNP,DNP,868,876,8,0.92,254,253,1,36,35,1
darcy-fort,Darcy Fort,Geelong,Collingwood Magpies,Ruck,21,22,PLAYED,60.0,21,16,-5,-23.81,770,777,-7,48,48,0
darcy-gardiner,Darcy Gardiner,Brisbane,Geelong Cats,Key Def,21,22,PLAYED,24.0,33,33,0,0.0,750,749,1,73,73,0
darcy-jones,Darcy Jones,GWS,Essendon Bombers,Fwd,21,22,DNP,DNP,1321,1288,-33,-2.5,185,186,-1,45,45,0
darcy-moore,Darcy Moore,Collingwood,Essendon Bombers,Key Def,21,22,DNP,DNP,146,143,-3,-2.05,565,568,-3,48,47,1
darcy-parish,Darcy Parish,Essendon,Collingwood Magpies,Mid,21,22,DNP,DNP,569,569,0,0.0,318,322,-4,73,73,0
darcy-wilmot,Darcy Wilmot,Brisbane,Hawthorn Hawks,Def,21,22,PLAYED,75.0,3379,3359,-20,-0.59,53,54,-1,11,11,0
darcy-wilson,Darcy Wilson,St Kilda,Western Bulldogs,Fwd,21,22,PLAYED,82.0,3293,3260,-33,-1.0,57,58,-1,12,12,0
darragh-joyce,Darragh Joyce,Brisbane,Free agents,Key Def,21,22,DNP,DNP,7,7,0,0.0,801,801,0,82,82,0
dayne-zorko,Dayne Zorko,Brisbane,Port Adelaide Power,Def,21,22,PLAYED,92.0,1040,1012,-28,-2.69,218,227,-9,54,55,-1
deven-robertson,Deven Robertson,West Coast,Melbourne Demons,Fwd,21,22,DNP,DNP,170,162,-8,-4.71,530,538,-8,132,135,-3
dion-prestia,Dion Prestia,Richmond,Sydney Swans,Fwd,21,22,PLAYED,56.0,296,255,-41,-13.85,425,451,-26,102,108,-6
dougal-howard,Dougal Howard,St Kilda,Port Adelaide Power,Key Def,21,22,DNP,DNP,47,46,-1,-2.13,726,728,-2,66,67,-1
dylan-moore,Dylan Moore,Hawthorn,Hawthorn Hawks,Fwd,21,22,PLAYED,77.0,1174,1199,25,2.13,205,200,5,51,51,0
dylan-patterson,Dylan Patterson,Gold Coast,Melbourne Demons,Def,21,22,DNP,DNP,1719,1672,-47,-2.73,141,146,-5,35,36,-1
dylan-stephens,Dylan Stephens,North Melbourne,Essendon Bombers,Mid,21,22,PLAYED,123.0,423,628,205,48.46,380,307,73,86,70,16
dyson-sharp,Dyson Sharp,Essendon,Fremantle Dockers,Fwd,21,22,PLAYED,96.0,2794,3182,388,13.89,69,60,9,17,13,4
eamonn-armstrong,Eamonn Armstrong,St Kilda,Hawthorn Hawks,Def,21,22,DNP,DNP,55,54,-1,-1.82,698,701,-3,149,151,-2
ed-langdon,Ed Langdon,Melbourne,West Coast Eagles,Fwd,21,22,PLAYED,41.0,903,807,-96,-10.63,248,263,-15,61,64,-3
ed-richards,Ed Richards,Western Bulldogs,St Kilda Saints,Mid,21,22,PLAYED,114.0,3949,3979,30,0.76,38,38,0,15,16,-1
edward-allan,Edward Allan,Collingwood,Richmond Tigers,Mid,21,22,PLAYED,99.0,815,942,127,15.58,261,243,18,63,60,3
elijah-hewett,Elijah Hewett,West Coast,Melbourne Demons,Mid,21,22,DNP,DNP,753,745,-8,-1.06,275,279,-4,65,67,-2
elijah-hollands,Elijah Hollands,Carlton,Essendon Bombers,Fwd,21,22,DNP,DNP,716,708,-8,-1.12,283,285,-2,67,69,-2
elijah-tsatas,Elijah Tsatas,Essendon,Melbourne Demons,Mid,21,22,DNP,DNP,1272,1222,-50,-3.93,190,195,-5,49,47,2
elliot-himmelberg,Elliott Himmelberg,Adelaide,Free agents,Key Fwd,21,22,DNP,DNP,44,42,-2,-4.55,729,731,-2,116,116,0
elliot-yeo,Elliot Yeo,West Coast,North Melbourne Kangaroos,Fwd,21,22,PLAYED,93.0,294,335,41,13.95,428,413,15,104,102,2
eric-hipwood,Eric Hipwood,Brisbane,Brisbane Lions,Key Fwd,21,22,PLAYED,60.0,42,42,0,0.0,732,732,0,117,117,0
errol-gulden,Errol Gulden,Sydney,Carlton Blues,Mid,21,22,PLAYED,134.0,6891,7338,447,6.49,10,8,2,5,4,1
esava-ratugolea,Esava Ratugolea,Port Adelaide,Adelaide Crows,Key Def,21,22,DNP,DNP,66,65,-1,-1.52,684,683,1,61,61,0
ethan-read,Ethan Read,Gold Coast,St Kilda Saints,Key Fwd,21,22,PLAYED,31.0,957,998,41,4.28,232,228,4,32,31,1
ewan-mackinlay,Ewan Mackinlay,Port Adelaide,Richmond Tigers,Fwd,21,22,DNP,DNP,128,128,0,0.0,581,583,-2,148,150,-2
finlay-macrae,Finlay Macrae,West Coast,Geelong Cats,Fwd,21,22,DNP,DNP,110,110,0,0.0,612,611,1,157,160,-3
finn-callaghan,Finn Callaghan,GWS,Melbourne Demons,Mid,21,22,DNP,DNP,6140,6145,5,0.08,13,12,1,7,7,0
finn-maginness,Finn Maginness,Hawthorn,Free agents,Fwd,21,22,DNP,DNP,26,26,0,0.0,764,762,2,213,213,0
finn-o-sullivan,Finn O'Sullivan,North Melbourne,Collingwood Magpies,Def,21,22,PLAYED,34.0,3642,3567,-75,-2.06,46,48,-2,9,9,0
finnbar-maley,Finnbar Maley,Adelaide,Geelong Cats,Key Fwd,21,22,DNP,DNP,254,246,-8,-3.15,456,459,-3,68,70,-2
finnegan-davis,Finnegan Davis,GWS,Carlton Blues,Def,21,22,DNP,DNP,172,165,-7,-4.07,527,535,-8,117,116,1
flynn-perez,Flynn Perez,Hawthorn,Brisbane Lions,Def,21,22,DNP,DNP,113,113,0,0.0,604,604,0,129,128,1
flynn-riley,Flynn Riley,Carlton,Adelaide Crows,Ruck,21,22,DNP,DNP,276,266,-10,-3.62,442,443,-1,30,31,-1
flynn-young,Flynn Young,Carlton,Free agents,Fwd,21,22,DNP,DNP,128,128,0,0.0,582,584,-2,149,151,-2
francis-evans,Francis Evans,Carlton,St Kilda Saints,Fwd,21,22,PLAYED,134.0,254,500,246,96.85,457,346,111,113,83,30
fred-rodriguez,Fred Rodriguez,West Coast,Carlton Blues,Fwd,21,22,DNP,DNP,184,177,-7,-3.8,510,517,-7,125,128,-3
george-hewett,George Hewett,Carlton,Port Adelaide Power,Mid,21,22,PLAYED,119.0,2002,2085,83,4.15,123,113,10,37,37,0
george-stevens,George Stevens,Geelong,St Kilda Saints,Mid,21,22,DNP,DNP,326,321,-5,-1.53,414,418,-4,98,97,1
george-wardlaw,George Wardlaw,North Melbourne,Richmond Tigers,Mid,21,22,PLAYED,105.0,3308,3266,-42,-1.27,56,57,-1,22,22,0
griffin-logue,Griffin Logue,North Melbourne,Richmond Tigers,Key Def,21,22,PLAYED,72.0,76,78,2,2.63,667,659,8,58,56,2
gryan-miers,Gryan Miers,Geelong,Brisbane Lions,Fwd,21,22,PLAYED,63.0,1689,1672,-17,-1.01,143,147,-4,36,38,-2
hamish-davis,Hamish Davis,West Coast,Collingwood Magpies,Mid,21,22,DNP,DNP,898,909,11,1.22,249,249,0,60,61,-1
harley-barker,Harley Barker,Geelong,Fremantle Dockers,Mid,21,22,DNP,DNP,677,677,0,0.0,291,291,0,69,68,1
harley-reid,Harley Reid,West Coast,Melbourne Demons,Mid,21,22,PLAYED,84.0,3811,3814,3,0.08,43,42,1,17,18,-1
harris-andrews,Harris Andrews,Brisbane,Collingwood Magpies,Key Def,21,22,PLAYED,90.0,1643,1644,1,0.06,147,150,-3,8,8,0
harrison-coe,Harrison Coe,Collingwood,Port Adelaide Power,Ruck,21,22,DNP,DNP,235,231,-4,-1.7,475,476,-1,34,35,-1
harrison-himmelberg,Harrison Himmelberg,GWS,Sydney Swans,Def,21,22,PLAYED,68.0,149,141,-8,-5.37,560,572,-12,122,124,-2
harrison-jones,Harrison Jones,Essendon,Free agents,Key Fwd,21,22,DNP,DNP,174,169,-5,-2.87,525,531,-6,84,86,-2
harrison-oliver,Harrison Oliver,GWS,Hawthorn Hawks,Def,21,22,DNP,DNP,588,582,-6,-1.02,314,320,-6,79,80,-1
harrison-petty,Harrison Petty,Melbourne,Geelong Cats,Key Fwd,21,22,PLAYED,90.0,181,210,29,16.02,514,492,22,82,78,4
harrison-ramm,Harrison Ramm,Port Adelaide,Adelaide Crows,Key Def,21,22,PLAYED,44.0,338,394,56,16.57,409,392,17,32,30,2
harry-armstrong,Harry Armstrong,Richmond,Hawthorn Hawks,Key Fwd,21,22,DNP,DNP,804,811,7,0.87,264,262,2,38,37,1
harry-barnett,Harry Barnett,West Coast,Free agents,Ruck,21,22,DNP,DNP,555,553,-2,-0.36,326,326,0,23,23,0
harry-charleson,Harry Charleson,Carlton,North Melbourne Kangaroos,Def,21,22,DNP,DNP,103,100,-3,-2.91,620,624,-4,132,131,1
harry-cunningham,Harry Cunningham,Sydney,Free agents,Def,21,22,DNP,DNP,10,10,0,0.0,794,792,2,174,173,1
harry-dean,Harry Dean,Carlton,Hawthorn Hawks,Key Def,21,22,PLAYED,61.0,2660,2703,43,1.62,76,74,2,5,5,0
harry-demattia,Harry DeMattia,Collingwood,Carlton Blues,Mid,21,22,DNP,DNP,430,430,0,0.0,372,374,-2,83,81,2
harry-edwards,Harry Edwards,West Coast,St Kilda Saints,Key Def,21,22,DNP,DNP,103,98,-5,-4.85,621,628,-7,55,54,1
harry-kyle,Harry Kyle,Sydney,Fremantle Dockers,Def,21,22,PLAYED,44.0,1149,1174,25,2.18,209,205,4,50,50,0
harry-mckay,Harry McKay,Carlton,St Kilda Saints,Key Fwd,21,22,PLAYED,76.0,1859,1831,-28,-1.51,128,131,-3,11,11,0
harry-morrison,Harry Morrison,Hawthorn,St Kilda Saints,Mid,21,22,PLAYED,71.0,21,20,-1,-4.76,771,772,-1,148,148,0
harry-o-farrell,Harry O'Farrell,Carlton,Sydney Swans,Key Def,21,22,DNP,DNP,957,949,-8,-0.84,233,240,-7,16,16,0
harry-perryman,Harry Perryman,Collingwood,Brisbane Lions,Def,21,22,DNP,DNP,69,69,0,0.0,676,676,0,144,145,-1
harry-rowston,Harry Rowston,GWS,Carlton Blues,Mid,21,22,PLAYED,69.0,727,798,71,9.77,280,264,16,67,64,3
harry-schoenberg,Harry Schoenberg,Adelaide,Adelaide Crows,Fwd,21,22,DNP,DNP,50,50,0,0.0,711,708,3,196,193,3
harry-sharp,Harry Sharp,Brisbane,Brisbane Lions,Fwd,21,22,PLAYED,102.0,54,157,103,190.74,704,549,155,191,141,50
harry-sheezel,Harry Sheezel,North Melbourne,Carlton Blues,Fwd,21,22,PLAYED,96.0,12124,11925,-199,-1.64,1,1,0,1,1,0
harvey-gallagher,Harvey Gallagher,Western Bulldogs,Richmond Tigers,Def,21,22,DNP,DNP,87,87,0,0.0,639,641,-2,136,136,0
harvey-harrison,Harvey Harrison,Collingwood,West Coast Eagles,Fwd,21,22,PLAYED,60.0,48,50,2,4.17,720,709,11,200,194,6
harvey-johnston,Harvey Johnston,West Coast,Melbourne Demons,Def,21,22,DNP,DNP,296,297,1,0.34,426,427,-1,98,99,-1
harvey-langford,Harvey Langford,Melbourne,Fremantle Dockers,Mid,21,22,PLAYED,112.0,2409,2514,105,4.36,87,81,6,32,28,4
harvey-thomas,Harvey Thomas,GWS,Brisbane Lions,Fwd,21,22,PLAYED,101.0,2171,2346,175,8.06,102,92,10,27,23,4
hayden-mclean,Hayden McLean,Sydney,Richmond Tigers,Key Fwd,21,22,PLAYED,41.0,245,218,-27,-11.02,463,485,-22,69,76,-7
hayden-young,Hayden Young,Fremantle,Essendon Bombers,Mid,21,22,PLAYED,78.0,1815,1784,-31,-1.71,134,134,0,38,38,0
heath-chapman,Heath Chapman,Fremantle,Sydney Swans,Def,21,22,PLAYED,71.0,402,461,59,14.68,387,363,24,93,88,5
henry-hustwaite,Henry Hustwaite,Hawthorn,Richmond Tigers,Mid,21,22,DNP,DNP,246,239,-7,-2.85,462,465,-3,107,109,-2
henry-smith,Henry Smith,Brisbane,Hawthorn Hawks,Key Fwd,21,22,DNP,DNP,82,82,0,0.0,649,648,1,108,108,0
hudson-o-keeffe,Hudson O'Keeffe,Carlton,Western Bulldogs,Key Fwd,21,22,DNP,DNP,229,224,-5,-2.18,481,481,0,73,74,-1
hugh-bond,Hugh Bond,Adelaide,Fremantle Dockers,Def,21,22,DNP,DNP,154,148,-6,-3.9,552,561,-9,121,120,1
hugh-boxshall,Hugh Boxshall,St Kilda,Melbourne Demons,Mid,21,22,PLAYED,65.0,929,965,36,3.88,242,235,7,59,58,1
hugh-davies,Hugh Davies,Fremantle,Hawthorn Hawks,Key Def,21,22,DNP,DNP,186,185,-1,-0.54,509,510,-1,40,40,0
hugh-mccluggage,Hugh McCluggage,Brisbane,Western Bulldogs,Mid,21,22,DNP,DNP,1563,1565,2,0.13,156,156,0,39,40,-1
hugo-garcia,Hugo Garcia,St Kilda,West Coast Eagles,Mid,21,22,PLAYED,67.0,3113,3104,-9,-0.29,60,61,-1,25,24,1
hugo-hall-kahan,Hugo Hall-Kahan,Adelaide,Collingwood Magpies,Def,21,22,PLAYED,66.0,171,149,-22,-12.87,528,559,-31,118,119,-1
hugo-mikunda,Hugo Mikunda,North Melbourne,Richmond Tigers,Fwd,21,22,DNP,DNP,184,177,-7,-3.8,511,518,-7,126,129,-3
hugo-ralphsmith,Hugo Ralphsmith,Richmond,Port Adelaide Power,Mid,21,22,PLAYED,84.0,51,57,6,11.76,708,696,12,142,140,2
hunter-clark,Hunter Clark,St Kilda,Hawthorn Hawks,Mid,21,22,PLAYED,51.0,48,48,0,0.0,721,720,1,143,143,0
hunter-holmes,Hunter Holmes,Geelong,Fremantle Dockers,Mid,21,22,DNP,DNP,533,517,-16,-3.0,339,341,-2,77,78,-1
hussien-el-achkar,Hussien El Achkar,Essendon,Western Bulldogs,Fwd,21,22,PLAYED,37.0,444,401,-43,-9.68,365,389,-24,88,94,-6
iliro-smit,Iliro Smit,Collingwood,Carlton Blues,Ruck,21,22,DNP,DNP,170,170,0,0.0,531,529,2,40,41,-1
indy-cotton,Indy Cotton,Adelaide,Hawthorn Hawks,Fwd,21,22,DNP,DNP,65,62,-3,-4.62,686,691,-5,184,187,-3
isaac-cumming,Isaac Cumming,Adelaide,North Melbourne Kangaroos,Mid,21,22,PLAYED,80.0,40,40,0,0.0,737,738,-1,145,145,0
isaac-heeney,Isaac Heeney,Sydney,West Coast Eagles,Mid,21,22,PLAYED,93.0,3652,3586,-66,-1.81,45,46,-1,18,19,-1
isaac-kako,Isaac Kako,Essendon,Western Bulldogs,Fwd,21,22,PLAYED,44.0,1337,1378,41,3.07,180,176,4,44,44,0
isaac-keeler,Isaac Keeler,St Kilda,Hawthorn Hawks,Key Fwd,21,22,DNP,DNP,192,180,-12,-6.25,505,513,-8,81,84,-3
isaac-quaynor,Isaac Quaynor,Collingwood,Brisbane Lions,Def,21,22,PLAYED,62.0,634,604,-30,-4.73,303,317,-14,75,78,-3
isaiah-dudley,Isaiah Dudley,Fremantle,Carlton Blues,Fwd,21,22,PLAYED,63.0,142,159,17,11.97,572,541,31,145,137,8
izak-rankine,Izak Rankine,Adelaide,Geelong Cats,Fwd,21,22,PLAYED,223.0,3558,4748,1190,33.45,50,23,27,11,4,7
jack-bowes,Jack Bowes,Geelong,Brisbane Lions,Mid,21,22,DNP,DNP,97,97,0,0.0,629,629,0,131,131,0
jack-buckley,Jack Buckley,GWS,Collingwood Magpies,Key Def,21,22,DNP,DNP,563,559,-4,-0.71,321,325,-4,25,25,0
jack-buller,Jack Buller,Collingwood,Fremantle Dockers,Key Fwd,21,22,DNP,DNP,80,80,0,0.0,655,653,2,109,109,0
jack-carroll,Jack Carroll,St Kilda,Adelaide Crows,Def,21,22,DNP,DNP,84,85,1,1.19,645,643,2,140,138,2
jack-crisp,Jack Crisp,Collingwood,North Melbourne Kangaroos,Mid,21,22,PLAYED,70.0,453,417,-36,-7.95,360,381,-21,81,85,-4
jack-dalton,Jack Dalton,Hawthorn,Fremantle Dockers,Mid,21,22,DNP,DNP,502,483,-19,-3.78,345,353,-8,78,80,-2
jack-darling,Jack Darling,North Melbourne,North Melbourne Kangaroos,Key Fwd,21,22,PLAYED,83.0,138,158,20,14.49,575,544,31,93,88,5
jack-ginnivan,Jack Ginnivan,Collingwood,North Melbourne Kangaroos,Fwd,21,22,PLAYED,67.0,2330,2277,-53,-2.27,92,98,-6,22,26,-4
jack-graham,Jack Graham,West Coast,Port Adelaide Power,Fwd,21,22,PLAYED,81.0,662,660,-2,-0.3,292,297,-5,70,72,-2
jack-gunston,Jack Gunston,Hawthorn,St Kilda Saints,Key Fwd,21,22,PLAYED,52.0,896,784,-112,-12.5,250,268,-18,35,38,-3
jack-henderson,Jack Henderson,Melbourne,Free agents,Fwd,21,22,DNP,DNP,105,103,-2,-1.9,618,618,0,161,163,-2
jack-henry,Jack Henry,Geelong,Geelong Cats,Key Fwd,21,22,PLAYED,90.0,193,255,62,32.12,503,452,51,79,69,10
jack-higgins,Jack Higgins,St Kilda,Geelong Cats,Fwd,21,22,PLAYED,59.0,55,53,-2,-3.64,699,704,-5,190,190,0
jack-hutchinson,Jack Hutchinson,West Coast,Melbourne Demons,Mid,21,22,DNP,DNP,100,100,0,0.0,626,625,1,130,129,1
jack-ison,Jack Ison,Carlton,Fremantle Dockers,Mid,21,22,DNP,DNP,544,544,0,0.0,331,329,2,76,75,1
jack-lukosius,Jack Lukosius,Port Adelaide,Essendon Bombers,Key Fwd,21,22,DNP,DNP,472,469,-3,-0.64,354,358,-4,53,53,0
jack-martin,Jack Martin,Geelong,Brisbane Lions,Fwd,21,22,PLAYED,73.0,107,107,0,0.0,614,612,2,158,161,-3
jack-ough,Jack Ough,GWS,Western Bulldogs,Mid,21,22,DNP,DNP,678,664,-14,-2.06,290,296,-6,68,69,-1
jack-payne,Jack Payne,Brisbane,Brisbane Lions,Key Def,21,22,DNP,DNP,100,95,-5,-5.0,627,631,-4,56,55,1
jack-ross,Jack Ross,Richmond,Collingwood Magpies,Fwd,21,22,PLAYED,108.0,2727,2799,72,2.64,72,69,3,19,18,1
jack-scrimshaw,Jack Scrimshaw,Hawthorn,Essendon Bombers,Def,21,22,DNP,DNP,93,90,-3,-3.23,633,636,-3,134,135,-1
jack-silvagni,Jack Silvagni,St Kilda,Collingwood Magpies,Key Def,21,22,PLAYED,36.0,792,624,-168,-21.21,265,309,-44,21,23,-2
jack-sinclair,Jack Sinclair,St Kilda,Western Bulldogs,Def,21,22,DNP,DNP,3368,3371,3,0.09,54,53,1,12,10,2
jack-steele,Jack Steele,Melbourne,Port Adelaide Power,Mid,21,22,PLAYED,78.0,1275,1208,-67,-5.25,189,199,-10,48,48,0
jack-viney,Jack Viney,Melbourne,North Melbourne Kangaroos,Mid,21,22,DNP,DNP,242,233,-9,-3.72,464,471,-7,108,110,-2
jack-watkins,Jack Watkins,Port Adelaide,Adelaide Crows,Fwd,21,22,DNP,DNP,132,132,0,0.0,578,581,-3,146,149,-3
jack-whitlock,Jack Whitlock,Port Adelaide,Fremantle Dockers,Key Fwd,21,22,PLAYED,53.0,1233,1265,32,2.6,196,189,7,26,25,1
jack-williams,Jack Williams,West Coast,Melbourne Demons,Key Fwd,21,22,PLAYED,57.0,398,480,82,20.6,388,354,34,61,52,9
jackson-archer,Jackson Archer,North Melbourne,Free agents,Def,21,22,DNP,DNP,27,27,0,0.0,762,759,3,165,164,1
jackson-macrae,Jackson Macrae,St Kilda,St Kilda Saints,Mid,21,22,DNP,DNP,104,104,0,0.0,619,616,3,127,127,0
jackson-mead,Jackson Mead,Port Adelaide,North Melbourne Kangaroos,Mid,21,22,PLAYED,53.0,29,29,0,0.0,754,753,1,146,146,0
jacob-farrow,Jacob Farrow,Essendon,Fremantle Dockers,Def,21,22,PLAYED,71.0,2651,2688,37,1.4,78,75,3,16,14,2
jacob-hopper,Jacob Hopper,Richmond,Sydney Swans,Mid,21,22,DNP,DNP,102,102,0,0.0,623,620,3,128,128,0
jacob-konstanty,Jacob Konstanty,North Melbourne,Collingwood Magpies,Fwd,21,22,DNP,DNP,159,161,2,1.26,544,539,5,137,136,1
jacob-molier,Jacob Molier,Geelong,St Kilda Saints,Ruck,21,22,DNP,DNP,288,283,-5,-1.74,431,431,0,29,29,0
jacob-moss,Jacob Moss,Port Adelaide,Fremantle Dockers,Key Def,21,22,DNP,DNP,47,45,-2,-4.26,727,729,-2,67,68,-1
jacob-newton,Jacob Newton,West Coast,Melbourne Demons,Fwd,21,22,DNP,DNP,208,210,2,0.96,493,493,0,121,119,2
jacob-van-rooyen,Jacob Van Rooyen,Melbourne,Essendon Bombers,Key Fwd,21,22,PLAYED,32.0,1977,1903,-74,-3.74,125,124,1,10,10,0
jacob-wehr,Jacob Wehr,Port Adelaide,Geelong Cats,Def,21,22,PLAYED,56.0,14,14,0,0.0,782,781,1,168,168,0
jacob-weitering,Jacob Weitering,Carlton,St Kilda Saints,Key Def,21,22,DNP,DNP,1031,1025,-6,-0.58,220,224,-4,13,15,-2
jade-gresham,Jade Gresham,Essendon,Geelong Cats,Fwd,21,22,DNP,DNP,39,39,0,0.0,740,741,-1,204,205,-1
jaeger-o-meara,Jaeger O'Meara,Fremantle,Brisbane Lions,Mid,21,22,DNP,DNP,165,165,0,0.0,536,536,0,116,116,0
jagga-smith,Jagga Smith,Carlton,Fremantle Dockers,Fwd,21,22,PLAYED,56.0,5086,4877,-209,-4.11,18,19,-1,3,3,0
jai-culley,Jai Culley,Melbourne,Western Bulldogs,Mid,21,22,DNP,DNP,189,185,-4,-2.12,508,511,-3,113,113,0
jai-murray,Jai Murray,Gold Coast,Fremantle Dockers,Mid,21,22,DNP,DNP,1189,1196,7,0.59,204,202,2,51,49,2
jai-newcombe,Jai Newcombe,Hawthorn,Sydney Swans,Mid,21,22,PLAYED,83.0,4922,4954,32,0.65,20,18,2,10,10,0
jai-saxena,Jai Saxena,Collingwood,West Coast Eagles,Fwd,21,22,DNP,DNP,77,74,-3,-3.9,659,666,-7,171,175,-4
jai-serong,Jai Serong,Sydney,North Melbourne Kangaroos,Key Def,21,22,PLAYED,124.0,981,1290,309,31.5,224,185,39,14,11,3
jaime-uhr-henry,Jaime Uhr-Henry,Hawthorn,Free agents,Ruck,21,22,DNP,DNP,65,64,-1,-1.54,687,686,1,45,45,0
jake-bowey,Jake Bowey,Melbourne,West Coast Eagles,Def,21,22,PLAYED,100.0,4386,4381,-5,-0.11,27,27,0,5,4,1
jake-kolodjashnij,Jake Kolodjashnij,Geelong,Port Adelaide Power,Key Def,21,22,DNP,DNP,22,22,0,0.0,769,767,2,77,75,2
jake-lever,Jake Lever,Melbourne,Collingwood Magpies,Def,21,22,PLAYED,37.0,192,144,-48,-25.0,506,564,-58,114,121,-7
jake-lloyd,Jake Lloyd,Sydney,Geelong Cats,Fwd,21,22,PLAYED,109.0,124,176,52,41.94,593,522,71,152,131,21
jake-melksham,Jake Melksham,Melbourne,Free agents,Key Fwd,21,22,DNP,DNP,49,49,0,0.0,715,716,-1,115,115,0
jake-riccardi,Jake Riccardi,GWS,Western Bulldogs,Key Fwd,21,22,DNP,DNP,278,276,-2,-0.72,438,438,0,67,67,0
jake-rogers,Jake Rogers,Gold Coast,Melbourne Demons,Fwd,21,22,PLAYED,34.0,539,563,24,4.45,335,324,11,82,79,3
jake-soligo,Jake Soligo,Adelaide,Carlton Blues,Fwd,21,22,DNP,DNP,2075,2074,-1,-0.05,116,114,2,32,31,1
jake-stringer,Jake Stringer,GWS,Brisbane Lions,Fwd,21,22,PLAYED,67.0,107,104,-3,-2.8,615,617,-2,159,162,-3
jake-waterman,Jake Waterman,West Coast,West Coast Eagles,Key Fwd,21,22,PLAYED,74.0,1191,1198,7,0.59,203,201,2,27,27,0
jakob-ryan,Jakob Ryan,Collingwood,West Coast Eagles,Def,21,22,DNP,DNP,239,239,0,0.0,468,466,2,108,108,0
jamarra-ugle-hagan,Jamarra Ugle-Hagan,Gold Coast,Brisbane Lions,Key Fwd,21,22,DNP,DNP,285,277,-8,-2.81,433,437,-4,65,66,-1
james-barrat,James Barrat,St Kilda,North Melbourne Kangaroos,Key Fwd,21,22,DNP,DNP,231,225,-6,-2.6,480,480,0,72,73,-1
james-blanck,James Blanck,Hawthorn,Free agents,Key Def,21,22,DNP,DNP,60,60,0,0.0,694,695,-1,62,62,0
james-borlase,James Borlase,Adelaide,Fremantle Dockers,Key Def,21,22,DNP,DNP,438,438,0,0.0,367,370,-3,28,28,0
james-jordon,James Jordon,Sydney,Adelaide Crows,Fwd,21,22,PLAYED,81.0,145,178,33,22.76,566,515,51,143,127,16
james-leake,James Leake,GWS,Hawthorn Hawks,Fwd,21,22,DNP,DNP,482,477,-5,-1.04,353,355,-2,86,86,0
james-o-donnell,James O'Donnell,Western Bulldogs,Richmond Tigers,Key Def,21,22,PLAYED,77.0,572,668,96,16.78,316,295,21,24,21,3
james-peatling,James Peatling,Adelaide,Collingwood Magpies,Mid,21,22,PLAYED,44.0,1318,1116,-202,-15.33,186,212,-26,47,52,-5
james-rowbottom,James Rowbottom,Sydney,Sydney Swans,Fwd,21,22,DNP,DNP,1223,1222,-1,-0.08,198,196,2,48,48,0
james-sicily,James Sicily,Hawthorn,Geelong Cats,Def,21,22,PLAYED,65.0,1568,1442,-126,-8.04,155,169,-14,39,41,-2
james-trezise,James Trezise,Richmond,Western Bulldogs,Def,21,22,DNP,DNP,119,120,1,0.84,598,598,0,128,127,1
james-tunstill,James Tunstill,Brisbane,Free agents,Mid,21,22,DNP,DNP,82,82,0,0.0,650,649,1,134,135,-1
james-worpel,James Worpel,Geelong,Port Adelaide Power,Mid,21,22,PLAYED,74.0,429,419,-10,-2.33,374,380,-6,84,84,0
jamie-cripps,Jamie Cripps,West Coast,Free agents,Fwd,21,22,DNP,DNP,28,28,0,0.0,759,756,3,210,210,0
jamie-elliott,Jamie Elliott,Collingwood,Brisbane Lions,Fwd,21,22,DNP,DNP,19,19,0,0.0,775,774,1,218,218,0
jaren-carr,Jaren Carr,Fremantle,Port Adelaide Power,Fwd,21,22,DNP,DNP,67,65,-2,-2.99,677,684,-7,180,182,-2
jarman-impey,Jarman Impey,Hawthorn,Collingwood Magpies,Def,21,22,PLAYED,55.0,987,858,-129,-13.07,222,255,-33,55,62,-7
jarrod-berry,Jarrod Berry,Brisbane,Sydney Swans,Mid,21,22,PLAYED,91.0,196,192,-4,-2.04,501,505,-4,112,112,0
jarrod-witts,Jarrod Witts,Gold Coast,Port Adelaide Power,Ruck,21,22,DNP,DNP,142,142,0,0.0,573,570,3,42,42,0
jase-burgoyne,Jase Burgoyne,Port Adelaide,Essendon Bombers,Def,21,22,PLAYED,139.0,2403,2581,178,7.41,88,78,10,18,17,1
jason-horne-francis,Jason Horne-Francis,Port Adelaide,Geelong Cats,Fwd,21,22,PLAYED,99.0,6200,6113,-87,-1.4,12,13,-1,2,2,0
jaspa-fletcher,Jaspa Fletcher,Brisbane,Adelaide Crows,Def,21,22,PLAYED,70.0,2652,2649,-3,-0.11,77,77,0,15,16,-1
jasper-alger,Jasper Alger,Richmond,Carlton Blues,Fwd,21,22,DNP,DNP,444,455,11,2.48,366,365,1,89,88,1
jaxon-artemis,Jaxon Artemis,Essendon,Hawthorn Hawks,Def,21,22,PLAYED,58.0,305,334,29,9.51,421,414,7,96,95,1
jaxon-prior,Jaxon Prior,Brisbane,Fremantle Dockers,Def,21,22,PLAYED,82.0,293,310,17,5.8,429,421,8,99,97,2
jay-polkinghorne,Jay Polkinghorne,Geelong,Fremantle Dockers,Key Fwd,21,22,PLAYED,20.0,431,363,-68,-15.78,371,405,-34,57,61,-4
jayden-laverde,Jayden Laverde,Essendon,Sydney Swans,Key Def,21,22,DNP,DNP,196,196,0,0.0,502,503,-1,39,39,0
jayden-nguyen,Jayden Nguyen,GWS,Free agents,Def,21,22,DNP,DNP,438,433,-5,-1.14,368,371,-3,89,90,-1
jayden-short,Jayden Short,Richmond,Port Adelaide Power,Def,21,22,PLAYED,75.0,962,900,-62,-6.44,230,250,-20,57,61,-4
jed-adams,Jed Adams,Melbourne,Melbourne Demons,Key Def,21,22,DNP,DNP,155,154,-1,-0.65,550,552,-2,46,44,2
jed-bews,Jed Bews,Geelong,Free agents,Def,21,22,DNP,DNP,10,10,0,0.0,795,793,2,175,174,1
jed-walter,Jed Walter,Gold Coast,Melbourne Demons,Key Fwd,21,22,PLAYED,52.0,1315,1330,15,1.14,187,181,6,23,23,0
jedd-busslinger,Jedd Busslinger,Western Bulldogs,Essendon Bombers,Key Def,21,22,DNP,DNP,888,882,-6,-0.68,251,252,-1,17,18,-1
jeremy-cameron,Jeremy Cameron,Geelong,North Melbourne Kangaroos,Key Fwd,21,22,DNP,DNP,827,826,-1,-0.12,259,258,1,37,36,1
jeremy-howe,Jeremy Howe,Collingwood,Port Adelaide Power,Def,21,22,DNP,DNP,229,228,-1,-0.44,482,479,3,113,110,3
jeremy-sharp,Jeremy Sharp,Fremantle,Collingwood Magpies,Mid,21,22,DNP,DNP,56,53,-3,-5.36,696,705,-9,140,142,-2
jesse-dattoli,Jesse Dattoli,Sydney,Collingwood Magpies,Fwd,21,22,PLAYED,102.0,326,422,96,29.45,415,379,36,98,90,8
jesse-hogan,Jesse Hogan,GWS,Port Adelaide Power,Key Fwd,21,22,DNP,DNP,218,215,-3,-1.38,489,487,2,75,77,-2
jesse-mellor,Jesse Mellor,Geelong,Geelong Cats,Fwd,21,22,DNP,DNP,77,74,-3,-3.9,660,667,-7,172,176,-4
jesse-motlop,Jesse Motlop,Carlton,Adelaide Crows,Fwd,21,22,DNP,DNP,82,77,-5,-6.1,651,660,-9,167,172,-5
jevan-phillipou,Jevan Phillipou,Sydney,Fremantle Dockers,Mid,21,22,DNP,DNP,282,274,-8,-2.84,436,441,-5,102,101,1
jhye-clark,Jhye Clark,Geelong,Geelong Cats,Fwd,21,22,PLAYED,106.0,834,1074,240,28.78,258,216,42,63,55,8
jobe-shanahan,Jobe Shanahan,West Coast,Western Bulldogs,Key Fwd,21,22,PLAYED,50.0,1769,1755,-14,-0.79,139,137,2,15,14,1
joe-berry,Joe Berry,Port Adelaide,Adelaide Crows,Fwd,21,22,PLAYED,74.0,1102,1209,107,9.71,214,198,16,54,50,4
joe-pike,Joe Pike,Geelong,North Melbourne Kangaroos,Ruck,21,22,DNP,DNP,177,174,-3,-1.69,523,524,-1,39,40,-1
joe-richards,Joe Richards,Port Adelaide,Adelaide Crows,Fwd,21,22,DNP,DNP,922,925,3,0.33,245,247,-2,58,59,-1
joel-amartey,Joel Amartey,Sydney,Collingwood Magpies,Key Fwd,21,22,DNP,DNP,32,32,0,0.0,751,750,1,118,118,0
joel-cochran,Joel Cochran,Collingwood,Hawthorn Hawks,Def,21,22,DNP,DNP,166,161,-5,-3.01,535,540,-5,120,117,3
joel-fitzgerald,Joel Fitzgerald,Melbourne,Sydney Swans,Mid,21,22,PLAYED,61.0,67,61,-6,-8.96,678,692,-14,139,139,0
joel-freijah,Joel Freijah,Western Bulldogs,Western Bulldogs,Fwd,21,22,PLAYED,82.0,2917,2927,10,0.34,65,66,-1,15,16,-1
joel-hamling,Joel Hamling,Sydney,Free agents,Key Def,21,22,PLAYED,78.0,18,18,0,0.0,776,775,1,78,78,0
joel-jeffrey,Joel Jeffrey,Gold Coast,North Melbourne Kangaroos,Def,21,22,PLAYED,73.0,1587,1596,9,0.57,151,154,-3,37,37,0
john-noble,John Noble,Gold Coast,Sydney Swans,Def,21,22,PLAYED,83.0,2313,2192,-121,-5.23,95,104,-9,21,24,-3
jonty-faull,Jonty Faull,Richmond,Carlton Blues,Key Fwd,21,22,DNP,DNP,948,982,34,3.59,237,232,5,34,32,2
jordan-boyd,Jordan Boyd,Carlton,Free agents,Def,21,22,DNP,DNP,37,37,0,0.0,744,744,0,161,161,0
jordan-clark,Jordan Clark,Fremantle,West Coast Eagles,Def,21,22,PLAYED,81.0,3591,3312,-279,-7.77,48,55,-7,10,12,-2
jordan-croft,Jordan Croft,Western Bulldogs,Hawthorn Hawks,Key Fwd,21,22,PLAYED,58.0,975,1021,46,4.72,227,225,2,30,30,0
jordan-dawson,Jordan Dawson,Adelaide,West Coast Eagles,Mid,21,22,PLAYED,108.0,3492,3490,-2,-0.06,51,51,0,20,21,-1
jordan-de-goey,Jordan De Goey,Collingwood,North Melbourne Kangaroos,Fwd,21,22,DNP,DNP,1447,1453,6,0.41,165,166,-1,40,41,-1
jordan-ridley,Jordan Ridley,Essendon,Adelaide Crows,Def,21,22,DNP,DNP,709,704,-5,-0.71,284,286,-2,70,72,-2
jordon-butts,Jordon Butts,Adelaide,Fremantle Dockers,Key Def,21,22,DNP,DNP,15,15,0,0.0,779,779,0,79,79,0
jordon-sweet,Jordon Sweet,Port Adelaide,St Kilda Saints,Ruck,21,22,PLAYED,68.0,2435,2330,-105,-4.31,83,93,-10,6,6,0
josaia-delana,Josaia Delana,GWS,St Kilda Saints,Fwd,21,22,PLAYED,113.0,296,388,92,31.08,427,394,33,103,96,7
joseph-fonti,Joseph Fonti,GWS,St Kilda Saints,Def,21,22,PLAYED,51.0,636,601,-35,-5.5,300,318,-18,74,79,-5
josh-battle,Josh Battle,St Kilda,West Coast Eagles,Key Def,21,22,PLAYED,62.0,2122,2053,-69,-3.25,111,118,-7,6,6,0
josh-daicos,Josh Daicos,Collingwood,Brisbane Lions,Def,21,22,PLAYED,117.0,2134,2136,2,0.09,109,108,1,25,25,0
josh-dolan,Josh Dolan,Western Bulldogs,Hawthorn Hawks,Fwd,21,22,PLAYED,37.0,505,532,27,5.35,343,334,9,83,82,1
josh-draper,Josh Draper,Fremantle,Essendon Bombers,Key Def,21,22,DNP,DNP,460,433,-27,-5.87,359,372,-13,27,29,-2
josh-dunkley,Josh Dunkley,Brisbane,Geelong Cats,Mid,21,22,PLAYED,86.0,1173,1150,-23,-1.96,206,208,-2,52,50,2
josh-gibcus,Josh Gibcus,Richmond,Carlton Blues,Key Def,21,22,DNP,DNP,136,136,0,0.0,577,579,-2,50,49,1
josh-goater,Josh Goater,North Melbourne,Hawthorn Hawks,Def,21,22,DNP,DNP,93,93,0,0.0,634,634,0,135,134,1
josh-lai,Josh Lai,Port Adelaide,Fremantle Dockers,Def,21,22,PLAYED,26.0,513,447,-66,-12.87,342,367,-25,82,89,-7
josh-lindsay,Josh Lindsay,West Coast,St Kilda Saints,Def,21,22,PLAYED,67.0,2452,2428,-24,-0.98,81,86,-5,17,18,-1
josh-rachele,Josh Rachele,Adelaide,Fremantle Dockers,Fwd,21,22,PLAYED,45.0,1990,2032,42,2.11,124,119,5,33,33,0
josh-sinn,Josh Sinn,Port Adelaide,Essendon Bombers,Def,21,22,DNP,DNP,144,144,0,0.0,570,565,5,124,122,2
josh-smillie,Josh Smillie,Richmond,Carlton Blues,Mid,21,22,DNP,DNP,978,962,-16,-1.64,226,237,-11,57,59,-2
josh-treacy,Josh Treacy,Fremantle,West Coast Eagles,Key Fwd,21,22,PLAYED,104.0,7018,7123,105,1.5,9,10,-1,1,1,0
josh-ward,Josh Ward,Hawthorn,Essendon Bombers,Mid,21,22,PLAYED,114.0,2873,2850,-23,-0.8,66,68,-2,26,26,0
josh-worrell,Josh Worrell,Adelaide,West Coast Eagles,Def,21,22,PLAYED,96.0,3663,3772,109,2.98,44,43,1,8,8,0
joshua-kelly,Joshua Kelly,GWS,Adelaide Crows,Mid,21,22,DNP,DNP,389,375,-14,-3.6,392,400,-8,90,91,-1
joshua-weddle,Joshua Weddle,Hawthorn,Richmond Tigers,Def,21,22,PLAYED,68.0,1578,1529,-49,-3.11,153,159,-6,38,39,-1
judd-mcvee,Judd McVee,Fremantle,Richmond Tigers,Def,21,22,PLAYED,37.0,309,279,-30,-9.71,420,434,-14,95,102,-7
judson-clarke,Judson Clarke,Richmond,Collingwood Magpies,Fwd,21,22,PLAYED,63.0,64,64,0,0.0,688,687,1,185,183,2
justin-mcinerney,Justin McInerney,Sydney,Carlton Blues,Fwd,21,22,DNP,DNP,2170,2172,2,0.09,104,106,-2,28,28,0
jy-farrar,Jy Farrar,Gold Coast,Free agents,Key Fwd,21,22,PLAYED,9.0,11,9,-2,-18.18,790,798,-8,119,120,-1
jy-simpkin,Jy Simpkin,North Melbourne,Collingwood Magpies,Fwd,21,22,PLAYED,52.0,1220,1180,-40,-3.28,200,204,-4,49,52,-3
jye-amiss,Jye Amiss,Fremantle,Collingwood Magpies,Key Fwd,21,22,PLAYED,78.0,1456,1508,52,3.57,164,163,1,20,19,1
jye-caldwell,Jye Caldwell,Essendon,Brisbane Lions,Mid,21,22,PLAYED,75.0,993,992,-1,-0.1,221,231,-10,55,57,-2
kade-chandler,Kade Chandler,Melbourne,Western Bulldogs,Fwd,21,22,PLAYED,46.0,950,825,-125,-13.16,235,259,-24,55,63,-8
kai-lohmann,Kai Lohmann,Brisbane,Collingwood Magpies,Fwd,21,22,PLAYED,129.0,661,888,227,34.34,293,251,42,71,61,10
kalani-white,Kalani White,Melbourne,Essendon Bombers,Key Fwd,21,22,DNP,DNP,86,85,-1,-1.16,640,644,-4,106,107,-1
kaleb-smith,Kaleb Smith,Richmond,Free agents,Def,21,22,DNP,DNP,67,67,0,0.0,679,679,0,145,146,-1
kane-farrell,Kane Farrell,Port Adelaide,Essendon Bombers,Def,21,22,DNP,DNP,1324,1325,1,0.08,183,182,1,48,47,1
kane-mcauliffe,Kane McAuliffe,Richmond,Carlton Blues,Mid,21,22,DNP,DNP,1328,1333,5,0.38,182,180,2,45,45,0
karl-amon,Karl Amon,Hawthorn,St Kilda Saints,Def,21,22,PLAYED,63.0,416,349,-67,-16.11,381,408,-27,91,94,-3
karl-worner,Karl Worner,Fremantle,North Melbourne Kangaroos,Def,21,22,PLAYED,79.0,1246,1266,20,1.61,195,188,7,49,48,1
kayle-gerreyn,Kayle Gerreyn,Essendon,Fremantle Dockers,Ruck,21,22,DNP,DNP,181,177,-4,-2.21,515,519,-4,37,38,-1
keidean-coleman,Keidean Coleman,Brisbane,Melbourne Demons,Def,21,22,DNP,DNP,764,763,-1,-0.13,270,272,-2,64,65,-1
keighton-matofai-forbes,Keighton Matofai-Forbes,Geelong,Free agents,Fwd,21,22,DNP,DNP,77,75,-2,-2.6,661,663,-2,173,173,0
kieren-briggs,Kieren Briggs,GWS,Adelaide Crows,Ruck,21,22,PLAYED,64.0,2140,2018,-122,-5.7,108,122,-14,9,10,-1
kobe-mcdonald,Kobe McDonald,St Kilda,Hawthorn Hawks,Def,21,22,DNP,DNP,84,80,-4,-4.76,646,654,-8,141,142,-1
koby-coulson,Koby Coulson,Gold Coast,Carlton Blues,Mid,21,22,DNP,DNP,330,316,-14,-4.24,410,420,-10,97,98,-1
koby-evans,Koby Evans,Brisbane,Free agents,Mid,21,22,DNP,DNP,263,254,-9,-3.42,449,453,-4,105,105,0
koltyn-tholstrup,Koltyn Tholstrup,Melbourne,Collingwood Magpies,Fwd,21,22,PLAYED,97.0,1603,1717,114,7.11,150,139,11,39,35,4
kye-annand,Kye Annand,Richmond,Carlton Blues,Key Def,21,22,PLAYED,68.0,161,153,-8,-4.97,543,554,-11,44,45,-1
kye-fincher,Kye Fincher,St Kilda,Hawthorn Hawks,Def,21,22,DNP,DNP,259,249,-10,-3.86,451,456,-5,105,106,-1
kyle-langford,Kyle Langford,Essendon,St Kilda Saints,Key Fwd,21,22,PLAYED,62.0,554,544,-10,-1.81,327,330,-3,44,45,-1
kysaiah-pickett,Kysaiah Pickett,Melbourne,Richmond Tigers,Fwd,21,22,PLAYED,118.0,4064,4307,243,5.98,35,30,5,7,6,1
lachie-jaques,Lachie Jaques,Western Bulldogs,Melbourne Demons,Def,21,22,PLAYED,52.0,809,812,3,0.37,262,261,1,63,63,0
lachie-neale,Lachie Neale,Brisbane,West Coast Eagles,Mid,21,22,PLAYED,155.0,2171,2380,209,9.63,103,89,14,35,33,2
lachie-sullivan,Lachie Sullivan,Collingwood,Free agents,Fwd,21,22,PLAYED,61.0,70,70,0,0.0,672,673,-1,177,179,-2
lachie-whitfield,Lachie Whitfield,GWS,North Melbourne Kangaroos,Def,21,22,PLAYED,110.0,2235,2257,22,0.98,100,100,0,24,22,2
lachlan-ash,Lachlan Ash,GWS,Melbourne Demons,Def,21,22,PLAYED,74.0,6130,5813,-317,-5.17,14,14,0,2,2,0
lachlan-blakiston,Lachlan Blakiston,Essendon,West Coast Eagles,Key Def,21,22,DNP,DNP,128,128,0,0.0,583,585,-2,51,50,1
lachlan-bramble,Lachlan Bramble,Western Bulldogs,Collingwood Magpies,Fwd,21,22,PLAYED,90.0,73,90,17,23.29,669,637,32,176,167,9
lachlan-carmichael,Lachlan Carmichael,Western Bulldogs,Hawthorn Hawks,Def,21,22,DNP,DNP,563,548,-15,-2.66,322,327,-5,80,82,-2
lachlan-cowan,Lachlan Cowan,Carlton,Essendon Bombers,Def,21,22,PLAYED,78.0,722,736,14,1.94,282,282,0,69,69,0
lachlan-fogarty,Lachlan Fogarty,Carlton,Free agents,Fwd,21,22,DNP,DNP,36,34,-2,-5.56,746,748,-2,206,206,0
lachlan-gulbin,Lachlan Gulbin,Gold Coast,West Coast Eagles,Fwd,21,22,PLAYED,45.0,382,405,23,6.02,394,387,7,93,93,0
lachlan-jones,Lachlan Jones,Port Adelaide,Adelaide Crows,Def,21,22,DNP,DNP,123,124,1,0.81,597,592,5,127,125,2
lachlan-mcandrew,Lachlan McAndrew,Adelaide,Brisbane Lions,Ruck,21,22,DNP,DNP,1254,1252,-2,-0.16,194,190,4,15,15,0
lachlan-mcneil,Lachlan McNeil,Western Bulldogs,Free agents,Fwd,21,22,DNP,DNP,21,21,0,0.0,772,768,4,216,216,0
lachlan-schultz,Lachlan Schultz,Fremantle,Adelaide Crows,Fwd,21,22,PLAYED,91.0,649,751,102,15.72,294,277,17,72,67,5
lachlan-sholl,Lachlan Sholl,Adelaide,Free agents,Mid,21,22,DNP,DNP,153,143,-10,-6.54,554,569,-15,119,120,-1
lachlan-smith,Lachlan Smith,Western Bulldogs,Collingwood Magpies,Ruck,21,22,DNP,DNP,627,623,-4,-0.64,308,311,-3,21,22,-1
lachlan-weller,Lachlan Weller,Gold Coast,Brisbane Lions,Mid,21,22,DNP,DNP,74,74,0,0.0,668,668,0,138,137,1
lachy-dovaston,Lachy Dovaston,North Melbourne,Fremantle Dockers,Fwd,21,22,DNP,DNP,601,608,7,1.16,312,315,-3,77,78,-1
laitham-vandermeer,Laitham Vandermeer,Western Bulldogs,Free agents,Fwd,21,22,DNP,DNP,20,20,0,0.0,774,773,1,217,217,0
lance-collard,Lance Collard,St Kilda,Hawthorn Hawks,Fwd,21,22,DNP,DNP,171,159,-12,-7.02,529,542,-13,131,138,-7
latrelle-pickett,Latrelle Pickett,Melbourne,Collingwood Magpies,Fwd,21,22,DNP,DNP,548,548,0,0.0,329,328,1,79,80,-1
lawson-humphries,Lawson Humphries,Geelong,Geelong Cats,Def,21,22,PLAYED,87.0,1849,1845,-4,-0.22,129,128,1,30,30,0
leek-aleer,Leek Aleer,GWS,Port Adelaide Power,Key Def,21,22,DNP,DNP,208,201,-7,-3.37,494,499,-5,37,38,-1
lennox-hoffman,Lennox Hoffman,Geelong,St Kilda Saints,Def,21,22,DNP,DNP,77,75,-2,-2.6,662,664,-2,142,144,-2
leo-lombard,Leo Lombard,Gold Coast,Fremantle Dockers,Fwd,21,22,PLAYED,76.0,1677,1708,31,1.85,144,141,3,37,36,1
leon-kickett,Leon Kickett,Fremantle,Free agents,Fwd,21,22,DNP,DNP,145,139,-6,-4.14,567,573,-6,144,147,-3
levi-ashcroft,Levi Ashcroft,Brisbane,Essendon Bombers,Mid,21,22,PLAYED,87.0,3350,3493,143,4.27,55,50,5,21,20,1
lewis-hayes,Lewis Hayes,Essendon,Western Bulldogs,Def,21,22,DNP,DNP,250,250,0,0.0,460,454,6,107,105,2
lewis-melican,Lewis Melican,Sydney,Brisbane Lions,Key Def,21,22,PLAYED,33.0,29,21,-8,-27.59,755,769,-14,75,76,-1
lewis-young,Lewis Young,Carlton,Carlton Blues,Key Fwd,21,22,PLAYED,44.0,130,118,-12,-9.23,580,599,-19,94,98,-4
liam-baker,Liam Baker,West Coast,Carlton Blues,Def,21,22,PLAYED,56.0,427,408,-19,-4.45,375,385,-10,90,92,-2
liam-duggan,Liam Duggan,West Coast,Adelaide Crows,Def,21,22,PLAYED,62.0,277,212,-65,-23.47,440,491,-51,102,112,-10
liam-fawcett,Liam Fawcett,Richmond,Carlton Blues,Key Fwd,21,22,DNP,DNP,461,459,-2,-0.43,358,364,-6,54,56,-2
liam-henry,Liam Henry,St Kilda,Essendon Bombers,Fwd,21,22,DNP,DNP,63,63,0,0.0,691,688,3,187,184,3
liam-hetherton,Liam Hetherton,Sydney,St Kilda Saints,Key Fwd,21,22,DNP,DNP,124,124,0,0.0,594,593,1,97,97,0
liam-mcmahon,Liam McMahon,Essendon,Free agents,Key Fwd,21,22,DNP,DNP,149,138,-11,-7.38,561,576,-15,90,95,-5
liam-o-connell,Liam O'Connell,St Kilda,West Coast Eagles,Def,21,22,PLAYED,48.0,37,45,8,21.62,745,730,15,162,157,5
liam-puncher,Liam Puncher,Collingwood,North Melbourne Kangaroos,Key Def,21,22,PLAYED,34.0,116,103,-13,-11.21,600,619,-19,54,53,1
liam-reidy,Liam Reidy,Carlton,Port Adelaide Power,Key Fwd,21,22,DNP,DNP,328,310,-18,-5.49,413,422,-9,64,65,-1
liam-ryan,Liam Ryan,St Kilda,Melbourne Demons,Fwd,21,22,PLAYED,35.0,24,24,0,0.0,766,764,2,215,215,0
liam-stocker,Liam Stocker,St Kilda,Free Agents,Def,21,22,PLAYED,90.0,41,41,0,0.0,735,735,0,159,159,0
lincoln-mccarthy,Lincoln McCarthy,Brisbane,Essendon Bombers,Fwd,21,22,DNP,DNP,10,10,0,0.0,796,794,2,224,224,0
lloyd-meek,Lloyd Meek,Hawthorn,Carlton Blues,Ruck,21,22,PLAYED,88.0,1329,1320,-9,-0.68,181,183,-2,14,14,0
logan-evans,Logan Evans,Port Adelaide,Sydney Swans,Def,21,22,DNP,DNP,1390,1389,-1,-0.07,170,175,-5,44,43,1
logan-mcdonald,Logan McDonald,Sydney,Essendon Bombers,Key Fwd,21,22,PLAYED,83.0,683,703,20,2.93,289,287,2,41,39,2
logan-morris,Logan Morris,Brisbane,Sydney Swans,Key Fwd,21,22,PLAYED,128.0,3085,3308,223,7.23,61,56,5,4,4,0
logan-smith,Logan Smith,GWS,Fremantle Dockers,Ruck,21,22,DNP,DNP,116,114,-2,-1.72,601,603,-2,43,43,0
louis-emmett,Louis Emmett,Western Bulldogs,Adelaide Crows,Ruck,21,22,DNP,DNP,773,786,13,1.68,266,267,-1,18,18,0
lucas-camporeale,Lucas Camporeale,Carlton,Fremantle Dockers,Mid,21,22,DNP,DNP,162,159,-3,-1.85,540,543,-3,117,117,0
lucca-grego,Lucca Grego,West Coast,Melbourne Demons,Def,21,22,DNP,DNP,126,124,-2,-1.59,591,594,-3,126,126,0
lukas-cooke,Lukas Cooke,Melbourne,Adelaide Crows,Key Def,21,22,DNP,DNP,152,144,-8,-5.26,555,566,-11,47,46,1
luke-beecken,Luke Beecken,Brisbane,Port Adelaide Power,Mid,21,22,DNP,DNP,101,100,-1,-0.99,624,626,-2,129,130,-1
luke-cleary,Luke Cleary,Western Bulldogs,Sydney Swans,Def,21,22,DNP,DNP,39,36,-3,-7.69,741,745,-4,160,162,-2
luke-davies-uniacke,Luke Davies-Uniacke,North Melbourne,Richmond Tigers,Mid,21,22,PLAYED,156.0,3580,4127,547,15.28,49,36,13,19,14,5
luke-jackson,Luke Jackson,Fremantle,St Kilda Saints,Ruck,21,22,PLAYED,149.0,9860,10347,487,4.94,3,3,0,1,1,0
luke-kennedy,Luke Kennedy,Western Bulldogs,North Melbourne Kangaroos,Mid,21,22,DNP,DNP,392,372,-20,-5.1,390,403,-13,89,92,-3
luke-lloyd,Luke Lloyd,Brisbane,Free agents,Key Fwd,21,22,DNP,DNP,164,164,0,0.0,538,537,1,85,87,-2
luke-mcdonald,Luke McDonald,North Melbourne,Geelong Cats,Def,21,22,DNP,DNP,48,48,0,0.0,722,721,1,154,154,0
luke-nankervis,Luke Nankervis,Adelaide,Western Bulldogs,Mid,21,22,DNP,DNP,372,372,0,0.0,399,404,-5,93,93,0
luke-parker,Luke Parker,North Melbourne,North Melbourne Kangaroos,Def,21,22,PLAYED,92.0,1384,1359,-25,-1.81,172,177,-5,45,44,1
luke-pedlar,Luke Pedlar,Adelaide,Essendon Bombers,Fwd,21,22,DNP,DNP,112,112,0,0.0,610,609,1,155,159,-4
luke-ryan,Luke Ryan,Fremantle,West Coast Eagles,Def,21,22,PLAYED,70.0,1412,1334,-78,-5.52,167,179,-12,42,46,-4
luke-trainor,Luke Trainor,Richmond,Carlton Blues,Def,21,22,DNP,DNP,1525,1546,21,1.38,159,158,1,40,38,2
luke-urquhart,Luke Urquhart,North Melbourne,Melbourne Demons,Mid,21,22,DNP,DNP,145,142,-3,-2.07,568,571,-3,120,121,-1
luker-kentfield,Luker Kentfield,Melbourne,Carlton Blues,Key Fwd,21,22,DNP,DNP,330,330,0,0.0,411,416,-5,63,63,0
mabior-chol,Mabior Chol,Hawthorn,Collingwood Magpies,Key Fwd,21,22,PLAYED,17.0,367,209,-158,-43.05,400,494,-94,62,79,-17
mac-andrew,Mac Andrew,Gold Coast,Western Bulldogs,Key Def,21,22,PLAYED,84.0,4223,4220,-3,-0.07,31,31,0,1,1,0
malakai-champion,Malakai Champion,West Coast,Melbourne Demons,Fwd,21,22,DNP,DNP,393,386,-7,-1.78,389,395,-6,91,97,-6
malcolm-rosas,Malcolm Rosas,Sydney,Melbourne Demons,Fwd,21,22,DNP,DNP,26,26,0,0.0,765,763,2,214,214,0
mani-liddy,Mani Liddy,Port Adelaide,North Melbourne Kangaroos,Mid,21,22,DNP,DNP,128,128,0,0.0,584,586,-2,123,123,0
marc-pittonet,Marc Pittonet,Carlton,Sydney Swans,Ruck,21,22,PLAYED,110.0,425,472,47,11.06,377,357,20,26,26,0
marcus-bontempelli,Marcus Bontempelli,Western Bulldogs,West Coast Eagles,Mid,21,22,PLAYED,99.0,3974,3930,-44,-1.11,37,40,-3,14,17,-3
marcus-herbert,Marcus Herbert,West Coast,Essendon Bombers,Mid,21,22,PLAYED,76.0,1223,1060,-163,-13.33,199,218,-19,50,53,-3
marcus-windhager,Marcus Windhager,St Kilda,Port Adelaide Power,Def,21,22,PLAYED,88.0,1844,1890,46,2.49,130,125,5,31,28,3
mark-blicavs,Mark Blicavs,Geelong,Geelong Cats,Ruck,21,22,PLAYED,100.0,5,5,0,0.0,802,802,0,49,49,0
mark-keane,Mark Keane,Adelaide,Adelaide Crows,Key Def,21,22,PLAYED,79.0,1569,1529,-40,-2.55,154,160,-6,10,10,0
mark-o-connor,Mark O'Connor,Geelong,Brisbane Lions,Def,21,22,PLAYED,42.0,10,8,-2,-20.0,797,799,-2,176,177,-1
mason-cox,Mason Cox,Fremantle,Geelong Cats,Key Fwd,21,22,PLAYED,39.0,5,5,0,0.0,803,803,0,121,121,0
mason-redman,Mason Redman,Essendon,Collingwood Magpies,Def,21,22,PLAYED,49.0,1352,1194,-158,-11.69,177,203,-26,46,49,-3
mason-wood,Mason Wood,St Kilda,Port Adelaide Power,Fwd,21,22,DNP,DNP,387,389,2,0.52,393,393,0,92,95,-3
massimo-d-ambrosio,Massimo D'Ambrosio,Hawthorn,Geelong Cats,Mid,21,22,PLAYED,93.0,1550,1583,33,2.13,157,155,2,40,39,1
matt-carroll,Matt Carroll,Carlton,Western Bulldogs,Def,21,22,DNP,DNP,941,951,10,1.06,239,239,0,60,57,3
matt-cottrell,Matt Cottrell,Carlton,Adelaide Crows,Fwd,21,22,PLAYED,70.0,70,73,3,4.29,673,671,2,178,178,0
matt-duffy,Matt Duffy,Carlton,North Melbourne Kangaroos,Key Def,21,22,DNP,DNP,55,54,-1,-1.82,700,702,-2,63,63,0
matt-guelfi,Matt Guelfi,Essendon,Free agents,Fwd,21,22,DNP,DNP,10,10,0,0.0,798,795,3,225,225,0
matt-hill,Matt Hill,Hawthorn,Free agents,Def,21,22,DNP,DNP,55,50,-5,-9.09,701,710,-9,150,152,-2
matt-johnson-1,Matt Johnson,Fremantle,Carlton Blues,Mid,21,22,PLAYED,118.0,969,1141,172,17.75,229,209,20,58,51,7
matt-owies,Matt Owies,Carlton,Free agents,Fwd,21,22,DNP,DNP,5,5,0,0.0,804,804,0,227,227,0
matt-rowell,Matt Rowell,Gold Coast,Collingwood Magpies,Mid,21,22,PLAYED,174.0,4259,4837,578,13.57,30,20,10,13,11,2
matt-whitlock,Matt Whitlock,North Melbourne,Adelaide Crows,Key Fwd,21,22,DNP,DNP,448,444,-4,-0.89,362,368,-6,55,58,-3
mattaes-phillipou,Mattaes Phillipou,St Kilda,Brisbane Lions,Fwd,21,22,PLAYED,67.0,2298,2293,-5,-0.22,96,96,0,24,25,-1
matthew-flynn,Matthew Flynn,West Coast,Sydney Swans,Ruck,21,22,DNP,DNP,538,527,-11,-2.04,336,337,-1,24,24,0
matthew-jefferson,Matthew Jefferson,Melbourne,Carlton Blues,Key Fwd,21,22,PLAYED,15.0,426,466,40,9.39,376,359,17,59,54,5
matthew-kennedy-1,Matthew Kennedy,Western Bulldogs,St Kilda Saints,Mid,21,22,PLAYED,70.0,469,429,-40,-8.53,356,376,-20,80,83,-3
matthew-leray,Matthew LeRay,Hawthorn,Hawthorn Hawks,Mid,21,22,DNP,DNP,228,219,-9,-3.95,483,484,-1,110,111,-1
matthew-roberts,Matthew Roberts,Sydney,Carlton Blues,Def,21,22,PLAYED,71.0,1904,1842,-62,-3.26,126,129,-3,28,31,-3
maurice-rioli-1,Maurice Rioli,Richmond,Sydney Swans,Fwd,21,22,DNP,DNP,28,28,0,0.0,760,757,3,211,211,0
max-beattie,Max Beattie,Hawthorn,Carlton Blues,Fwd,21,22,DNP,DNP,180,172,-8,-4.44,518,525,-7,128,132,-4
max-gawn,Max Gawn,Melbourne,North Melbourne Kangaroos,Ruck,21,22,PLAYED,105.0,3482,3384,-98,-2.81,52,52,0,5,5,0
max-gruzewski,Max Gruzewski,GWS,Essendon Bombers,Key Fwd,21,22,PLAYED,56.0,571,594,23,4.03,317,319,-2,43,44,-1
max-hall,Max Hall,St Kilda,Western Bulldogs,Fwd,21,22,PLAYED,125.0,2738,2855,117,4.27,71,67,4,18,17,1
max-heath,Max Heath,Melbourne,Sydney Swans,Key Fwd,21,22,DNP,DNP,632,633,1,0.16,306,303,3,42,43,-1
max-holmes,Max Holmes,Geelong,Geelong Cats,Mid,21,22,DNP,DNP,8517,8523,6,0.07,5,5,0,2,2,0
max-king-stk,Max King,St Kilda,Hawthorn Hawks,Key Fwd,21,22,DNP,DNP,242,235,-7,-2.89,465,468,-3,70,71,-1
max-king-syd,Maxwell King,Sydney,Richmond Tigers,Key Fwd,21,22,DNP,DNP,155,155,0,0.0,551,551,0,87,89,-2
max-knobel,Max Knobel,Gold Coast,Fremantle Dockers,Ruck,21,22,DNP,DNP,412,411,-1,-0.24,384,382,2,27,27,0
max-kondogiannis,Max Kondogiannis,Essendon,Hawthorn Hawks,Def,21,22,PLAYED,45.0,464,477,13,2.8,357,356,1,87,87,0
max-mapley,Max Mapley,Melbourne,Sydney Swans,Ruck,21,22,DNP,DNP,235,231,-4,-1.7,476,477,-1,35,36,-1
max-michalanney,Max Michalanney,Adelaide,Carlton Blues,Def,21,22,PLAYED,51.0,499,499,0,0.0,346,347,-1,83,85,-2
max-ramsden,Max Ramsden,Hawthorn,Hawthorn Hawks,Key Fwd,21,22,DNP,DNP,178,171,-7,-3.93,520,527,-7,83,85,-2
michael-frederick,Michael Frederick,Fremantle,Port Adelaide Power,Fwd,21,22,PLAYED,28.0,70,50,-20,-28.57,674,711,-37,179,195,-16
michael-sellwood,Michael Sellwood,Western Bulldogs,Brisbane Lions,Def,21,22,PLAYED,62.0,148,158,10,6.76,562,545,17,123,118,5
milan-murdock,Milan Murdock,West Coast,Richmond Tigers,Fwd,21,22,PLAYED,47.0,346,214,-132,-38.15,405,489,-84,96,118,-22
miles-bergman,Miles Bergman,Port Adelaide,Brisbane Lions,Def,21,22,PLAYED,84.0,931,931,0,0.0,241,245,-4,61,60,1
mitch-georgiades,Mitch Georgiades,Port Adelaide,North Melbourne Kangaroos,Key Fwd,21,22,DNP,DNP,1464,1465,1,0.07,163,165,-2,19,20,-1
mitch-mcgovern,Mitch McGovern,Carlton,Geelong Cats,Fwd,21,22,PLAYED,63.0,42,41,-1,-2.38,733,736,-3,202,203,-1
mitch-podhajski,Mitch Podhajski,Collingwood,Hawthorn Hawks,Key Fwd,21,22,DNP,DNP,103,101,-2,-1.94,622,621,1,104,104,0
mitch-zadow,Mitch Zadow,Port Adelaide,Port Adelaide Power,Fwd,21,22,PLAYED,29.0,113,113,0,0.0,605,605,0,153,157,-4
mitchell-edwards,Mitchell Edwards,Geelong,Western Bulldogs,Ruck,21,22,DNP,DNP,2164,2163,-1,-0.05,105,107,-2,7,8,-1
mitchell-hinge,Mitchell Hinge,Adelaide,Collingwood Magpies,Def,21,22,DNP,DNP,349,333,-16,-4.58,402,415,-13,94,96,-2
mitchell-knevitt,Mitchell Knevitt,Geelong,Richmond Tigers,Mid,21,22,DNP,DNP,127,127,0,0.0,590,590,0,125,125,0
mitchell-lewis,Mitchell Lewis,Hawthorn,North Melbourne Kangaroos,Key Fwd,21,22,PLAYED,62.0,540,530,-10,-1.85,334,336,-2,47,46,1
mitchell-marsh,Mitchell Marsh,Adelaide,Hawthorn Hawks,Key Fwd,21,22,DNP,DNP,518,505,-13,-2.51,341,344,-3,51,50,1
mitchito-owens,Mitchito Owens,St Kilda,Western Bulldogs,Key Fwd,21,22,PLAYED,73.0,2071,2099,28,1.35,117,110,7,7,7,0
murphy-reid,Murphy Reid,Fremantle,Fremantle Dockers,Fwd,21,22,PLAYED,57.0,4441,4188,-253,-5.7,25,33,-8,5,7,-2
mykelti-lefau,Mykelti Lefau,Richmond,Carlton Blues,Key Fwd,21,22,PLAYED,75.0,70,70,0,0.0,675,674,1,112,112,0
nasiah-wanganeen-milera,Nasiah Wanganeen-Milera,St Kilda,Brisbane Lions,Def,21,22,DNP,DNP,9816,9822,6,0.06,4,4,0,1,1,0
nate-caddy,Nate Caddy,Essendon,Essendon Bombers,Key Fwd,21,22,PLAYED,55.0,1800,1806,6,0.33,136,133,3,13,12,1
nathan-broad,Nathan Broad,Richmond,Richmond Tigers,Def,21,22,PLAYED,84.0,10,10,0,0.0,799,796,3,177,175,2
nathan-o-driscoll,Nathan O'Driscoll,Fremantle,Essendon Bombers,Mid,21,22,PLAYED,52.0,622,606,-16,-2.57,309,316,-7,71,72,-1
nathan-wardius,Nathan Wardius,GWS,Western Bulldogs,Fwd,21,22,DNP,DNP,67,67,0,0.0,680,680,0,181,180,1
ned-bowman,Ned Bowman,Sydney,Free agents,Fwd,21,22,DNP,DNP,263,257,-6,-2.28,450,450,0,109,107,2
ned-long,Ned Long,Collingwood,Brisbane Lions,Fwd,21,22,PLAYED,92.0,1349,1401,52,3.85,178,172,6,43,43,0
ned-moyle,Ned Moyle,Gold Coast,St Kilda Saints,Ruck,21,22,PLAYED,118.0,2053,2236,183,8.91,121,103,18,12,7,5
ned-reeves,Ned Reeves,Hawthorn,Richmond Tigers,Ruck,21,22,PLAYED,45.0,249,232,-17,-6.83,461,473,-12,31,33,-2
neil-erasmus,Neil Erasmus,Fremantle,Essendon Bombers,Mid,21,22,PLAYED,54.0,1082,1013,-69,-6.38,216,226,-10,54,56,-2
nic-newman,Nic Newman,Carlton,West Coast Eagles,Def,21,22,DNP,DNP,638,639,1,0.16,298,301,-3,73,75,-2
nicholas-coffield,Nicholas Coffield,Western Bulldogs,West Coast Eagles,Def,21,22,PLAYED,55.0,48,48,0,0.0,723,722,1,155,155,0
nicholas-holman,Nicholas Holman,Gold Coast,Free agents,Fwd,21,22,DNP,DNP,14,14,0,0.0,783,782,1,221,220,1
nicholas-martin,Nicholas Martin,Essendon,Melbourne Demons,Fwd,21,22,DNP,DNP,3598,3655,57,1.58,47,45,2,10,11,-1
nick-blakey,Nick Blakey,Sydney,Collingwood Magpies,Def,21,22,PLAYED,101.0,4358,4337,-21,-0.48,28,29,-1,6,6,0
nick-bryan,Nick Bryan,Essendon,Western Bulldogs,Ruck,21,22,DNP,DNP,756,755,-1,-0.13,274,274,0,20,19,1
nick-daicos,Nick Daicos,Collingwood,North Melbourne Kangaroos,Mid,21,22,PLAYED,132.0,10971,11096,125,1.14,2,2,0,1,1,0
nick-driscoll,Nick Driscoll,Geelong,Port Adelaide Power,Fwd,21,22,DNP,DNP,184,177,-7,-3.8,512,520,-8,127,130,-3
nick-haynes,Nick Haynes,Carlton,West Coast Eagles,Def,21,22,PLAYED,100.0,50,61,11,22.0,712,693,19,152,148,4
nick-larkey,Nick Larkey,North Melbourne,Brisbane Lions,Key Fwd,21,22,PLAYED,45.0,537,462,-75,-13.97,338,362,-24,49,55,-6
nick-madden,Nick Madden,GWS,Hawthorn Hawks,Ruck,21,22,PLAYED,46.0,2142,1917,-225,-10.5,107,123,-16,8,11,-3
nick-murray,Nick Murray,Adelaide,Fremantle Dockers,Key Def,21,22,DNP,DNP,329,329,0,0.0,412,417,-5,33,33,0
nick-vlastuin,Nick Vlastuin,Richmond,St Kilda Saints,Def,21,22,PLAYED,115.0,55,84,29,52.73,702,645,57,151,139,12
nick-watson,Nick Watson,Hawthorn,West Coast Eagles,Fwd,21,22,PLAYED,42.0,4212,3889,-323,-7.67,33,41,-8,6,10,-4
nikolas-cox,Nikolas Cox,Essendon,Essendon Bombers,Mid,21,22,DNP,DNP,137,135,-2,-1.46,576,580,-4,122,122,0
noah-anderson,Noah Anderson,Gold Coast,Richmond Tigers,Mid,21,22,PLAYED,78.0,5776,5329,-447,-7.74,15,16,-1,8,8,0
noah-answerth,Noah Answerth,Brisbane,St Kilda Saints,Def,21,22,PLAYED,64.0,12,12,0,0.0,787,787,0,170,171,-1
noah-balta,Noah Balta,Richmond,Adelaide Crows,Key Fwd,21,22,DNP,DNP,425,425,0,0.0,378,378,0,60,60,0
noah-chamberlain,Noah Chamberlain,Sydney,St Kilda Saints,Key Fwd,21,22,DNP,DNP,106,106,0,0.0,617,614,3,103,103,0
noah-howes,Noah Howes,Collingwood,Essendon Bombers,Key Fwd,21,22,PLAYED,32.0,128,192,64,50.0,585,506,79,95,82,13
noah-long,Noah Long,West Coast,Free agents,Fwd,21,22,DNP,DNP,163,153,-10,-6.13,539,555,-16,134,144,-10
noah-mraz,Noah Mraz,Hawthorn,Melbourne Demons,Key Def,21,22,DNP,DNP,3847,3555,-292,-7.59,40,49,-9,2,3,-1
noah-roberts-thomson,Noah Roberts-Thomson,Richmond,Carlton Blues,Mid,21,22,DNP,DNP,345,344,-1,-0.29,407,410,-3,95,95,0
oisin-mullin,Oisin Mullin,Geelong,Geelong Cats,Def,21,22,PLAYED,47.0,17,17,0,0.0,777,776,1,167,167,0
oliver-florent,Oliver Florent,Carlton,Sydney Swans,Def,21,22,PLAYED,132.0,633,743,110,17.38,304,281,23,76,68,8
oliver-francou,Oliver Francou,West Coast,Fremantle Dockers,Mid,21,22,DNP,DNP,425,402,-23,-5.41,379,388,-9,85,87,-2
oliver-griffin,Oliver Griffin,North Melbourne,Essendon Bombers,Fwd,21,22,DNP,DNP,180,172,-8,-4.44,519,526,-7,129,133,-4
oliver-hannaford,Oliver Hannaford,GWS,Melbourne Demons,Mid,21,22,DNP,DNP,378,379,1,0.26,395,397,-2,91,89,2
oliver-hayes-brown,Oliver Hayes-Brown,Richmond,Brisbane Lions,Ruck,21,22,DNP,DNP,218,215,-3,-1.38,490,488,2,36,37,-1
oliver-henry,Oliver Henry,Geelong,Brisbane Lions,Key Fwd,21,22,PLAYED,110.0,147,200,53,36.05,563,500,63,91,80,11
oliver-hollands,Oliver Hollands,Carlton,Sydney Swans,Def,21,22,DNP,DNP,1728,1735,7,0.41,140,138,2,34,34,0
oliver-wiltshire,Oliver Wiltshire,Geelong,Port Adelaide Power,Fwd,21,22,PLAYED,60.0,49,49,0,0.0,716,717,-1,198,199,-1
oliver-wines,Oliver Wines,Port Adelaide,St Kilda Saints,Mid,21,22,PLAYED,59.0,321,258,-63,-19.63,416,449,-33,99,104,-5
ollie-dempsey,Ollie Dempsey,Geelong,Geelong Cats,Mid,21,22,PLAYED,114.0,2432,2470,38,1.56,84,83,1,31,29,2
ollie-greeves,Ollie Greeves,Hawthorn,Hawthorn Hawks,Mid,21,22,DNP,DNP,568,539,-29,-5.11,320,333,-13,74,77,-3
ollie-lord,Ollie Lord,Port Adelaide,West Coast Eagles,Key Fwd,21,22,DNP,DNP,117,112,-5,-4.27,599,610,-11,98,101,-3
ollie-murphy,Ollie Murphy,Fremantle,St Kilda Saints,Key Def,21,22,DNP,DNP,169,168,-1,-0.59,532,533,-1,43,43,0
oscar-adams,Oscar Adams,Gold Coast,Melbourne Demons,Key Def,21,22,DNP,DNP,67,68,1,1.49,681,678,3,60,60,0
oscar-allen,Oscar Allen,West Coast,Carlton Blues,Key Fwd,21,22,PLAYED,33.0,115,101,-14,-12.17,603,622,-19,100,105,-5
oscar-berry,Oscar Berry,Melbourne,Free agents,Key Def,21,22,DNP,DNP,72,70,-2,-2.78,671,675,-4,59,58,1
oscar-mcdonald,Oscar McDonald,Fremantle,Free agents,Key Def,21,22,PLAYED,36.0,158,69,-89,-56.33,545,677,-132,45,59,-14
oscar-ryan,Oscar Ryan,Adelaide,Adelaide Crows,Def,21,22,PLAYED,80.0,304,701,397,130.59,422,289,133,97,73,24
oscar-steene,Oscar Steene,Collingwood,Adelaide Crows,Key Fwd,21,22,DNP,DNP,492,487,-5,-1.02,350,350,0,52,51,1
oskar-baker,Oskar Baker,Western Bulldogs,Brisbane Lions,Fwd,21,22,DNP,DNP,14,14,0,0.0,784,783,1,222,221,1
oskar-taylor,Oskar Taylor,GWS,Hawthorn Hawks,Def,21,22,DNP,DNP,643,629,-14,-2.18,296,306,-10,72,76,-4
paddy-cross,Paddy Cross,Melbourne,Richmond Tigers,Fwd,21,22,DNP,DNP,113,113,0,0.0,606,606,0,154,158,-4
paddy-dow,Paddy Dow,St Kilda,Brisbane Lions,Mid,21,22,DNP,DNP,158,158,0,0.0,546,546,0,118,118,0
patrick-carr,Patrick Carr,Richmond,Free agents,Ruck,21,22,DNP,DNP,85,83,-2,-2.35,642,646,-4,44,44,0
patrick-cripps,Patrick Cripps,Carlton,Port Adelaide Power,Mid,21,22,PLAYED,88.0,1550,1509,-41,-2.65,158,162,-4,41,42,-1
patrick-dangerfield,Patrick Dangerfield,Geelong,Port Adelaide Power,Fwd,21,22,DNP,DNP,63,63,0,0.0,692,689,3,188,185,3
patrick-lipinski,Patrick Lipinski,Collingwood,Collingwood Magpies,Fwd,21,22,DNP,DNP,743,746,3,0.4,277,278,-1,66,68,-2
patrick-retschko,Patrick Retschko,Geelong,Carlton Blues,Mid,21,22,PLAYED,79.0,1353,1449,96,7.1,176,168,8,44,44,0
patrick-said,Patrick Said,St Kilda,Free agents,Fwd,21,22,DNP,DNP,82,80,-2,-2.44,652,655,-3,168,170,-2
patrick-snell,Patrick Snell,Sydney,Hawthorn Hawks,Key Fwd,21,22,DNP,DNP,116,115,-1,-0.86,602,601,1,99,99,0
patrick-voss,Patrick Voss,Fremantle,Fremantle Dockers,Key Fwd,21,22,PLAYED,75.0,1493,1607,114,7.64,162,152,10,18,17,1
paul-curtis,Paul Curtis,North Melbourne,Richmond Tigers,Fwd,21,22,PLAYED,101.0,1382,1627,245,17.73,174,151,23,42,40,2
peter-ladhams,Peter Ladhams,Sydney,St Kilda Saints,Key Fwd,21,22,DNP,DNP,538,527,-11,-2.04,337,338,-1,48,47,1
peter-wright,Peter Wright,Essendon,Port Adelaide Power,Key Fwd,21,22,PLAYED,63.0,1788,1679,-109,-6.1,137,145,-8,14,15,-1
phoenix-gothard,Phoenix Gothard,GWS,Hawthorn Hawks,Fwd,21,22,DNP,DNP,1821,1833,12,0.66,133,130,3,34,34,0
reece-torrent,Reece Torrent,Brisbane,Free agents,Mid,21,22,DNP,DNP,80,79,-1,-1.25,656,658,-2,136,136,0
reef-mcinnes,Reef McInnes,Collingwood,North Melbourne Kangaroos,Key Def,21,22,DNP,DNP,54,54,0,0.0,705,703,2,64,64,0
reilly-o-brien,Reilly O'Brien,Adelaide,Geelong Cats,Ruck,21,22,PLAYED,106.0,870,995,125,14.37,253,230,23,17,17,0
reuben-ginbey,Reuben Ginbey,West Coast,Melbourne Demons,Def,21,22,DNP,DNP,2359,2348,-11,-0.47,90,91,-1,19,19,0
rhett-bazzo,Rhett Bazzo,West Coast,Carlton Blues,Key Def,21,22,PLAYED,76.0,415,466,51,12.29,382,360,22,29,27,2
rhyan-mansell,Rhyan Mansell,Richmond,St Kilda Saints,Fwd,21,22,DNP,DNP,51,49,-2,-3.92,709,718,-9,194,200,-6
rhylee-west,Rhylee West,Western Bulldogs,North Melbourne Kangaroos,Fwd,21,22,PLAYED,73.0,101,101,0,0.0,625,623,2,162,164,-2
rhys-stanley,Rhys Stanley,Geelong,Geelong Cats,Ruck,21,22,DNP,DNP,28,28,0,0.0,761,758,3,47,47,0
rhys-unwin,Rhys Unwin,Essendon,Free agents,Fwd,21,22,PLAYED,17.0,112,158,46,41.07,611,547,64,156,139,17
riak-andrew,Riak Andrew,Sydney,Port Adelaide Power,Key Def,21,22,DNP,DNP,142,138,-4,-2.82,574,577,-3,49,48,1
ricky-mentha,Ricky Mentha,Melbourne,Western Bulldogs,Fwd,21,22,DNP,DNP,51,50,-1,-1.96,710,712,-2,195,196,-1
riley-bice,Riley Bice,Sydney,Collingwood Magpies,Def,21,22,PLAYED,108.0,237,283,46,19.41,471,432,39,110,101,9
riley-garcia,Riley Garcia,Western Bulldogs,Essendon Bombers,Fwd,21,22,DNP,DNP,67,57,-10,-14.93,682,697,-15,182,188,-6
riley-hamilton,Riley Hamilton,GWS,Free agents,Fwd,21,22,PLAYED,34.0,255,241,-14,-5.49,455,462,-7,112,111,1
riley-hardeman,Riley Hardeman,North Melbourne,Sydney Swans,Def,21,22,PLAYED,45.0,274,263,-11,-4.01,444,447,-3,104,104,0
riley-onley,Riley Onley,Melbourne,Geelong Cats,Mid,21,22,DNP,DNP,184,177,-7,-3.8,513,521,-8,114,114,0
riley-thilthorpe,Riley Thilthorpe,Adelaide,Melbourne Demons,Key Fwd,21,22,PLAYED,51.0,4840,4664,-176,-3.64,22,24,-2,3,3,0
river-stevens,River Stevens,North Melbourne,Free agents,Fwd,21,22,DNP,DNP,77,75,-2,-2.6,663,665,-2,174,174,0
roan-steele,Roan Steele,Collingwood,North Melbourne Kangaroos,Mid,21,22,PLAYED,54.0,128,128,0,0.0,586,587,-1,124,124,0
rob-monahan,Rob Monahan,Carlton,Free agents,Def,21,22,DNP,DNP,47,47,0,0.0,728,726,2,157,156,1
robert-hansen,Robert Hansen,North Melbourne,West Coast Eagles,Fwd,21,22,DNP,DNP,91,83,-8,-8.79,636,647,-11,166,168,-2
rory-laird,Rory Laird,Adelaide,North Melbourne Kangaroos,Def,21,22,PLAYED,74.0,764,712,-52,-6.81,271,284,-13,65,71,-6
rory-lobb,Rory Lobb,Western Bulldogs,Port Adelaide Power,Key Def,21,22,PLAYED,56.0,302,279,-23,-7.62,424,435,-11,34,34,0
rowan-marshall,Rowan Marshall,St Kilda,Port Adelaide Power,Key Fwd,21,22,PLAYED,88.0,2070,2055,-15,-0.72,118,117,1,8,8,0
ryan-angwin,Ryan Angwin,GWS,Hawthorn Hawks,Mid,21,22,PLAYED,73.0,471,488,17,3.61,355,349,6,79,79,0
ryan-byrnes,Ryan Byrnes,St Kilda,Adelaide Crows,Def,21,22,PLAYED,67.0,64,66,2,3.12,689,682,7,146,147,-1
ryan-gardner,Ryan Gardner,Western Bulldogs,Free agents,Key Def,21,22,DNP,DNP,13,13,0,0.0,785,784,1,81,81,0
ryan-lester,Ryan Lester,Brisbane,Sydney Swans,Def,21,22,PLAYED,58.0,48,39,-9,-18.75,724,742,-18,156,160,-4
ryan-maric,Ryan Maric,West Coast,St Kilda Saints,Def,21,22,DNP,DNP,1397,1400,3,0.21,168,173,-5,43,42,1
ryda-luke,Ryda Luke,Fremantle,Free agents,Fwd,21,22,DNP,DNP,77,74,-3,-3.9,664,669,-5,175,177,-2
ryley-sanders,Ryley Sanders,Western Bulldogs,Sydney Swans,Fwd,21,22,PLAYED,74.0,3934,3932,-2,-0.05,39,39,0,9,9,0
saad-el-hawli,Saad El-Hawli,Essendon,North Melbourne Kangaroos,Def,21,22,DNP,DNP,100,100,0,0.0,628,627,1,133,132,1
sam-allen,Sam Allen,West Coast,Sydney Swans,Fwd,21,22,DNP,DNP,636,618,-18,-2.83,301,313,-12,75,77,-2
sam-banks,Sam Banks,Richmond,Carlton Blues,Def,21,22,PLAYED,42.0,983,947,-36,-3.66,223,241,-18,56,58,-2
sam-berry,Sam Berry,Adelaide,Sydney Swans,Mid,21,22,PLAYED,105.0,3843,4048,205,5.33,41,37,4,16,15,1
sam-butler-1,Sam Butler,Hawthorn,Carlton Blues,Fwd,21,22,PLAYED,45.0,81,81,0,0.0,654,650,4,169,169,0
sam-clohesy,Sam Clohesy,Gold Coast,Sydney Swans,Mid,21,22,PLAYED,81.0,207,283,76,36.71,496,433,63,111,100,11
sam-cumming,Sam Cumming,Richmond,Carlton Blues,Mid,21,22,DNP,DNP,2315,2312,-3,-0.13,94,94,0,34,35,-1
sam-darcy,Sam Darcy,Western Bulldogs,Adelaide Crows,Key Fwd,21,22,DNP,DNP,5356,5350,-6,-0.11,16,15,1,2,2,0
sam-davidson,Sam Davidson,Western Bulldogs,Brisbane Lions,Fwd,21,22,PLAYED,84.0,80,80,0,0.0,657,656,1,170,171,-1
sam-de-koning,Sam De Koning,Geelong,Geelong Cats,Key Def,21,22,PLAYED,84.0,867,946,79,9.11,255,242,13,19,17,2
sam-draper,Sam Draper,Brisbane,North Melbourne Kangaroos,Key Fwd,21,22,PLAYED,53.0,1139,1129,-10,-0.88,211,210,1,28,28,0
sam-durham,Sam Durham,Essendon,West Coast Eagles,Fwd,21,22,PLAYED,67.0,2667,2569,-98,-3.67,75,80,-5,20,21,-1
sam-flanders,Sam Flanders,St Kilda,Adelaide Crows,Fwd,21,22,DNP,DNP,2091,2094,3,0.14,113,111,2,30,30,0
sam-lalor,Sam Lalor,Richmond,Carlton Blues,Fwd,21,22,PLAYED,26.0,4638,4155,-483,-10.41,23,34,-11,4,8,-4
sam-marshall,Sam Marshall,Brisbane,Western Bulldogs,Mid,21,22,DNP,DNP,821,830,9,1.1,260,257,3,62,63,-1
sam-powell-pepper,Sam Powell-Pepper,Port Adelaide,Adelaide Crows,Fwd,21,22,DNP,DNP,174,169,-5,-2.87,526,532,-6,130,134,-4
sam-sturt,Sam Sturt,Fremantle,Free agents,Fwd,21,22,DNP,DNP,40,40,0,0.0,738,739,-1,203,204,-1
sam-switkowski,Sam Switkowski,Fremantle,Sydney Swans,Fwd,21,22,PLAYED,44.0,15,12,-3,-20.0,780,788,-8,220,222,-2
sam-taylor,Sam Taylor,GWS,North Melbourne Kangaroos,Key Def,21,22,PLAYED,41.0,1272,1227,-45,-3.54,191,193,-2,11,12,-1
sam-walsh,Sam Walsh,Carlton,Brisbane Lions,Mid,21,22,PLAYED,83.0,3201,3082,-119,-3.72,58,62,-4,23,25,-2
sam-wicks,Sam Wicks,Sydney,Collingwood Magpies,Def,21,22,PLAYED,30.0,12,10,-2,-16.67,788,797,-9,171,176,-5
samson-ryan,Samson Ryan,Richmond,West Coast Eagles,Ruck,21,22,PLAYED,34.0,349,300,-49,-14.04,403,425,-22,28,28,0
samuel-collins,Samuel Collins,Gold Coast,St Kilda Saints,Key Def,21,22,DNP,DNP,629,626,-3,-0.48,307,308,-1,23,22,1
samuel-grlj,Samuel Grlj,Richmond,Collingwood Magpies,Def,21,22,PLAYED,51.0,1869,1765,-104,-5.56,127,135,-8,29,33,-4
samuel-swadling,Samuel Swadling,Collingwood,Essendon Bombers,Mid,21,22,PLAYED,48.0,732,771,39,5.33,279,271,8,66,65,1
sandy-brock,Sandy Brock,West Coast,Sydney Swans,Key Def,21,22,DNP,DNP,176,171,-5,-2.84,524,528,-4,42,42,0
scott-pendlebury,Scott Pendlebury,Collingwood,North Melbourne Kangaroos,Mid,21,22,DNP,DNP,359,359,0,0.0,401,406,-5,94,94,0
sean-darcy,Sean Darcy,Fremantle,Collingwood Magpies,Ruck,21,22,DNP,DNP,757,744,-13,-1.72,272,280,-8,19,20,-1
seth-campbell,Seth Campbell,Richmond,St Kilda Saints,Fwd,21,22,PLAYED,87.0,918,996,78,8.5,247,229,18,60,56,4
shadeau-brain,Shadeau Brain,Brisbane,Essendon Bombers,Def,21,22,DNP,DNP,86,86,0,0.0,641,642,-1,137,137,0
shai-bolton,Shai Bolton,Fremantle,St Kilda Saints,Fwd,21,22,PLAYED,85.0,2211,2180,-31,-1.4,101,105,-4,26,27,-1
shannon-neale,Shannon Neale,Geelong,Geelong Cats,Key Fwd,21,22,PLAYED,96.0,2413,2748,335,13.88,86,72,14,6,5,1
shaun-mannagh,Shaun Mannagh,Geelong,Sydney Swans,Fwd,21,22,PLAYED,104.0,543,672,129,23.76,332,293,39,81,71,10
sid-draper,Sid Draper,Adelaide,Melbourne Demons,Fwd,21,22,DNP,DNP,1144,1159,15,1.31,210,206,4,53,53,0
steele-sidebottom,Steele Sidebottom,Collingwood,West Coast Eagles,Mid,21,22,PLAYED,40.0,96,96,0,0.0,631,630,1,132,132,0
steely-green,Steely Green,Richmond,Sydney Swans,Fwd,21,22,PLAYED,40.0,150,151,1,0.67,558,558,0,142,146,-4
stephen-coniglio,Stephen Coniglio,GWS,Port Adelaide Power,Fwd,21,22,PLAYED,71.0,220,218,-2,-0.91,486,486,0,119,117,2
sullivan-robey,Sullivan Robey,Essendon,Fremantle Dockers,Fwd,21,22,DNP,DNP,3070,3067,-3,-0.1,62,63,-1,13,14,-1
tai-hayes,Tai Hayes,Brisbane,Hawthorn Hawks,Fwd,21,22,DNP,DNP,201,194,-7,-3.48,499,504,-5,123,124,-1
taj-hotton,Taj Hotton,Richmond,Hawthorn Hawks,Fwd,21,22,PLAYED,67.0,2263,2296,33,1.46,99,95,4,25,24,1
talor-byrne,Talor Byrne,Carlton,Western Bulldogs,Fwd,21,22,PLAYED,65.0,923,955,32,3.47,244,238,6,57,57,0
tanner-bruhn,Tanner Bruhn,Geelong,Brisbane Lions,Def,21,22,PLAYED,77.0,2357,2244,-113,-4.79,91,102,-11,20,23,-3
taylor-goad,Taylor Goad,North Melbourne,Richmond Tigers,Ruck,21,22,DNP,DNP,1044,1040,-4,-0.38,217,221,-4,16,16,0
taylor-walker,Taylor Walker,Adelaide,Geelong Cats,Key Fwd,21,22,PLAYED,71.0,128,139,11,8.59,587,574,13,96,93,3
tew-jiath,Tew Jiath,Collingwood,Hawthorn Hawks,Def,21,22,DNP,DNP,168,167,-1,-0.6,533,534,-1,119,115,4
thomas-anastasopoulos,Tom Anastasopoulos,Port Adelaide,Free agents,Fwd,21,22,PLAYED,55.0,269,287,18,6.69,445,429,16,107,104,3
thomas-burton,Thomas Burton,Richmond,Carlton Blues,Mid,21,22,DNP,DNP,344,337,-7,-2.03,408,411,-3,96,96,0
thomas-liberatore,Thomas Liberatore,Western Bulldogs,West Coast Eagles,Mid,21,22,PLAYED,55.0,1324,1032,-292,-22.05,184,223,-39,46,55,-9
thomas-matthews,Thomas Matthews,Melbourne,Melbourne Demons,Fwd,21,22,DNP,DNP,347,337,-10,-2.88,404,412,-8,95,101,-6
thomas-sims,Thomas Sims,Richmond,Hawthorn Hawks,Key Fwd,21,22,DNP,DNP,1040,1069,29,2.79,219,217,2,29,29,0
thomas-stewart,Thomas Stewart,Geelong,Port Adelaide Power,Def,21,22,PLAYED,103.0,1085,1117,32,2.95,215,211,4,53,52,1
tim-kelly,Tim Kelly,West Coast,St Kilda Saints,Fwd,21,22,PLAYED,92.0,1228,1236,8,0.65,197,192,5,47,47,0
tim-membrey,Tim Membrey,St Kilda,Port Adelaide Power,Key Fwd,21,22,PLAYED,103.0,78,130,52,66.67,658,582,76,110,96,14
tim-taranto,Tim Taranto,Richmond,West Coast Eagles,Mid,21,22,PLAYED,77.0,2596,2457,-139,-5.35,79,84,-5,29,30,-1
timothy-english,Timothy English,Western Bulldogs,Adelaide Crows,Ruck,21,22,PLAYED,65.0,4220,3584,-636,-15.07,32,47,-15,4,4,0
tobie-travaglia,Tobie Travaglia,St Kilda,Melbourne Demons,Def,21,22,DNP,DNP,736,753,17,2.31,278,276,2,67,67,0
toby-bedford,Toby Bedford,GWS,Brisbane Lions,Fwd,21,22,DNP,DNP,276,276,0,0.0,443,439,4,106,106,0
toby-conway,Toby Conway,Geelong,Essendon Bombers,Ruck,21,22,DNP,DNP,503,503,0,0.0,344,345,-1,25,25,0
toby-greene,Toby Greene,GWS,North Melbourne Kangaroos,Fwd,21,22,PLAYED,90.0,839,859,20,2.38,256,254,2,62,62,0
toby-mcmullin,Toby McMullin,GWS,Melbourne Demons,Mid,21,22,DNP,DNP,124,122,-2,-1.61,595,597,-2,126,126,0
toby-murray,Toby Murray,Adelaide,Adelaide Crows,Key Fwd,21,22,DNP,DNP,219,220,1,0.46,488,483,5,74,75,-1
toby-nankervis,Toby Nankervis,Richmond,West Coast Eagles,Ruck,21,22,PLAYED,92.0,2123,2058,-65,-3.06,110,116,-6,10,9,1
toby-pink,Toby Pink,North Melbourne,Free agents,Key Def,21,22,DNP,DNP,15,15,0,0.0,781,780,1,80,80,0
toby-whan,Toby Whan,Fremantle,Richmond Tigers,Mid,21,22,DNP,DNP,77,74,-3,-3.9,665,670,-5,137,138,-1
tobyn-murray,Tobyn Murray,Fremantle,West Coast Eagles,Fwd,21,22,DNP,DNP,242,234,-8,-3.31,466,470,-4,115,114,1
todd-marshall,Todd Marshall,Port Adelaide,Adelaide Crows,Key Fwd,21,22,PLAYED,36.0,66,65,-1,-1.52,685,685,0,113,113,0
tom-atkins,Tom Atkins,Geelong,Port Adelaide Power,Mid,21,22,PLAYED,79.0,311,302,-9,-2.89,419,423,-4,100,99,1
tom-barrass,Tom Barrass,Hawthorn,Brisbane Lions,Key Def,21,22,PLAYED,25.0,32,21,-11,-34.38,752,770,-18,74,77,-3
tom-blamires,Tom Blamires,North Melbourne,Richmond Tigers,Def,21,22,PLAYED,50.0,113,113,0,0.0,607,607,0,130,129,1
tom-brown,Tom Brown,Richmond,Carlton Blues,Def,21,22,PLAYED,71.0,492,525,33,6.71,351,339,12,85,84,1
tom-cochrane,Tom Cochrane,Port Adelaide,Essendon Bombers,Fwd,21,22,DNP,DNP,221,223,2,0.9,484,482,2,118,116,2
tom-cole,Tom Cole,West Coast,Port Adelaide Power,Fwd,21,22,PLAYED,67.0,48,48,0,0.0,725,723,2,201,201,0
tom-de-koning,Tom De Koning,St Kilda,Essendon Bombers,Ruck,21,22,PLAYED,23.0,2090,1856,-234,-11.2,114,127,-13,11,12,-1
tom-doedee,Tom Doedee,Brisbane,Free agents,Def,21,22,DNP,DNP,236,229,-7,-2.97,472,478,-6,111,109,2
tom-edwards,Tom Edwards,Essendon,Free agents,Key Fwd,21,22,DNP,DNP,88,88,0,0.0,638,639,-1,105,106,-1
tom-green,Tom Green,GWS,Essendon Bombers,Mid,21,22,DNP,DNP,4883,4827,-56,-1.15,21,21,0,11,12,-1
tom-gross,Tom Gross,West Coast,Melbourne Demons,Fwd,21,22,PLAYED,88.0,569,642,73,12.83,319,300,19,78,73,5
tom-hanily,Tom Hanily,Sydney,Richmond Tigers,Fwd,21,22,DNP,DNP,162,158,-4,-2.47,541,548,-7,135,140,-5
tom-lynch-1,Tom Lynch,Richmond,Adelaide Crows,Key Fwd,21,22,PLAYED,43.0,50,50,0,0.0,713,713,0,114,114,0
tom-mccarthy,Tom McCarthy,West Coast,Melbourne Demons,Def,21,22,PLAYED,115.0,1437,1481,44,3.06,166,164,2,41,40,1
tom-mccartin,Tom McCartin,Sydney,West Coast Eagles,Key Def,21,22,PLAYED,56.0,1771,1710,-61,-3.44,138,140,-2,7,7,0
tom-mcdonald,Tom McDonald,Melbourne,Geelong Cats,Key Def,21,22,PLAYED,48.0,124,76,-48,-38.71,596,662,-66,53,57,-4
tom-papley,Tom Papley,Sydney,Geelong Cats,Fwd,21,22,PLAYED,88.0,313,357,44,14.06,418,407,11,100,100,0
tom-powell,Tom Powell,North Melbourne,Carlton Blues,Fwd,21,22,DNP,DNP,2160,2131,-29,-1.34,106,109,-3,29,29,0
tom-sparrow,Tom Sparrow,Melbourne,West Coast Eagles,Fwd,21,22,PLAYED,93.0,1652,1654,2,0.12,145,148,-3,38,39,-1
touk-miller,Touk Miller,Gold Coast,Geelong Cats,Fwd,21,22,PLAYED,157.0,2089,2411,322,15.41,115,88,27,31,22,9
trent-rivers,Trent Rivers,Melbourne,Western Bulldogs,Def,21,22,PLAYED,86.0,1841,1879,38,2.06,131,126,5,32,29,3
tristan-xerri,Tristan Xerri,North Melbourne,Sydney Swans,Ruck,21,22,PLAYED,99.0,8109,7934,-175,-2.16,6,6,0,2,2,0
ty-gallop,Ty Gallop,Brisbane,Adelaide Crows,Key Fwd,21,22,DNP,DNP,1396,1395,-1,-0.07,169,174,-5,21,22,-1
tyan-prindable,Tyan Prindable,Collingwood,Fremantle Dockers,Mid,21,22,DNP,DNP,560,543,-17,-3.04,323,331,-8,75,76,-1
tylah-williams,Tylah Williams,West Coast,Melbourne Demons,Fwd,21,22,DNP,DNP,258,249,-9,-3.49,453,457,-4,111,109,2
tylar-young,Tylar Young,West Coast,Richmond Tigers,Key Def,21,22,PLAYED,70.0,221,246,25,11.31,485,460,25,36,36,0
tyler-brockman,Tyler Brockman,West Coast,Free Agents,Fwd,21,22,DNP,DNP,52,51,-1,-1.92,706,706,0,192,191,1
tyler-sonsie,Tyler Sonsie,Richmond,Essendon Bombers,Fwd,21,22,PLAYED,27.0,1262,1098,-164,-13.0,193,214,-21,46,54,-8
tyler-welsh,Tyler Welsh,Adelaide,Melbourne Demons,Key Fwd,21,22,DNP,DNP,83,80,-3,-3.61,648,657,-9,107,110,-3
tyrell-dewar,Tyrell Dewar,West Coast,Melbourne Demons,Def,21,22,DNP,DNP,113,105,-8,-7.08,608,615,-7,131,130,1
tyson-stengle,Tyson Stengle,Richmond,St Kilda Saints,Fwd,21,22,DNP,DNP,158,153,-5,-3.16,547,556,-9,138,145,-7
vigo-visentini,Vigo Visentini,Essendon,Carlton Blues,Ruck,21,22,PLAYED,84.0,167,272,105,62.87,534,442,92,41,30,11
wade-derksen,Wade Derksen,Carlton,Port Adelaide Power,Key Def,21,22,PLAYED,73.0,84,123,39,46.43,647,596,51,57,52,5
wayne-milera,Wayne Milera,Adelaide,Sydney Swans,Def,21,22,DNP,DNP,1825,1826,1,0.05,132,132,0,33,32,1
wil-dawson,Wil Dawson,North Melbourne,Collingwood Magpies,Key Def,21,22,PLAYED,55.0,559,509,-50,-8.94,324,343,-19,26,26,0
wil-parker,Wil Parker,Collingwood,Western Bulldogs,Def,21,22,DNP,DNP,29,29,0,0.0,756,754,2,163,163,0
wil-powell,Wil Powell,Gold Coast,Adelaide Crows,Def,21,22,PLAYED,115.0,694,787,93,13.4,287,266,21,71,64,7
will-ashcroft,Will Ashcroft,Brisbane,Carlton Blues,Mid,21,22,PLAYED,132.0,7310,7448,138,1.89,7,7,0,3,3,0
will-brodie,Will Brodie,Port Adelaide,Brisbane Lions,Mid,21,22,DNP,DNP,836,831,-5,-0.6,257,256,1,61,62,-1
will-darcy,Will Darcy,Western Bulldogs,Fremantle Dockers,Key Fwd,21,22,DNP,DNP,193,187,-6,-3.11,504,507,-3,80,83,-3
will-day,Will Day,Hawthorn,Richmond Tigers,Mid,21,22,PLAYED,50.0,2777,2418,-359,-12.93,70,87,-17,27,32,-5
will-edwards,Will Edwards,Sydney,Essendon Bombers,Key Def,21,22,DNP,DNP,208,208,0,0.0,495,495,0,38,37,1
will-graham,Will Graham,Gold Coast,Hawthorn Hawks,Fwd,21,22,DNP,DNP,1694,1692,-2,-0.12,142,143,-1,35,37,-2
will-green,Will Green,Sydney,Essendon Bombers,Ruck,21,22,PLAYED,76.0,587,659,72,12.27,315,298,17,22,21,1
will-hayes-b,Will Hayes,Collingwood,West Coast Eagles,Fwd,21,22,PLAYED,41.0,432,410,-22,-5.09,370,383,-13,90,91,-1
will-hayward,Will Hayward,Carlton,Adelaide Crows,Fwd,21,22,PLAYED,83.0,206,232,26,12.62,497,474,23,122,115,7
will-lewis,Will Lewis,Western Bulldogs,Sydney Swans,Key Fwd,21,22,DNP,DNP,113,113,0,0.0,609,608,1,101,100,1
will-lorenz,Will Lorenz,Port Adelaide,Richmond Tigers,Mid,21,22,PLAYED,65.0,438,430,-8,-1.83,369,375,-6,82,82,0
will-mclachlan,Will McLachlan,Brisbane,Free agents,Fwd,21,22,DNP,DNP,125,124,-1,-0.8,592,595,-3,151,154,-3
will-setterfield,Will Setterfield,Essendon,Brisbane Lions,Mid,21,22,PLAYED,67.0,633,566,-67,-10.58,305,323,-18,70,74,-4
willem-drew,Willem Drew,Port Adelaide,Adelaide Crows,Mid,21,22,PLAYED,103.0,620,617,-3,-0.48,311,314,-3,72,71,1
willem-duursma,Willem Duursma,West Coast,Fremantle Dockers,Mid,21,22,PLAYED,42.0,4338,4149,-189,-4.36,29,35,-6,12,13,-1
william-mccabe,William McCabe,Hawthorn,Hawthorn Hawks,Key Def,21,22,DNP,DNP,647,624,-23,-3.55,295,310,-15,22,24,-2
xavier-bamert,Xavier Bamert,Port Adelaide,Richmond Tigers,Mid,21,22,DNP,DNP,375,377,2,0.53,396,398,-2,92,90,2
xavier-duursma,Xavier Duursma,Essendon,North Melbourne Kangaroos,Mid,21,22,DNP,DNP,145,145,0,0.0,569,563,6,121,119,2
xavier-lindsay,Xavier Lindsay,Melbourne,Western Bulldogs,Def,21,22,DNP,DNP,2059,2092,33,1.6,119,112,7,26,26,0
xavier-o-halloran,Xavier O'Halloran,GWS,Sydney Swans,Fwd,21,22,PLAYED,77.0,39,48,9,23.08,742,724,18,205,202,3
xavier-taylor,Xavier Taylor,Melbourne,Richmond Tigers,Def,21,22,DNP,DNP,950,942,-8,-0.84,236,244,-8,58,59,-1
xavier-walsh,Xavier Walsh,Port Adelaide,Free agents,Key Fwd,21,22,DNP,DNP,108,107,-1,-0.93,613,613,0,102,102,0
zac-bailey,Zac Bailey,Brisbane,North Melbourne Kangaroos,Fwd,21,22,PLAYED,79.0,2930,2954,24,0.82,64,64,0,14,15,-1
zac-banch,Zac Banch,North Melbourne,Free agents,Fwd,21,22,PLAYED,65.0,128,128,0,0.0,588,588,0,150,152,-2
zac-fisher,Zac Fisher,North Melbourne,Port Adelaide Power,Fwd,21,22,DNP,DNP,107,115,8,7.48,616,602,14,160,156,4
zac-mccarthy,Zac McCarthy,Collingwood,West Coast Eagles,Key Fwd,21,22,DNP,DNP,152,147,-5,-3.29,556,562,-6,88,92,-4
zac-taylor,Zac Taylor,Adelaide,Western Bulldogs,Fwd,21,22,PLAYED,54.0,254,208,-46,-18.11,458,496,-38,114,120,-6
zac-walker,Zac Walker,Western Bulldogs,Free agents,Key Def,21,22,DNP,DNP,128,128,0,0.0,589,589,0,52,51,1
zach-guthrie,Zach Guthrie,Geelong,Geelong Cats,Def,21,22,PLAYED,58.0,239,214,-25,-10.46,469,490,-21,109,111,-2
zach-reid,Zach Reid,Essendon,Hawthorn Hawks,Key Def,21,22,PLAYED,42.0,1212,1088,-124,-10.23,202,215,-13,12,13,-1
zachary-merrett,Zachary Merrett,Essendon,West Coast Eagles,Mid,21,22,PLAYED,114.0,2713,2742,29,1.07,73,73,0,28,27,1
zachary-williams,Zachary Williams,Carlton,St Kilda Saints,Fwd,21,22,DNP,DNP,374,373,-1,-0.27,397,402,-5,94,99,-5
zak-butters,Zak Butters,Port Adelaide,Geelong Cats,Mid,21,22,DNP,DNP,7185,7190,5,0.07,8,9,-1,4,5,-1
zak-evans,Zak Evans,Gold Coast,Free agents,Mid,21,22,DNP,DNP,43,42,-1,-2.33,730,733,-3,144,144,0
zak-johnson,Zak Johnson,Essendon,Richmond Tigers,Def,21,22,PLAYED,43.0,556,575,19,3.42,325,321,4,81,81,0
zane-duursma,Zane Duursma,North Melbourne,Richmond Tigers,Fwd,21,22,DNP,DNP,765,776,11,1.44,269,270,-1,65,66,-1
zane-peucker,Zane Peucker,Richmond,Carlton Blues,Fwd,21,22,DNP,DNP,493,487,-6,-1.22,349,351,-2,85,84,1
zane-zakostelsky,Zane Zakostelsky,Brisbane,Fremantle Dockers,Key Def,21,22,DNP,DNP,391,386,-5,-1.28,391,396,-5,30,31,-1
zeke-uwland,Zeke Uwland,Gold Coast,Fremantle Dockers,Def,21,22,PLAYED,29.0,2687,2660,-27,-1.0,74,76,-2,14,15,-1
