key,loop_index,draft_year,type,pick,games,sibling_board_v,correct_v_asof2026,delta,pct,board_equals_BASE_REF_2028,canonical_board_v
cooper-harvey,582,2022,ND,56,17,311,341,30,9.646,True,341
seth-campbell,243,2022,RD,3,62,862,928,66,7.657,True,928
aaron-cadman,68,2022,ND,1,73,1667,1781,114,6.839,True,1781
nick-madden,140,2022,PDA,,8,996,1064,68,6.827,True,1064
steely-green,565,2022,ND,55,42,36,38,2,5.556,True,38
jhye-clark,302,2022,ND,8,31,646,681,35,5.418,True,681
billy-dowling,466,2022,ND,43,11,149,157,8,5.369,True,157
jai-serong,364,2021,ND,53,28,827,868,41,4.958,True,868
zac-taylor,526,2021,ND,44,43,142,149,7,4.93,True,149
joshua-weddle,170,2022,ND,18,75,1373,1437,64,4.661,True,1437
campbell-gray,542,2024,MSD,15,12,198,207,9,4.545,True,207
harry-rowston,393,2022,ND,16,25,423,442,19,4.492,True,442
joseph-fonti,300,2023,ND,44,40,477,498,21,4.403,True,498
oliver-hollands,226,2022,ND,11,76,1435,1498,63,4.39,True,1498
kai-lohmann,248,2021,ND,20,72,789,823,34,4.309,True,823
jye-amiss,82,2021,ND,8,90,1342,1399,57,4.247,True,1399
mattaes-phillipou,167,2022,ND,10,61,1838,1915,77,4.189,True,1915
cameron-mackenzie,213,2022,ND,7,63,1865,1942,77,4.129,True,1942
ryan-maric,301,2023,MSD,1,62,1238,1289,51,4.12,True,1289
edward-allan,342,2022,ND,19,29,560,583,23,4.107,True,583
elijah-hewett,329,2022,ND,14,40,440,458,18,4.091,True,458
bailey-humphrey,165,2022,ND,6,79,2213,2303,90,4.067,True,2303
archie-may,376,2025,MSD,6,17,333,346,13,3.904,True,346
patrick-voss,175,2021,RD,5,45,1245,1293,48,3.855,True,1293
noah-long,638,2022,ND,57,36,53,55,2,3.774,True,55
elijah-tsatas,232,2022,ND,5,22,822,853,31,3.771,True,853
jaspa-fletcher,98,2022,ND,12,87,2368,2456,88,3.716,True,2456
lachlan-cowan,316,2022,ND,30,56,598,620,22,3.679,True,620
jacob-van-rooyen,109,2021,ND,19,76,1660,1719,59,3.554,True,1719
mitchito-owens,72,2021,ND,33,88,1818,1880,62,3.41,True,1880
reuben-ginbey,61,2022,ND,9,76,2074,2144,70,3.375,True,2144
isaiah-dudley,412,2024,SSP,,35,185,191,6,3.243,True,191
max-michalanney,305,2022,ND,17,85,375,387,12,3.2,True,387
campbell-chesser,510,2021,ND,14,39,189,195,6,3.175,True,195
ned-long,267,2021,RD,3,54,1146,1182,36,3.141,True,1182
arthur-jones,581,2021,ND,43,32,64,66,2,3.125,True,66
jedd-busslinger,221,2022,ND,13,14,777,801,24,3.089,True,801
paul-curtis,169,2021,ND,35,94,1442,1486,44,3.051,True,1486
george-wardlaw,94,2022,ND,4,52,2868,2954,86,2.999,True,2954
jacob-konstanty,336,2022,ND,20,33,68,70,2,2.941,True,70
tyler-sonsie,397,2021,ND,28,53,857,881,24,2.8,True,881
dante-visentini,615,2021,ND,56,25,786,807,21,2.672,True,807
matthew-roberts,275,2021,ND,34,63,1514,1553,39,2.576,True,1553
marcus-windhager,230,2021,ND,47,94,1642,1683,41,2.497,True,1683
lawson-humphries,180,2023,ND,63,54,1421,1456,35,2.463,True,1456
jake-soligo,144,2021,ND,36,102,1829,1874,45,2.46,True,1874
harvey-harrison,645,2021,ND,52,23,41,42,1,2.439,True,42
josh-rachele,134,2021,ND,6,89,1830,1874,44,2.404,True,1874
max-gruzewski,337,2022,ND,22,21,376,385,9,2.394,True,385
matt-johnson-1,353,2021,ND,21,73,962,985,23,2.391,True,985
jai-culley,663,2022,MSD,1,23,171,175,4,2.339,True,175
angus-sheldrick,371,2021,ND,18,46,566,579,13,2.297,True,579
tom-brown,392,2021,ND,17,56,437,447,10,2.288,True,447
anthony-caminiti,383,2022,SSP,,72,836,855,19,2.273,True,855
massimo-d-ambrosio,184,2022,MSD,3,85,1532,1566,34,2.219,True,1566
neil-erasmus,356,2021,ND,10,58,823,841,18,2.187,True,841
sam-banks,433,2021,ND,29,57,807,824,17,2.107,True,824
toby-mcmullin,479,2022,ND,34,34,49,50,1,2.041,True,50
robert-hansen,650,2023,MSD,2,20,49,50,1,2.041,True,50
blake-howes,514,2021,ND,39,47,202,206,4,1.98,True,206
brady-hough,481,2021,ND,31,94,254,259,5,1.969,True,259
judd-mcvee,618,2021,RD,9,83,257,262,5,1.946,True,262
jack-williams,633,2021,ND,57,49,309,315,6,1.942,True,315
josh-draper,632,2022,PDN,,31,259,264,5,1.931,True,264
ollie-dempsey,115,2021,RD,7,77,2124,2162,38,1.789,True,2162
ewan-mackinlay,535,2025,MSD,10,15,113,115,2,1.77,True,115
will-ashcroft,2,2022,ND,2,77,6494,6607,113,1.74,True,6607
connor-macdonald,62,2021,ND,26,109,2454,2495,41,1.671,True,2495
josh-ward,46,2021,ND,7,86,2525,2566,41,1.624,True,2566
luke-nankervis,594,2021,RD,1,44,308,313,5,1.623,True,313
jase-burgoyne,83,2021,ND,60,75,2129,2163,34,1.597,True,2163
sam-butler-1,503,2021,ND,23,32,63,64,1,1.587,True,64
hugh-bond,602,2022,ND,50,19,63,64,1,1.587,True,64
mac-andrew,17,2021,ND,5,84,3694,3750,56,1.516,True,3750
rhett-bazzo,517,2021,ND,37,38,408,414,6,1.471,True,414
james-tunstill,631,2021,ND,41,23,68,69,1,1.471,True,69
darcy-wilmot,43,2021,ND,16,102,2973,3013,40,1.345,True,3013
oscar-adams,656,2021,ND,51,21,78,79,1,1.282,True,79
finnbar-maley,610,2023,RD,2,13,165,167,2,1.212,True,167
sam-darcy,21,2021,ND,2,51,5016,5076,60,1.196,True,5076
harry-sheezel,1,2022,ND,3,86,10310,10433,123,1.193,True,10433
angus-anderson,496,2025,ND,57,11,175,177,2,1.143,True,177
mitchell-knevitt,595,2021,ND,25,23,94,95,1,1.064,True,95
campbell-lake,524,2026,MSD,7,5,199,201,2,1.005,True,201
bodhi-uwland,9,2021,PDA,,68,3533,3568,35,0.991,True,3568
matthew-jefferson,333,2022,ND,15,19,211,213,2,0.948,True,213
hugo-hall-kahan,454,2026,MSD,10,7,349,352,3,0.86,True,352
jason-horne-francis,10,2021,ND,1,98,5554,5600,46,0.828,True,5600
finn-callaghan,16,2021,ND,3,90,5471,5516,45,0.823,True,5516
oscar-steene,629,2022,SSP,,8,395,398,3,0.759,True,398
isaac-keeler,538,2022,ND,44,13,156,157,1,0.641,True,157
kye-annand,488,2026,MSD,2,7,327,329,2,0.612,True,329
nasiah-wanganeen-milera,3,2021,ND,11,101,8593,8644,51,0.594,True,8644
will-edwards,636,2022,PDA,,12,184,185,1,0.543,True,185
michael-sellwood,464,2025,MSD,5,18,210,211,1,0.476,True,211
joel-fitzgerald,478,2026,MSD,16,6,256,257,1,0.391,True,257
