player,pos,v_baseline,d_your_edits,d_rebake,d_axis,d_bars,d_curve_pool,v_final,delta_total,rank_before,rank_final,rank_move,notes
Touk Miller,SF,1462,854,0,54,0,0,2370,908,173,96,77,EDITED: present_position: MID→SF; future_position: MID→SF | 2026 col-bar row MID→col SF
Ed Langdon,SF,404,163,0,14,499,0,1080,676,430,235,195,EDITED: present_position: MID→SD | year0 bar SD→SF
Christian Petracca,SF,2044,36,0,49,573,0,2702,658,113,74,39,EDITED: p_dual_stream: 50.0→70 | year0 bar MID→SF
Jordan De Goey,SF,1087,597,0,38,0,0,1722,635,223,155,68,EDITED: present_position: MID→SF
Tim Kelly,SF,820,-1,0,19,539,0,1377,557,277,195,82,collateral: position-group ripple | year0 bar MID→SF
Bradley Hill,SF,830,510,0,31,0,0,1371,541,274,196,78,EDITED: present_position: MID→SF
Adam Treloar,SF,615,507,0,27,0,0,1149,534,331,224,107,EDITED: present_position: MID→SF; future_position: MID→SF
Sam Draper,KPF,811,0,0,19,477,0,1307,496,280,203,77,year0 bar RUCK→KPF
Rowan Marshall,KPF,1813,0,0,43,435,0,2291,478,139,99,40,year0 bar RUCK→KPF | 2026 col-bar row RUCK→col KPF
Ryan Lester,SD,544,-440,0,2,0,0,106,-438,366,659,-293,EDITED: present_position: KPD→SD; future_position: KPD→SD
Bailey J. Williams,KPF,2057,0,0,49,387,0,2493,436,112,86,26,year0 bar RUCK→KPF
Darcy Byrne-Jones,SF,413,0,0,10,423,0,846,433,422,279,143,year0 bar SD→SF
Peter Ladhams,KPF,276,0,0,6,424,0,706,430,523,314,209,year0 bar RUCK→KPF
Kyle Langford,KPF,299,225,0,203,0,0,727,428,506,307,199,EDITED: present_position: SF→KPF | 2026 col-bar row MID→col KPF
Harry Sheezel,SF,9653,-6,0,225,207,0,10079,426,1,1,0,collateral: position-group ripple | year0 bar MID→SF
James Rowbottom,SF,998,0,0,23,399,0,1420,422,241,189,52,year0 bar MID→SF
Jy Simpkin,SF,982,-1,0,22,386,0,1389,407,244,194,50,collateral: position-group ripple | year0 bar MID→SF
Jake Lever,SD,737,-2,0,18,-414,0,339,-398,296,478,-182,collateral: position-group ripple | year0 bar KPD→SD
Tom Sparrow,SF,1394,-2,0,31,367,0,1790,396,185,148,37,collateral: position-group ripple | year0 bar MID→SF | 2026 col-bar row MID→col SF
Joe Berry,SF,1014,351,0,32,0,0,1397,383,234,192,42,collateral: position-group ripple
Jack Ross,SF,2230,-2,0,52,322,0,2602,372,96,80,16,collateral: position-group ripple | year0 bar MID→SF
Justin McInerney,SF,1931,-1,0,45,309,0,2284,353,126,100,26,collateral: position-group ripple | year0 bar MID→SF
Jack Graham,SF,378,0,0,9,340,0,727,349,447,306,141,year0 bar MID→SF
Zachary Williams,SF,183,328,0,13,0,0,524,341,598,379,219,EDITED: present_position: SD→SF; future_position: SD→SF
Dion Prestia,SF,173,0,0,5,324,0,502,329,608,385,223,year0 bar MID→SF | 2026 col-bar row MID→col SF
Oliver Hollands,SD,1491,264,0,41,19,0,1815,324,169,145,24,EDITED: future_position: SD→MID | year0 bar MID→SD
Jason Horne-Francis,SF,5250,-4,0,122,186,0,5554,304,14,13,1,collateral: position-group ripple | year0 bar MID→SF | 2026 col-bar row MID→col SF
Jack Lukosius,KPF,935,-559,0,9,250,0,635,-300,253,334,-81,EDITED: present_position: KPF→SF; future_position: KPF→SF | year0 bar SF→KPF
Isaac Kako,SF,1167,263,0,32,0,0,1462,295,203,184,19,collateral: position-group ripple
Jagga Smith,SF,4284,-1,0,98,192,0,4573,289,22,20,2,collateral: position-group ripple | year0 bar MID→SF
Max Hall,SF,2823,-339,0,58,0,0,2542,-281,68,84,-16,EDITED: future_position: MID→SF
Sam Durham,SF,2439,-2,0,57,216,0,2710,271,84,73,11,collateral: position-group ripple | year0 bar MID→SF | 2026 col-bar row MID→col SF
Chad Warner,SF,3355,-3,0,78,194,0,3624,269,50,47,3,collateral: position-group ripple | year0 bar MID→SF | 2026 col-bar row MID→col SF
Archie Roberts,SD,4941,-376,0,108,2,0,4675,-266,16,19,-3,EDITED: future_position: MID→SD
Ned Long,SF,1266,0,0,28,230,0,1524,258,196,172,24,year0 bar MID→SF
Jake Soligo,SF,1908,0,0,44,212,0,2164,256,130,116,14,year0 bar MID→SF
Ryley Sanders,SF,3432,1,0,80,173,0,3686,254,48,44,4,collateral: position-group ripple | year0 bar MID→SF
Caleb May,RUCK,586,0,0,0,0,-254,332,-254,340,483,-143,
Max Mapley,RUCK,586,0,0,0,0,-254,332,-254,341,485,-144,
Patrick Carr,RUCK,586,0,0,0,0,-254,332,-254,342,486,-144,
Tom Powell,SF,2015,-4,0,46,205,0,2262,247,118,105,13,collateral: position-group ripple | year0 bar MID→SF | 2026 col-bar row MID→col SF
Nasiah Wanganeen-Milera,SD,8134,-5,0,188,58,0,8375,241,4,4,0,collateral: position-group ripple | year0 bar MID→SD | 2026 col-bar row MID→col SD
Dan Houston,SD,1116,2,0,237,2,0,1357,241,215,198,17,collateral: position-group ripple
Alex Van Wyk,RUCK,570,0,0,13,0,-251,332,-238,352,482,-130,
Sam Lalor,SF,3867,-1,0,91,145,0,4102,235,35,27,8,collateral: position-group ripple | year0 bar MID→SF | 2026 col-bar row MID→col SF
Connor Budarick,SF,178,0,0,4,227,0,409,231,604,431,173,year0 bar SD→SF
Elliot Yeo,SF,86,0,0,1,229,0,316,230,684,496,188,year0 bar MID→SF | 2026 col-bar row MID→col SF
Brayden Cook,SF,901,0,0,21,206,0,1128,227,260,228,32,year0 bar MID→SF
Nick Daicos,MID,8988,-6,0,209,23,0,9214,226,2,2,0,collateral: position-group ripple
Joel Freijah,SF,2665,0,0,62,164,0,2891,226,72,68,4,year0 bar MID→SF
Lachie Whitfield,SD,2015,163,0,51,3,0,2232,217,117,107,10,EDITED: present_position: MID→SD
Harrison Himmelberg,SD,560,1,0,-216,-1,0,344,-216,358,471,-113,collateral: position-group ripple
Jai Serong,KPD,891,0,0,21,195,0,1107,216,263,233,30,year0 bar SD→KPD | 2026 col-bar row MID→col KPD
Luke Jackson,RUCK,8521,0,0,197,17,0,8735,214,3,3,0,
Sullivan Robey,SF,2908,76,0,68,70,0,3122,214,65,61,4,collateral: position-group ripple | year0 bar MID→SF
Flynn Riley,RUCK,578,0,0,12,0,-226,364,-214,347,458,-111,
Caleb Windsor,SD,1559,160,0,40,6,0,1765,206,163,151,12,collateral: position-group ripple | year0 bar MID→SD | 2026 col-bar row MID→col SD
Lachy Dovaston,SF,859,179,0,23,0,0,1061,202,269,239,30,collateral: position-group ripple
Aiden Riddle,RUCK,449,0,0,0,0,-194,255,-194,403,544,-141,
Joe Pike,RUCK,449,0,0,0,0,-194,255,-194,405,546,-141,
Logan Smith,RUCK,445,0,0,4,0,-194,255,-190,406,547,-141,
Luke Parker,SD,1485,146,0,38,1,0,1670,185,171,159,12,EDITED: present_position: MID→SD | 2026 col-bar row MID→col SD
Max Holmes,MID,7268,-5,0,169,20,0,7452,184,5,5,0,collateral: position-group ripple | 2026 col-bar row SD→col MID
Tristan Xerri,RUCK,7231,0,0,168,15,0,7414,183,6,6,0,
Jaime Uhr-Henry,RUCK,437,0,0,11,0,-193,255,-182,409,545,-136,
Liam Reidy,KPF,361,0,0,8,201,-27,543,182,458,371,87,year0 bar RUCK→KPF
Vigo Visentini,RUCK,417,0,0,0,0,-180,237,-180,418,566,-148,
Mattaes Phillipou,SF,2290,10,0,54,108,0,2462,172,94,91,3,collateral: position-group ripple | year0 bar MID→SF | 2026 col-bar row MID→col SF
Iliro Smit,RUCK,399,0,0,9,0,-171,237,-162,433,565,-132,
Zak Butters,MID,6313,-4,0,146,18,0,6473,160,7,7,0,collateral: position-group ripple
Will Ashcroft,MID,6223,-5,0,145,17,0,6380,157,8,8,0,collateral: position-group ripple
Daniel Curtin,MID,2452,98,0,59,0,0,2609,157,83,79,4,collateral: position-group ripple
Mitch McGovern,SF,238,-210,1,0,56,0,85,-153,555,691,-136,EDITED: present_position: KPF→SD | year0 bar SD→SF | 2026 col-bar row KPF→col SF
Bailey Smith,MID,5941,-4,0,138,17,0,6092,151,10,10,0,collateral: position-group ripple
Lachlan Ash,SD,5534,10,0,131,7,0,5682,148,11,11,0,collateral: position-group ripple
Jhye Clark,SF,782,76,0,21,46,0,925,143,287,265,22,collateral: position-group ripple | year0 bar MID→SF | 2026 col-bar row MID→col SF
Reuben Ginbey,SD,2599,-2,0,14,-153,0,2458,-141,76,92,-16,collateral: position-group ripple | year0 bar KPD→SD
Finn Callaghan,MID,5454,-4,0,127,15,0,5592,138,12,12,0,collateral: position-group ripple
Sam Cumming,MID,2910,68,0,69,0,0,3047,137,63,63,0,collateral: position-group ripple
Will Graham,SF,1590,49,0,38,50,0,1727,137,158,154,4,EDITED: present_position: SF→MID; p_dual_stream: 70.0→90 | year0 bar MID→SF | 2026 col-bar row MID→col SF
Errol Gulden,MID,5375,-3,0,124,15,0,5511,136,13,14,-1,collateral: position-group ripple
Noah Anderson,MID,5125,-3,0,118,17,0,5257,132,15,15,0,collateral: position-group ripple
Karl Amon,SD,429,118,0,13,1,0,561,132,413,363,50,EDITED: present_position: MID→SD
Jake Lloyd,SF,60,0,0,2,129,0,191,131,711,603,108,year0 bar SD→SF | 2026 col-bar row MID→col SF
Josh Treacy,KPF,6029,-9,0,137,0,0,6157,128,9,9,0,collateral: position-group ripple
Dyson Sharp,SF,2493,-5,0,58,75,0,2621,128,80,78,2,collateral: position-group ripple | year0 bar MID→SF
Jack Crisp,MID,719,-142,0,13,2,0,592,-127,302,349,-47,EDITED: present_position: SD→MID
Sam Flanders,SF,2082,-1,0,48,79,0,2208,126,110,111,-1,collateral: position-group ripple | year0 bar MID→SF | 2026 col-bar row MID→col SF
Zeke Uwland,SD,2646,60,0,63,0,0,2769,123,73,71,2,EDITED: future_position: MID→SD; alternate_position: SD→MID
Mitchell Marsh,KPF,582,0,107,0,0,16,705,123,345,315,30,
Josh Daicos,SD,2146,66,0,52,4,0,2268,122,102,104,-2,EDITED: present_position: MID→SD
Caleb Serong,MID,4691,-4,0,110,14,0,4811,120,18,17,1,collateral: position-group ripple
Aidan Schubert,KPF,576,0,104,0,0,16,696,120,351,318,33,
Tom Green,MID,4565,-2,0,106,13,0,4682,117,19,18,1,collateral: position-group ripple
Brodie Grundy,RUCK,4369,0,0,102,10,0,4481,112,21,22,-1,
Murphy Reid,SF,4193,15,0,97,0,0,4305,112,23,23,0,collateral: position-group ripple
Josh Worrell,SD,3894,-203,0,87,5,0,3783,-111,33,37,-4,EDITED: present_position: KPD→SD
Tyler Sonsie,SF,1074,0,0,25,85,0,1184,110,225,216,9,year0 bar MID→SF
Colby McKercher,SD,3964,-6,0,92,23,0,4073,109,28,29,-1,collateral: position-group ripple | year0 bar MID→SD | 2026 col-bar row SF→col SD
Mark Blicavs,RUCK,119,-113,0,0,4,0,10,-109,643,792,-149,EDITED: present_position: KPD→MID | year0 bar MID→RUCK
Marcus Bontempelli,MID,4171,-1,0,95,13,0,4278,107,25,25,0,collateral: position-group ripple
Jake Bowey,SD,3941,8,0,93,6,0,4048,107,31,31,0,collateral: position-group ripple
Nick Blakey,SD,3987,8,0,94,5,0,4094,107,27,28,-1,collateral: position-group ripple
Rory Lobb,KPD,538,-94,0,-11,-2,0,431,-107,370,417,-47,EDITED: present_position: KPF→KPD
Jai Newcombe,MID,4180,-3,0,97,12,0,4286,106,24,24,0,collateral: position-group ripple
Dante Visentini,KPF,1121,0,0,26,80,0,1227,106,214,211,3,year0 bar RUCK→KPF
Phoenix Gothard,SF,1858,60,0,45,0,0,1963,105,135,131,4,collateral: position-group ripple
Finn O'Sullivan,SD,3345,0,0,78,26,0,3449,104,53,51,2,year0 bar MID→SD
Sam Darcy,KPF,4827,-9,0,111,0,0,4929,102,17,16,1,collateral: position-group ripple
Bodhi Uwland,SD,3782,7,0,90,4,0,3883,101,36,35,1,collateral: position-group ripple
Matt Rowell,MID,3945,-3,0,93,11,0,4046,101,30,32,-2,collateral: position-group ripple
Samuel Grlj,SD,2042,51,0,49,0,0,2142,100,114,118,-4,collateral: position-group ripple | year0 bar MID→SD
Oliver Florent,SD,667,84,0,19,-3,0,767,100,316,297,19,EDITED: present_position: MID→SD | 2026 col-bar row MID→col SD
Jordan Clark,SD,3678,7,0,86,6,0,3777,99,39,38,1,collateral: position-group ripple
Daniel Annable,MID,1791,-1,56,10,0,34,1890,99,141,138,3,collateral: position-group ripple
Josh Smillie,MID,1177,0,68,0,0,31,1276,99,202,206,-4,
Darcy Wilmot,SD,3642,7,0,85,5,0,3739,97,40,40,0,collateral: position-group ripple
Ed Richards,MID,3749,-2,0,86,12,0,3845,96,37,36,1,collateral: position-group ripple
Leo Lombard,SF,1508,58,0,37,0,0,1603,95,166,167,-1,collateral: position-group ripple
Mac Andrew,KPD,3960,-8,0,89,13,0,4054,94,29,30,-1,collateral: position-group ripple
Timothy English,RUCK,3682,0,0,86,8,0,3776,94,38,39,-1,
Dayne Zorko,SD,1156,64,0,28,2,0,1250,94,205,209,-4,EDITED: present_position: MID→SD
Tanner Bruhn,SD,2122,-4,0,48,48,0,2214,92,106,109,-3,collateral: position-group ripple | year0 bar MID→SD
Sam Berry,MID,3611,-3,0,84,10,0,3702,91,43,42,1,collateral: position-group ripple
Isaac Heeney,MID,3547,-3,0,83,10,0,3637,90,45,46,-1,collateral: position-group ripple
Jack Sinclair,SD,3318,7,0,78,5,0,3408,90,55,53,2,collateral: position-group ripple
Stephen Coniglio,SF,165,0,0,0,90,0,255,90,616,548,68,year0 bar MID→SF | 2026 col-bar row MID→col SF
Nicholas Martin,SF,3484,-2,0,80,11,0,3573,89,46,48,-2,collateral: position-group ripple | year0 bar MID→SF
Luke Davies-Uniacke,MID,3462,-2,0,80,10,0,3550,88,47,49,-2,collateral: position-group ripple
Jordan Dawson,MID,3414,-2,0,79,11,0,3502,88,49,50,-1,collateral: position-group ripple
Riley Thilthorpe,KPF,4077,-7,0,94,0,0,4164,87,26,26,0,collateral: position-group ripple
Beau Addinsall,MID,1407,-116,0,30,0,0,1321,-86,181,202,-21,collateral: position-group ripple
Callum Wilkie,KPD,3614,-8,0,81,12,0,3699,85,42,43,-1,collateral: position-group ripple
Harley Reid,MID,3578,-3,0,82,6,0,3663,85,44,45,-1,collateral: position-group ripple
Marcus Windhager,SD,2105,0,0,48,36,0,2189,84,108,114,-6,year0 bar MID→SD | 2026 col-bar row MID→col SD
Max Gawn,RUCK,3343,0,0,77,6,0,3426,83,54,52,2,
Marcus Herbert,MID,920,2,0,23,-108,0,837,-83,257,282,-25,collateral: position-group ripple | year0 bar SD→MID
Willem Duursma,MID,4416,-2,0,101,-17,0,4498,82,20,21,-1,collateral: position-group ripple
Sam Walsh,MID,3214,-2,0,75,9,0,3296,82,56,56,0,collateral: position-group ripple
Daniel Rioli,SD,726,2,0,81,-1,0,808,82,299,287,12,collateral: position-group ripple
Andrew Brayshaw,MID,3107,-3,0,73,10,0,3187,80,59,59,0,collateral: position-group ripple
Max Heath,KPF,641,0,0,16,63,0,720,79,324,310,14,year0 bar RUCK→KPF
Sam Wicks,SD,103,-76,0,0,0,0,27,-76,658,769,-111,EDITED: present_position: SF→SD
Logan Morris,KPF,3084,2,0,72,0,0,3158,74,60,60,0,collateral: position-group ripple
Connor Rozee,SD,2857,-2,0,67,8,0,2930,73,67,67,0,collateral: position-group ripple | year0 bar MID→SD
Nick Watson,SF,3638,-13,0,85,0,0,3710,72,41,41,0,collateral: position-group ripple
Noah Mraz,KPD,3934,5,-1,89,-23,2,4006,72,32,33,-1,collateral: position-group ripple
Hugo Garcia,MID,2966,-3,0,69,6,0,3038,72,62,64,-2,collateral: position-group ripple
James Jordon,SF,164,0,0,4,68,0,236,72,617,567,50,year0 bar MID→SF | 2026 col-bar row MID→col SF
Kysaiah Pickett,SF,3872,-18,0,89,0,0,3943,71,34,34,0,collateral: position-group ripple
Will Day,MID,2895,-4,0,67,8,0,2966,71,66,66,0,collateral: position-group ripple
Zachary Merrett,MID,2752,-2,0,65,8,0,2823,71,70,70,0,collateral: position-group ripple
Bailey Humphrey,SF,2324,-74,0,52,92,0,2394,70,91,95,-4,EDITED: present_position: SF→MID | year0 bar MID→SF
Archie Ludowyke,KPF,364,0,61,0,0,9,434,70,454,415,39,
Tom Cole,SF,33,0,-3,1,71,0,102,69,760,665,95,year0 bar SD→SF
Zac McCarthy,KPF,354,0,58,0,0,10,422,68,464,422,42,
Matt Cottrell,SF,48,0,0,1,67,0,116,68,726,648,78,year0 bar MID→SF
Clayton Oliver,MID,2569,-2,0,60,9,0,2636,67,77,77,0,collateral: position-group ripple
Taj Hotton,SF,2178,-26,0,51,42,0,2245,67,99,106,-7,collateral: position-group ripple | year0 bar MID→SF
Connor O'Sullivan,KPD,2908,5,0,66,-5,0,2974,66,64,65,-1,collateral: position-group ripple
Connor Idun,SD,2424,5,0,57,4,0,2490,66,87,87,0,collateral: position-group ripple
Koltyn Tholstrup,SF,1605,-45,0,36,75,0,1671,66,154,158,-4,collateral: position-group ripple | year0 bar SD→SF
Darcy Jones,SF,1428,32,0,34,0,0,1494,66,180,177,3,collateral: position-group ripple
Jordon Sweet,RUCK,2511,0,0,59,6,0,2576,65,78,81,-3,
Kieren Briggs,RUCK,2480,0,0,57,7,0,2544,64,81,83,-2,
Jake Rogers,SF,583,50,0,14,0,0,647,64,344,330,14,collateral: position-group ripple
George Wardlaw,MID,3152,-4,0,73,-6,0,3215,63,57,57,0,collateral: position-group ripple
Bailey Dale,SD,2376,3,0,56,4,0,2439,63,90,94,-4,collateral: position-group ripple
Cameron Mackenzie,MID,2001,15,0,48,0,0,2064,63,121,123,-2,collateral: position-group ripple
Tim Taranto,MID,2403,-2,0,56,8,0,2465,62,88,89,-1,collateral: position-group ripple
Jaspa Fletcher,SD,2622,0,0,61,0,0,2683,61,75,75,0,
Wayne Milera,SD,1942,4,0,54,3,0,2003,61,125,128,-3,collateral: position-group ripple
Xavier Lindsay,SD,2123,8,0,49,4,0,2184,61,105,115,-10,EDITED: present_position: SD→MID | year0 bar MID→SD | 2026 col-bar row MID→col SD
Lewis Young,KPF,178,0,0,3,58,0,239,61,605,563,42,year0 bar KPD→KPF | 2026 col-bar row KPD→col KPF
Charlie Nicholls,KPF,314,0,51,0,0,8,373,59,492,451,41,
Jack Henry,KPF,251,0,0,7,52,0,310,59,542,499,43,year0 bar KPD→KPF | 2026 col-bar row KPD→col KPF
Darcy Wilson,SF,3349,-19,0,77,0,0,3407,58,51,54,-3,collateral: position-group ripple
Harry Dean,KPD,2509,0,0,58,0,0,2567,58,79,82,-3,
Zac Bailey,SF,3149,-15,0,73,0,0,3207,58,58,58,0,collateral: position-group ripple
Lachie Neale,MID,2295,-2,0,53,7,0,2353,58,93,98,-5,collateral: position-group ripple
John Noble,SD,2143,4,0,50,4,0,2201,58,103,112,-9,collateral: position-group ripple
Levi Ashcroft,MID,3348,-21,0,78,0,0,3405,57,52,55,-3,collateral: position-group ripple
Izak Rankine,SF,3006,-14,0,71,0,0,3063,57,61,62,-1,collateral: position-group ripple
Jase Burgoyne,SD,2224,4,0,53,0,0,2281,57,98,101,-3,collateral: position-group ripple
Jonty Faull,KPF,1198,29,0,28,0,0,1255,57,199,208,-9,collateral: position-group ripple
Archer Day-Wicks,SF,484,44,0,13,0,0,541,57,390,372,18,collateral: position-group ripple | 2026 col-bar row MID→col SF
Chayce Jones,SD,110,-57,-1,0,0,1,53,-57,652,722,-70,EDITED: future_position: MID→SD | 2026 col-bar row MID→col SD
Cooper Duff-Tytler,KPF,1582,19,0,37,0,0,1638,56,159,161,-2,collateral: position-group ripple
Kayle Gerreyn,RUCK,289,0,48,0,0,8,345,56,514,470,44,year0 bar KPF→RUCK
Toby Nankervis,RUCK,2142,0,0,50,5,0,2197,55,104,113,-9,
Sid Draper,SF,1150,-2,0,27,29,0,1204,54,206,214,-8,collateral: position-group ripple | year0 bar MID→SF
Louis Emmett,RUCK,916,32,0,23,-1,0,970,54,258,258,0,EDITED: present_position: RUCK→KPF | year0 bar KPF→RUCK
Adam Sweid,MID,545,0,39,0,0,14,598,53,363,347,16,year0 bar SF→MID
Noah Balta,KPF,516,40,0,13,0,0,569,53,379,358,21,EDITED: present_position: KPD→KPF
Deven Robertson,SF,194,1,0,4,48,0,247,53,589,556,33,collateral: position-group ripple | year0 bar MID→SF | 2026 col-bar row MID→col SF
Connor MacDonald,SF,2817,-13,0,65,0,0,2869,52,69,69,0,collateral: position-group ripple
Jacob Van Rooyen,KPF,1899,7,0,45,0,0,1951,52,131,133,-2,collateral: position-group ripple
Matt Carroll,SD,956,28,0,23,0,0,1007,51,247,253,-6,collateral: position-group ripple | year0 bar MID→SD | 2026 col-bar row MID→col SD
Tom De Koning,RUCK,2028,0,0,46,4,0,2078,50,115,121,-6,
Latrelle Pickett,SF,580,36,0,14,0,0,630,50,346,337,9,collateral: position-group ripple
Cooper Trembath,KPF,2090,1,0,49,0,0,2140,50,109,119,-10,collateral: position-group ripple
Patrick Voss,KPF,1791,8,0,42,0,0,1841,50,142,143,-1,collateral: position-group ripple
Oliver Hannaford,MID,413,41,0,12,-3,0,463,50,423,405,18,collateral: position-group ripple | year0 bar SF→MID | 2026 col-bar row SF→col MID
Harvey Thomas,SF,2167,-194,0,44,200,0,2217,50,101,108,-7,EDITED: present_position: SF→MID | year0 bar MID→SF | 2026 col-bar row MID→col SF
Thomas Matthews,SF,501,0,37,0,0,13,551,50,383,367,16,
Shannon Neale,KPF,2308,-4,0,53,0,0,2357,49,92,97,-5,collateral: position-group ripple
James Sicily,SD,1861,2,0,44,3,0,1910,49,134,137,-3,collateral: position-group ripple
George Hewett,MID,1888,-1,0,43,7,0,1937,49,133,134,-1,collateral: position-group ripple
Kane McAuliffe,MID,1357,17,0,32,0,0,1406,49,189,191,-2,collateral: position-group ripple
Jack Silvagni,KPD,954,-71,0,20,3,0,906,-48,248,268,-20,EDITED: present_position: KPF→KPD
Kalani White,KPF,398,37,0,11,0,0,446,48,435,413,22,collateral: position-group ripple
Tom McCartin,KPD,1984,-4,0,-49,6,0,1937,-47,124,135,-11,collateral: position-group ripple
Patrick Cripps,MID,1834,-1,0,43,5,0,1881,47,137,139,-2,collateral: position-group ripple
Cameron Nairn,SF,737,-4,33,10,0,8,784,47,295,292,3,collateral: position-group ripple
Hayden Young,MID,2026,-1,0,46,2,0,2073,47,116,122,-6,collateral: position-group ripple
Ryan Maric,SD,1453,0,0,33,14,0,1500,47,175,176,-1,year0 bar MID→SD
Matthew Roberts,SD,1995,0,0,47,0,0,2042,47,122,126,-4,2026 col-bar row MID→col SD
Mitchito Owens,KPF,2010,0,0,46,0,0,2056,46,119,124,-5,
Jack Ginnivan,SF,2458,-11,0,57,0,0,2504,46,82,85,-3,collateral: position-group ripple
Matt Whitlock,KPF,563,4,29,8,0,5,609,46,355,343,12,collateral: position-group ripple
Thomas Sims,KPF,1105,19,0,27,0,0,1151,46,217,223,-6,collateral: position-group ripple
Mitchell Edwards,RUCK,2009,0,0,46,0,0,2055,46,120,125,-5,
Braeden Campbell,SF,331,0,0,7,39,0,377,46,480,450,30,year0 bar SD→SF
Shai Bolton,SF,2399,-10,0,55,0,0,2444,45,89,93,-4,collateral: position-group ripple
Lawson Humphries,SD,1927,3,0,46,-4,0,1972,45,128,129,-1,collateral: position-group ripple
Hugh McCluggage,MID,1746,-1,0,40,6,0,1791,45,145,147,-2,collateral: position-group ripple
Ned Moyle,RUCK,2074,0,0,49,-4,0,2119,45,111,120,-9,
Jevan Phillipou,MID,449,0,34,0,0,11,494,45,404,392,12,year0 bar SF→MID
Callum Mills,SD,2228,5,0,35,4,0,2272,44,97,103,-6,collateral: position-group ripple
Harris Andrews,KPD,1917,-4,0,43,5,0,1961,44,129,132,-3,collateral: position-group ripple
Avery Thomas,SD,538,0,-55,0,0,11,494,-44,369,391,-22,
Harvey Langford,MID,2427,-14,0,57,0,0,2470,43,86,88,-2,collateral: position-group ripple
Luke Ryan,SD,1565,3,0,37,3,0,1608,43,161,165,-4,collateral: position-group ripple
Jesse Dattoli,SF,407,0,33,0,0,10,450,43,427,409,18,
Mark Keane,KPD,1777,-2,0,41,3,0,1819,42,143,144,-1,collateral: position-group ripple
Nate Caddy,KPF,1770,1,0,41,0,0,1812,42,144,146,-2,collateral: position-group ripple
Jack Steele,MID,1647,-1,0,38,5,0,1689,42,151,156,-5,collateral: position-group ripple
Mason Redman,SD,1594,2,0,38,2,0,1636,42,155,162,-7,collateral: position-group ripple
Jobe Shanahan,KPF,1811,-1,0,43,0,0,1853,42,140,142,-2,collateral: position-group ripple
Joel Jeffrey,SD,1987,3,0,48,-9,0,2029,42,123,127,-4,collateral: position-group ripple
Noah Howes,KPF,306,34,0,8,0,0,348,42,498,469,29,collateral: position-group ripple
Tyler Welsh,KPF,224,0,36,0,0,6,266,42,560,538,22,
Caleb Daniel,SD,1510,3,0,36,2,0,1551,41,165,171,-6,collateral: position-group ripple
Thomas Liberatore,MID,1566,-1,0,37,5,0,1607,41,160,166,-6,collateral: position-group ripple
Trent Rivers,SD,1718,4,0,41,-4,0,1759,41,148,152,-4,collateral: position-group ripple
Neil Erasmus,MID,1024,17,0,24,0,0,1065,41,231,237,-6,collateral: position-group ripple
Koby Evans,MID,417,0,31,0,0,10,458,41,417,407,10,year0 bar SF→MID
Liam Hetherton,KPF,351,32,0,9,0,0,392,41,467,439,28,collateral: position-group ripple
Cooper Lord,MID,1128,13,0,28,0,0,1169,41,213,219,-6,collateral: position-group ripple
Jye Amiss,KPF,1713,0,0,40,0,0,1753,40,149,153,-4,
Darcy Cameron,RUCK,1548,0,0,35,5,0,1588,40,164,169,-5,
Bo Allan,SD,1184,12,0,28,0,0,1224,40,201,213,-12,collateral: position-group ripple | 2026 col-bar row MID→col SD
Daniel Turner,KPD,1727,-2,0,38,4,0,1767,40,147,149,-2,collateral: position-group ripple
Tylah Williams,SF,407,0,29,0,0,11,447,40,428,412,16,
Tom McCarthy,SD,1594,2,0,38,-1,0,1633,39,156,163,-7,collateral: position-group ripple
Harry McKay,KPF,1833,-4,0,43,0,0,1872,39,138,141,-3,collateral: position-group ripple
Kane Farrell,SD,1453,3,0,34,2,0,1492,39,174,178,-4,collateral: position-group ripple
Cody Curtin,KPF,664,8,15,13,0,3,703,39,317,316,1,collateral: position-group ripple
Joshua Weddle,SD,1651,0,0,38,0,0,1689,38,150,157,-7,2026 col-bar row MID→col SD
Alix Tauru,KPF,1608,-73,0,36,0,0,1571,-37,153,170,-17,collateral: position-group ripple | year0 bar KPD→KPF
Peter Wright,KPF,1730,-3,0,40,0,0,1767,37,146,150,-4,collateral: position-group ripple | 2026 col-bar row RUCK→col KPF
Ollie Dempsey,MID,2174,-4,0,52,-11,0,2211,37,100,110,-10,collateral: position-group ripple
Massimo D'Ambrosio,MID,1632,0,0,37,0,0,1669,37,152,160,-8,
Josh Rachele,SF,2114,-13,0,49,0,0,2150,36,107,117,-10,collateral: position-group ripple | 2026 col-bar row MID→col SF
Gryan Miers,SF,1928,-9,0,45,0,0,1964,36,127,130,-3,collateral: position-group ripple
Jayden Short,SD,1270,3,0,31,2,0,1306,36,195,205,-10,collateral: position-group ripple
Josh Dunkley,MID,1395,-1,0,32,5,0,1431,36,184,187,-3,collateral: position-group ripple
Harry Armstrong,KPF,995,13,0,23,0,0,1031,36,243,247,-4,collateral: position-group ripple
Josh Dolan,SF,465,24,0,12,0,0,501,36,400,388,12,collateral: position-group ripple
Leon Kickett,SF,370,26,0,10,0,0,406,36,453,433,20,collateral: position-group ripple
Angus Anderson,SF,204,1,0,5,30,0,240,36,574,560,14,collateral: position-group ripple | year0 bar MID→SF
Nick Madden,RUCK,1897,0,0,42,-7,0,1932,35,132,136,-4,
Lloyd Meek,RUCK,1441,0,0,33,2,0,1476,35,179,182,-3,
Zane Peucker,SF,598,3,18,8,0,6,633,35,338,335,3,collateral: position-group ripple
William McCabe,KPD,740,2,17,14,0,2,775,35,294,295,-1,collateral: position-group ripple | year0 bar KPF→KPD
Elijah Tsatas,MID,1327,4,0,31,0,0,1362,35,191,197,-6,collateral: position-group ripple
Ty Gallop,KPF,1563,-1,0,36,0,0,1598,35,162,168,-6,collateral: position-group ripple
Jay Polkinghorne,KPF,338,15,9,6,3,2,373,35,474,452,22,collateral: position-group ripple | year0 bar SF→KPF | 2026 col-bar row SF→col KPF
Harrison Petty,KPF,191,0,0,4,31,0,226,35,592,570,22,year0 bar KPD→KPF
Aaron Cadman,KPF,1842,-8,0,42,0,0,1876,34,136,140,-4,collateral: position-group ripple
Thomas Stewart,SD,1237,3,0,29,2,0,1271,34,197,207,-10,collateral: position-group ripple
Cooper Hynes,SF,1272,-7,0,29,12,0,1306,34,194,204,-10,collateral: position-group ripple | year0 bar MID→SF
Ned Bowman,SF,357,0,26,0,0,8,391,34,461,441,20,
Christian Moraes,SF,950,0,0,22,12,0,984,34,249,256,-7,year0 bar MID→SF
Logan Evans,SD,1472,0,0,34,0,0,1506,34,172,175,-3,
Xavier Bamert,MID,436,24,0,11,-1,0,470,34,412,403,9,collateral: position-group ripple | year0 bar SF→MID
Jasper Alger,SF,361,25,0,9,0,0,395,34,457,437,20,collateral: position-group ripple
Mitch Georgiades,KPF,1488,-1,0,34,0,0,1521,33,170,174,-4,collateral: position-group ripple
Charlie Curnow,KPF,1593,-3,0,36,0,0,1626,33,157,164,-7,collateral: position-group ripple
Zach Reid,KPD,1401,1,0,32,0,0,1434,33,182,185,-3,collateral: position-group ripple
Aaron Naughton,KPF,1449,0,0,33,0,0,1482,33,176,179,-3,
Dane Rampe,SD,35,-33,0,0,0,0,2,-33,755,800,-45,EDITED: present_position: KPD→SD
Lachlan McAndrew,RUCK,1400,0,0,32,0,0,1432,32,183,186,-3,
Hugo Mikunda,SF,330,0,23,0,0,9,362,32,481,459,22,
Noah Roberts-Thomson,MID,437,13,10,7,0,2,469,32,410,404,6,collateral: position-group ripple | year0 bar SF→MID
Henry Smith,KPF,165,0,27,0,0,5,197,32,613,600,13,
Josh Lindsay,SD,2432,-25,0,56,0,0,2463,31,85,90,-5,collateral: position-group ripple
Sam Taylor,KPD,1448,1,0,34,-4,0,1479,31,177,181,-4,collateral: position-group ripple
Hussien El Achkar,SF,461,20,0,11,0,0,492,31,401,394,7,collateral: position-group ripple
Jarman Impey,SD,1104,2,0,26,2,0,1134,30,218,226,-8,collateral: position-group ripple
Jake Waterman,KPF,1391,-3,0,33,0,0,1421,30,187,188,-1,collateral: position-group ripple
Jacob Moss,KPD,263,23,0,7,0,0,293,30,534,509,25,collateral: position-group ripple | year0 bar KPF→KPD
Patrick Retschko,MID,1318,0,0,30,0,0,1348,30,192,199,-7,
Oliver Henry,KPF,91,1,13,0,16,0,121,30,675,644,31,collateral: position-group ripple | year0 bar SF→KPF | 2026 col-bar row SF→col KPF
Seth Campbell,SF,1095,3,0,26,0,0,1124,29,222,230,-8,collateral: position-group ripple
Brayden George,SF,308,0,22,0,0,7,337,29,496,480,16,
Jacob Newton,SF,195,24,0,5,0,0,224,29,587,571,16,collateral: position-group ripple
Bailey Banfield,SD,42,-11,0,1,-19,0,13,-29,737,786,-49,EDITED: future_position: SD→SF | year0 bar SF→SD
Josh Ward,MID,2721,-33,0,63,-2,0,2749,28,71,72,-1,collateral: position-group ripple
Andrew McGrath,SD,1132,2,0,26,0,0,1160,28,212,221,-9,collateral: position-group ripple
Zane Duursma,SF,751,10,0,18,0,0,779,28,292,294,-2,collateral: position-group ripple
Jacob Weitering,KPD,1204,-3,0,27,4,0,1232,28,198,210,-12,collateral: position-group ripple
James Peatling,MID,1441,-2,0,33,-3,0,1469,28,178,183,-5,collateral: position-group ripple
Sam Banks,SD,1197,0,0,28,0,0,1225,28,200,212,-12,2026 col-bar row MID→col SD
Christian Salem,SD,541,1,0,26,1,0,569,28,367,357,10,collateral: position-group ripple
Zak Johnson,SD,616,13,0,15,0,0,644,28,330,333,-3,collateral: position-group ripple
Tyrell Dewar,SD,177,-31,0,3,0,0,149,-28,606,632,-26,EDITED: future_position: SD→SF | year0 bar SF→SD
Jacob Farrow,SD,2639,-34,0,61,0,0,2666,27,74,76,-2,collateral: position-group ripple
Charlie Banfield,SF,667,2,0,11,9,5,694,27,315,319,-4,collateral: position-group ripple | year0 bar MID→SF
Lachlan Gulbin,SF,384,18,0,9,0,0,411,27,443,429,14,collateral: position-group ripple
Jed Walter,KPF,1148,0,0,26,0,0,1174,26,207,217,-10,
Brent Daniels,SF,1392,-7,0,33,0,0,1418,26,186,190,-4,collateral: position-group ripple
Darcy Fogarty,KPF,1025,2,0,24,0,0,1051,26,229,240,-11,collateral: position-group ripple
Adam Cerra,MID,1099,-1,0,26,1,0,1125,26,220,229,-9,collateral: position-group ripple
Rory Laird,SD,929,2,0,22,2,0,955,26,255,260,-5,collateral: position-group ripple
Caiden Cleary,SF,508,14,0,12,0,0,534,26,381,375,6,collateral: position-group ripple
Ben Miller,KPD,1145,-1,0,26,1,0,1171,26,208,218,-10,collateral: position-group ripple
Reilly O'Brien,RUCK,1038,0,0,23,3,0,1064,26,227,238,-11,
Maxwell King,KPF,270,0,20,0,0,6,296,26,529,507,22,year0 bar SF→KPF
Dylan Moore,SF,1371,-6,0,31,0,0,1396,25,188,193,-5,collateral: position-group ripple
Luke Trainor,SD,1507,-57,0,32,0,0,1482,-25,167,180,-13,collateral: position-group ripple | year0 bar KPD→SD | 2026 col-bar row KPD→col SD
Lachlan Carmichael,SD,602,0,-38,0,0,13,577,-25,335,352,-17,
Jack Gunston,KPF,1162,-2,0,27,0,0,1187,25,204,215,-11,collateral: position-group ripple
Finnegan Davis,SD,407,0,-34,0,0,9,382,-25,426,448,-22,
Oscar Ryan,SD,318,0,-32,0,0,7,293,-25,491,510,-19,
Karl Worner,SD,1078,0,0,25,0,0,1103,25,224,234,-10,
Hamish Davis,MID,949,2,0,23,0,0,974,25,250,257,-7,collateral: position-group ripple
Jakob Ryan,SD,307,0,-31,0,0,6,282,-25,497,522,-25,
Billy Frampton,KPD,92,0,0,-25,0,0,67,-25,672,708,-36,
Xavier O'Halloran,SF,47,23,0,2,0,0,72,25,729,706,23,EDITED: present_position: MID→SF | 2026 col-bar row MID→col SF
Aliir Aliir,KPD,969,-2,0,22,4,0,993,24,245,254,-9,collateral: position-group ripple
Jordan Croft,KPF,1027,0,0,24,0,0,1051,24,228,241,-13,
Oliver Griffin,SF,248,18,0,6,0,0,272,24,547,529,18,collateral: position-group ripple
Jai Saxena,SF,248,18,0,6,0,0,272,24,546,528,18,collateral: position-group ripple
Ryda Luke,SF,248,18,0,6,0,0,272,24,548,530,18,collateral: position-group ripple
Toby Whan,MID,248,18,0,6,0,0,272,24,549,532,17,collateral: position-group ripple | year0 bar SF→MID
Jacob Konstanty,SF,187,13,6,0,0,5,211,24,593,585,8,collateral: position-group ripple
Will Brodie,MID,1014,0,0,24,0,0,1038,24,235,245,-10,
Sam De Koning,KPD,1021,0,0,24,0,0,1045,24,232,243,-11,
Will Hayes,SF,344,16,0,8,0,0,368,24,471,455,16,collateral: position-group ripple
Jedd Busslinger,KPD,1025,-1,0,24,0,0,1048,23,230,242,-12,collateral: position-group ripple
Matt Johnson,MID,1053,-1,0,24,0,0,1076,23,226,236,-10,collateral: position-group ripple
Hugh Boxshall,MID,996,0,0,23,0,0,1019,23,242,251,-9,
Ethan Read,KPF,1002,0,0,22,0,0,1024,22,239,248,-9,
Harrison Oliver,SD,661,7,0,15,0,0,683,22,318,324,-6,collateral: position-group ripple
Lachie Jaques,SD,869,2,0,20,0,0,891,22,267,271,-4,collateral: position-group ripple
Jye Caldwell,MID,1144,-1,0,26,-3,0,1166,22,209,220,-11,collateral: position-group ripple
Samuel Swadling,MID,931,1,0,21,0,0,953,22,254,261,-7,collateral: position-group ripple
Billy Wilson,SD,962,0,0,22,0,0,984,22,246,255,-9,
Cillian Bourke,SD,347,-30,0,8,0,0,325,-22,468,491,-23,collateral: position-group ripple
Blake Hardwick,SD,670,1,0,24,-3,0,692,22,314,321,-7,collateral: position-group ripple
Chris Scerri,SF,385,13,0,9,0,0,407,22,442,432,10,collateral: position-group ripple
Aidan Johnson,KPF,69,20,0,2,0,0,91,22,704,680,24,collateral: position-group ripple
Taylor Goad,RUCK,1013,0,0,16,0,5,1034,21,236,246,-10,
Jordan Ridley,SD,883,0,0,21,0,0,904,21,265,269,-4,
Nic Newman,SD,792,2,0,18,1,0,813,21,283,286,-3,collateral: position-group ripple
Sean Darcy,RUCK,926,0,0,21,0,0,947,21,256,262,-6,
Jeremy Cameron,KPF,1000,-2,0,23,0,0,1021,21,240,250,-10,collateral: position-group ripple
Archer Reid,KPF,851,2,0,19,0,0,872,21,270,274,-4,collateral: position-group ripple
Noah Chamberlain,KPF,206,15,0,5,1,0,227,21,570,569,1,collateral: position-group ripple | year0 bar SF→KPF
Jack Ough,MID,703,5,-1,15,0,2,724,21,307,308,-1,collateral: position-group ripple
Keidean Coleman,SD,899,0,0,21,0,0,920,21,261,266,-5,
Josaia Delana,SF,400,11,0,10,0,0,421,21,432,423,9,collateral: position-group ripple
Isaac Keeler,KPF,296,0,15,6,0,0,317,21,509,494,15,
Tobie Travaglia,SD,708,3,0,17,0,0,728,20,304,305,-1,collateral: position-group ripple
Wil Powell,SD,936,2,0,23,-5,0,956,20,252,259,-7,collateral: position-group ripple | 2026 col-bar row MID→col SD
Joseph Fonti,SD,820,0,0,20,0,0,840,20,276,280,-4,
Bailey Williams,SD,771,2,0,18,0,0,791,20,289,291,-2,collateral: position-group ripple
Mitch Podhajski,KPF,29,19,0,1,0,0,49,20,771,727,44,collateral: position-group ripple
Will Setterfield,MID,786,0,0,18,2,0,806,20,286,289,-3,
Talor Byrne,SF,895,-1,0,21,0,0,915,20,262,267,-5,collateral: position-group ripple
River Stevens,SF,202,15,0,5,0,0,222,20,578,575,3,collateral: position-group ripple
Asher Eastham,SF,202,15,0,5,0,0,222,20,577,574,3,collateral: position-group ripple
Cooper Simpson,SD,271,0,-26,0,0,6,251,-20,528,552,-24,
Tom Anastasopoulos,SF,321,6,7,5,0,2,341,20,488,473,15,collateral: position-group ripple
Angus Sheldrick,MID,818,1,0,19,0,0,838,20,278,281,-3,collateral: position-group ripple
Elijah Hollands,SF,844,1,0,19,0,0,864,20,271,275,-4,collateral: position-group ripple
Luke Pedlar,SF,143,0,17,0,0,3,163,20,632,622,10,
Buku Khamis,KPF,197,0,0,4,16,0,217,20,582,583,-1,year0 bar KPD→KPF
Nick Bryan,RUCK,817,0,0,20,0,0,837,20,279,283,-4,
Paul Curtis,SF,1503,-16,0,35,0,0,1522,19,168,173,-5,collateral: position-group ripple
Toby Greene,SF,1021,-4,0,23,0,0,1040,19,233,244,-11,collateral: position-group ripple | 2026 col-bar row MID→col SF
Wil Dawson,KPD,624,-33,0,14,0,0,605,-19,327,345,-18,collateral: position-group ripple
Samuel Collins,KPD,795,-2,0,18,3,0,814,19,282,285,-3,collateral: position-group ripple
Matthew Kennedy,MID,752,-1,0,17,3,0,771,19,291,296,-5,collateral: position-group ripple
Lance Collard,SF,220,3,11,2,0,3,239,19,561,562,-1,collateral: position-group ripple
Miles Bergman,SD,830,0,0,19,0,0,849,19,275,278,-3,
Patrick Said,SF,186,0,14,0,0,5,205,19,595,592,3,
Jack Ison,MID,604,6,0,14,-1,0,623,19,334,340,-6,collateral: position-group ripple | year0 bar SF→MID
Tew Jiath,SD,260,0,-24,0,0,5,241,-19,539,559,-20,
Tom Hanily,SF,181,14,0,5,0,0,200,19,601,597,4,collateral: position-group ripple
Joe Richards,SF,1102,-6,0,24,0,0,1120,18,219,231,-12,collateral: position-group ripple
Kade Chandler,SF,1116,-8,0,26,0,0,1134,18,216,227,-11,collateral: position-group ripple
Angus Clarke,SD,789,0,0,18,0,0,807,18,284,288,-4,
Kai Lohmann,SF,787,0,0,18,0,0,805,18,285,290,-5,
Cody Anderson,SF,182,0,14,0,0,4,200,18,599,596,3,
Mitchell Lewis,KPF,682,2,0,16,0,0,700,18,311,317,-6,collateral: position-group ripple
Brodie Kemp,KPF,735,0,0,18,0,0,753,18,297,299,-2,
Rhys Unwin,SF,185,0,14,0,0,4,203,18,596,594,2,
Cooper Harvey,SF,645,2,0,16,0,0,663,18,322,327,-5,collateral: position-group ripple
Isaac Cumming,MID,62,0,0,1,-19,0,44,-18,709,737,-28,year0 bar SD→MID
Darcy Parish,MID,714,-1,0,17,1,0,731,17,303,304,-1,collateral: position-group ripple
Jack Buckley,KPD,723,0,0,17,0,0,740,17,300,302,-2,
Lucca Grego,SD,268,0,-23,0,0,6,251,-17,530,553,-23,
Brayden Maynard,SD,640,1,0,16,0,0,657,17,325,329,-4,collateral: position-group ripple
Oliver Francou,MID,548,4,0,13,0,0,565,17,362,359,3,collateral: position-group ripple
Luker Kentfield,KPF,395,8,0,9,0,0,412,17,436,427,9,collateral: position-group ripple
James O'Donnell,KPD,608,3,0,14,0,0,625,17,333,339,-6,collateral: position-group ripple
Campbell Lake,SF,203,13,0,4,0,0,220,17,575,577,-2,collateral: position-group ripple
Nick Larkey,KPF,661,2,0,15,0,0,678,17,319,325,-6,collateral: position-group ripple
Patrick Lipinski,SF,912,-5,0,21,0,0,928,16,259,264,-5,collateral: position-group ripple
Cooper Sharman,KPF,673,0,0,16,0,0,689,16,312,322,-10,
Lachlan Smith,RUCK,700,0,0,11,0,5,716,16,308,311,-3,
Lachlan Schultz,SF,834,-4,0,20,0,0,850,16,273,276,-3,collateral: position-group ripple
Zac Walker,KPD,280,-22,0,6,0,0,264,-16,520,539,-19,collateral: position-group ripple | year0 bar SD→KPD
Lachlan Cowan,SD,804,-2,0,18,0,0,820,16,281,284,-3,collateral: position-group ripple
Matthew Flynn,RUCK,673,0,0,16,0,0,689,16,313,323,-10,
Ollie Greeves,MID,647,1,0,15,0,0,663,16,321,328,-7,collateral: position-group ripple
Jayden Nguyen,SD,526,-27,0,11,0,0,510,-16,374,382,-8,collateral: position-group ripple
Thomas Burton,MID,437,7,0,10,-1,0,453,16,411,408,3,collateral: position-group ripple | year0 bar SF→MID
Malakai Champion,SF,402,7,0,9,0,0,418,16,431,426,5,collateral: position-group ripple
Tom Cochrane,SF,254,10,0,6,0,0,270,16,541,536,5,collateral: position-group ripple
Oscar Steene,KPF,544,0,0,14,2,0,560,16,365,365,0,year0 bar RUCK→KPF
Oscar Adams,KPD,80,14,0,2,0,0,96,16,693,672,21,EDITED: future_position: SD→KPD
Nathan O'Driscoll,MID,693,0,0,16,0,0,709,16,309,313,-4,
Xavier Taylor,SD,887,0,-6,12,0,9,902,15,264,270,-6,
Anthony Caminiti,KPF,1140,-10,0,25,0,0,1155,15,210,222,-12,collateral: position-group ripple
Jack Whitlock,KPF,1310,-16,0,31,0,0,1325,15,193,201,-8,collateral: position-group ripple
Ben Murphy,SD,301,-22,0,7,0,0,286,-15,501,516,-15,collateral: position-group ripple
Kobe McDonald,SD,301,-22,0,7,0,0,286,-15,503,517,-14,collateral: position-group ripple
Willem Drew,MID,721,-1,0,17,-1,0,736,15,301,303,-2,collateral: position-group ripple
Ricky Mentha,SF,161,11,0,4,0,0,176,15,623,615,8,collateral: position-group ripple
Benny Barrett,SF,161,11,0,4,0,0,176,15,621,613,8,collateral: position-group ripple
Lennox Hoffman,SD,299,-22,0,7,0,0,284,-15,507,521,-14,collateral: position-group ripple
Keighton Matofai-Forbes,SF,299,-22,0,7,0,0,284,-15,505,520,-15,collateral: position-group ripple | year0 bar SD→SF
Harry Charleson,SD,299,-22,0,7,0,0,284,-15,504,519,-15,collateral: position-group ripple
Nathan Wardius,SF,161,11,0,4,0,0,176,15,622,614,8,collateral: position-group ripple
Hudson O'Keeffe,KPF,286,9,0,6,0,0,301,15,517,503,14,collateral: position-group ripple | 2026 col-bar row RUCK→col KPF
Will McLachlan,SF,162,10,0,5,0,0,177,15,620,612,8,collateral: position-group ripple
Logan McDonald,KPF,706,-2,0,16,0,0,720,14,305,309,-4,collateral: position-group ripple
Charlie Edwards,SD,733,-1,-7,11,4,7,747,14,298,301,-3,collateral: position-group ripple | year0 bar MID→SD
Isaac Quaynor,SD,587,0,0,14,0,0,601,14,339,346,-7,
Caleb Lewis,KPF,205,10,0,4,0,0,219,14,571,579,-8,collateral: position-group ripple
Max Kondogiannis,SD,578,-26,0,12,0,0,564,-14,348,361,-13,collateral: position-group ripple
Indy Cotton,SF,301,-22,0,7,1,0,287,-14,502,513,-11,collateral: position-group ripple | year0 bar SD→SF
Adam Saad,SD,601,1,0,15,-2,0,615,14,336,341,-5,collateral: position-group ripple
Calsher Dear,KPF,1002,-9,0,23,0,0,1016,14,238,252,-14,collateral: position-group ripple
Scott Pendlebury,MID,470,0,0,12,2,0,484,14,396,397,-1,
Josh Lai,SD,535,2,0,12,0,0,549,14,372,368,4,collateral: position-group ripple | 2026 col-bar row MID→col SD
Billy Dowling,SF,191,3,6,2,0,3,205,14,591,591,0,collateral: position-group ripple
Rhett Bazzo,KPD,584,0,0,14,0,0,598,14,343,348,-5,
Max Ramsden,KPF,233,8,0,6,0,0,247,14,557,557,0,collateral: position-group ripple
Dylan Stephens,MID,491,2,0,12,0,0,505,14,385,383,2,collateral: position-group ripple
Harry Kyle,SD,1097,-13,0,26,0,0,1110,13,221,232,-11,collateral: position-group ripple
Will Green,RUCK,659,0,0,0,0,13,672,13,320,326,-6,
Jai Murray,MID,1330,-18,0,31,0,0,1343,13,190,200,-10,collateral: position-group ripple
Jack Dalton,MID,617,-7,8,10,0,2,630,13,329,336,-7,collateral: position-group ripple | year0 bar SF→MID
Joshua Kelly,MID,536,-1,0,12,2,0,549,13,371,369,2,collateral: position-group ripple
Tobyn Murray,SF,399,0,4,0,0,9,412,13,434,428,6,
Balyn O'Brien,SD,362,-21,0,8,0,0,349,-13,455,466,-11,collateral: position-group ripple
Jacob Molier,RUCK,489,0,0,0,0,13,502,13,387,386,1,
Fred Rodriguez,SF,416,0,0,10,3,0,429,13,419,418,1,year0 bar MID→SF
Nick Driscoll,SF,416,0,0,10,3,0,429,13,420,419,1,year0 bar MID→SF
Tom Brown,SD,577,0,0,13,0,0,590,13,350,350,0,
Liam Baker,SD,558,0,0,13,0,0,571,13,359,356,3,
James Borlase,KPD,551,0,0,13,0,0,564,13,360,360,0,
Harry Sharp,SF,62,11,0,2,0,0,75,13,708,701,7,EDITED: present_position: MID→SF
Jy Farrar,KPF,11,12,0,1,0,0,24,13,789,775,14,EDITED: present_position: SD→KPF
Shaun Mannagh,SF,704,-4,0,16,0,0,716,12,306,312,-6,collateral: position-group ripple
Tai Hayes,SF,262,0,6,0,0,6,274,12,537,527,10,
Jaxon Artemis,SD,370,-20,0,8,0,0,358,-12,452,461,-9,collateral: position-group ripple
Alex Dodson,KPF,487,0,0,0,0,12,499,12,388,389,-1,year0 bar RUCK→KPF
Will Darcy,KPF,479,0,1,0,0,11,491,12,392,395,-3,year0 bar KPD→KPF
Matthew Jefferson,KPF,487,0,0,12,0,0,499,12,389,390,-1,
Max Gruzewski,KPF,549,-1,0,13,0,0,561,12,361,364,-3,collateral: position-group ripple
Cameron Rayner,SF,870,-9,0,21,0,0,882,12,266,272,-6,collateral: position-group ripple
Francis Evans,SF,468,0,0,12,0,0,480,12,397,398,-1,
Will Lorenz,MID,427,2,0,8,0,2,439,12,414,414,0,collateral: position-group ripple
Josh Draper,KPD,525,0,0,12,0,0,537,12,375,374,1,
Alex Davies,MID,477,1,0,11,0,0,489,12,393,396,-3,collateral: position-group ripple
Liam McMahon,KPF,197,2,6,3,0,1,209,12,583,587,-4,collateral: position-group ripple
Sam Sturt,SF,53,0,10,0,0,2,65,12,720,711,9,
Koby Coulson,MID,422,0,2,0,0,9,433,11,415,416,-1,
Charlie Comben,KPD,1012,0,0,11,0,0,1023,11,237,249,-12,
Eamonn Armstrong,SD,196,-15,0,4,0,0,185,-11,585,607,-22,collateral: position-group ripple
Michael Sellwood,SD,197,6,0,5,0,0,208,11,584,588,-4,collateral: position-group ripple
Mitch Zadow,SF,86,8,0,3,0,0,97,11,685,670,15,collateral: position-group ripple
Riley Hamilton,SF,329,4,0,7,0,0,340,11,482,476,6,collateral: position-group ripple
Rob Monahan,SD,187,-16,0,5,0,0,176,-11,594,616,-22,collateral: position-group ripple
Marc Pittonet,RUCK,541,0,0,12,-1,0,552,11,368,366,2,
James Worpel,MID,490,0,0,11,0,0,501,11,386,387,-1,
Mitchell Hinge,SD,468,0,0,11,0,0,479,11,398,400,-2,
Jack Bowes,MID,105,0,8,0,0,3,116,11,657,647,10,
Josh Battle,KPD,2263,-4,0,6,8,0,2273,10,95,102,-7,collateral: position-group ripple
Sam Marshall,MID,866,-11,0,21,0,0,876,10,268,273,-5,collateral: position-group ripple
Max Beattie,SF,52,8,0,2,0,0,62,10,721,712,9,collateral: position-group ripple
Kye Fincher,SD,391,0,1,0,0,9,401,10,437,434,3,year0 bar MID→SD
Riley Onley,MID,416,0,0,10,0,0,426,10,421,421,0,
Jack Viney,MID,359,0,0,9,1,0,369,10,459,454,5,
Nick Murray,KPD,438,0,0,10,0,0,448,10,408,411,-3,
Oliver Wines,MID,381,0,0,10,0,0,391,10,446,442,4,
Sam Butler,SF,100,0,7,0,0,3,110,10,663,657,6,
Judson Clarke,SF,88,0,7,0,0,3,98,10,679,668,11,
Hayden McLean,KPF,377,0,0,10,0,0,387,10,448,445,3,
Heath Chapman,SD,483,0,0,10,0,0,493,10,391,393,-2,
Ryan Angwin,MID,493,-1,0,11,0,0,503,10,384,384,0,collateral: position-group ripple
Samson Ryan,RUCK,410,0,0,10,0,0,420,10,424,424,0,
Jacob Hopper,MID,120,0,7,0,0,3,130,10,642,638,4,
Jade Gresham,SF,49,0,9,0,0,1,59,10,723,713,10,
Blake Thredgold,KPD,562,0,-3,0,0,12,571,9,356,355,1,
Harry Barnett,RUCK,620,0,0,0,0,9,629,9,328,338,-10,
Toby Conway,RUCK,568,0,0,0,0,9,577,9,354,353,1,
Josh Gibcus,KPD,205,-14,0,5,0,0,196,-9,573,602,-29,collateral: position-group ripple
Matthew LeRay,MID,381,0,0,0,0,9,390,9,445,444,1,
Ashton Moir,SF,296,-4,6,5,0,2,305,9,508,501,7,collateral: position-group ripple
Liam Fawcett,KPF,517,-3,0,12,0,0,526,9,378,377,1,collateral: position-group ripple
Brennan Cox,KPD,376,0,0,9,0,0,385,9,450,447,3,
Mason Wood,SF,513,-4,0,13,0,0,522,9,380,380,0,collateral: position-group ripple
Jake Riccardi,KPF,387,0,0,9,0,0,396,9,440,436,4,
Brady Hough,SD,362,0,0,9,0,0,371,9,456,453,3,
Jeremy Howe,SD,358,1,0,9,-1,0,367,9,460,456,4,collateral: position-group ripple
Tom Atkins,MID,410,-1,0,9,1,0,419,9,425,425,0,collateral: position-group ripple
Mabior Chol,KPF,388,0,0,9,0,0,397,9,439,435,4,
Liam Duggan,SD,356,1,0,10,-2,0,365,9,462,457,5,collateral: position-group ripple
Judd McVee,SD,377,0,0,9,0,0,386,9,449,446,3,
Jaxon Prior,SD,381,0,0,9,0,0,390,9,444,443,1,
Callum Coleman-Jones,RUCK,39,0,8,0,0,1,48,9,745,729,16,year0 bar KPF→RUCK
Patrick Dangerfield,SF,82,0,7,0,0,2,91,9,690,683,7,EDITED: present_position: MID→SF
Jesse Mellor,SF,295,0,0,6,2,0,303,8,511,502,9,year0 bar MID→SF
Ben King,KPF,341,0,0,8,0,0,349,8,472,467,5,
Max Knobel,RUCK,508,0,0,0,0,8,516,8,382,381,1,
Angus Hastie,SD,331,0,0,8,0,0,339,8,479,477,2,
Milan Murdock,SF,345,0,0,8,0,0,353,8,470,465,5,
Leek Aleer,KPD,279,1,0,7,0,0,287,8,521,514,7,collateral: position-group ripple
Sam Clohesy,MID,262,1,0,7,0,0,270,8,535,535,0,collateral: position-group ripple
Zane Zakostelsky,KPD,467,-1,-1,7,0,3,475,8,399,402,-3,collateral: position-group ripple
Kye Annand,KPD,173,3,0,5,0,0,181,8,609,609,0,collateral: position-group ripple
Tom Doedee,SD,353,0,0,8,0,0,361,8,465,460,5,
Kaleb Smith,SD,130,0,-11,0,0,3,122,-8,637,643,-6,
Corey Warner,SF,74,0,6,0,0,2,82,8,700,692,8,
Jarrod Berry,MID,324,0,0,8,0,0,332,8,484,484,0,
Jesse Hogan,KPF,321,0,0,8,0,0,329,8,487,489,-2,
Mitchell Knevitt,MID,169,4,0,4,0,0,177,8,610,610,0,collateral: position-group ripple
Jack Williams,KPF,532,-5,0,13,0,0,540,8,373,373,0,collateral: position-group ripple
Zach Guthrie,SD,319,0,0,8,0,0,327,8,490,490,0,
Ned Reeves,RUCK,322,0,0,8,0,0,330,8,486,487,-1,
Liam Henry,SF,84,0,5,0,0,3,92,8,688,678,10,
Hunter Holmes,MID,577,0,-7,0,0,14,584,7,349,351,-2,
Riley Bice,SD,333,0,0,7,0,0,340,7,477,475,2,
Lewis Hayes,SD,372,0,-1,0,0,8,379,7,451,449,2,year0 bar KPD→SD
Archie May,KPF,471,-3,0,10,0,0,478,7,395,401,-6,collateral: position-group ripple
Ben Camporeale,MID,290,0,1,0,0,6,297,7,513,506,7,
Matt Hill,SD,116,5,0,3,-1,0,123,7,645,642,3,collateral: position-group ripple | year0 bar SF→SD
Archie Perkins,SF,302,0,0,7,0,0,309,7,500,500,0,
Cillian Burke,SD,98,-9,0,2,0,0,91,-7,665,681,-16,collateral: position-group ripple
Tom Gross,SF,637,-21,0,13,15,0,644,7,326,332,-6,collateral: position-group ripple | year0 bar MID→SF
Clay Hall,MID,347,0,0,5,0,2,354,7,469,463,6,
Lucas Camporeale,MID,250,0,0,0,0,7,257,7,544,543,1,
Brayden Fiorini,MID,278,0,0,7,0,0,285,7,522,518,4,
Tom Papley,SF,525,-6,0,13,0,0,532,7,376,376,0,collateral: position-group ripple
Edward Allan,MID,842,-13,0,20,0,0,849,7,272,277,-5,collateral: position-group ripple
Harvey Johnston,SD,250,1,0,6,0,0,257,7,543,542,1,collateral: position-group ripple
Steely Green,SF,168,3,0,4,0,0,175,7,612,617,-5,collateral: position-group ripple
Noah Long,SF,199,1,0,6,0,0,206,7,580,590,-10,collateral: position-group ripple
Charlie Cameron,SF,288,0,0,7,0,0,295,7,515,508,7,
Finnbar Maley,KPF,305,0,0,7,0,0,312,7,499,498,1,
Toby Murray,KPF,284,0,0,7,0,0,291,7,518,512,6,
Ben Ainsworth,SF,312,0,0,7,0,0,319,7,494,492,2,
Conor Nash,MID,341,0,0,7,0,0,348,7,473,468,5,
Blake Acres,MID,244,0,0,7,0,0,251,7,553,551,2,
Bailey Laurie,SF,69,0,5,0,0,2,76,7,705,700,5,
Eric Hipwood,KPF,44,0,6,0,0,1,51,7,734,726,8,
Ryan Byrnes,SD,89,5,0,2,0,0,96,7,677,673,4,EDITED: present_position: MID→SD
Jack Martin,SF,97,0,5,0,0,2,104,7,667,662,5,
Steele Sidebottom,MID,99,0,5,0,0,2,106,7,664,660,4,
Conor McKenna,SF,2,7,0,0,0,0,9,7,800,795,5,EDITED: present_position: SD→SF
Max King,KPF,332,0,0,6,0,0,338,6,478,479,-1,
Sam Allen,SF,687,0,-11,0,0,17,693,6,310,320,-10,year0 bar MID→SF
Tyan Prindable,MID,601,0,-8,0,0,14,607,6,337,344,-7,
Harrison Ramm,KPD,388,-2,0,8,0,0,394,6,438,438,0,collateral: position-group ripple
Cooper Bell,KPF,323,0,-2,0,0,8,329,6,485,488,-3,year0 bar KPD→KPF
Luke Urquhart,MID,245,0,0,0,0,6,251,6,552,554,-2,
Tylar Young,KPD,313,0,0,6,0,0,319,6,493,493,0,
Isaiah Dudley,SF,113,4,0,2,0,0,119,6,647,646,1,collateral: position-group ripple
Jack Watkins,SF,3,0,0,0,6,0,9,6,799,796,3,year0 bar MID→SF | 2026 col-bar row MID→col SF
Toby McMullin,MID,149,3,0,4,-1,0,155,6,631,629,2,collateral: position-group ripple | year0 bar SF→MID
Zac Banch,SF,42,5,0,1,0,0,48,6,741,731,10,collateral: position-group ripple
Campbell Chesser,MID,351,-1,0,7,0,0,357,6,466,462,4,collateral: position-group ripple
Alex Neal-Bullen,SF,420,-4,0,10,0,0,426,6,416,420,-4,collateral: position-group ripple
Blake Howes,SD,334,-1,0,7,0,0,340,6,476,474,2,collateral: position-group ripple
Bailey Macdonald,SD,179,2,0,4,0,0,185,6,603,606,-3,collateral: position-group ripple
Will Edwards,KPD,273,0,0,6,0,0,279,6,526,525,1,
Sam Powell-Pepper,SF,272,0,0,6,0,0,278,6,527,526,1,
Bayley Fritsch,SF,246,0,0,6,0,0,252,6,550,550,0,
Josh Goater,SD,102,0,-8,0,0,2,96,-6,659,671,-12,
Toby Bedford,SF,266,0,0,6,0,0,272,6,533,531,2,
Robert Hansen,SF,121,3,0,3,0,0,127,6,640,640,0,collateral: position-group ripple
Tyson Stengle,SF,249,0,0,6,0,0,255,6,545,549,-4,
Harvey Harrison,SF,61,0,5,0,0,1,67,6,710,710,0,
Cody Weightman,SF,213,1,0,5,0,0,219,6,567,580,-13,collateral: position-group ripple
Callum Ah Chee,SF,86,0,4,0,0,2,92,6,683,677,6,
Oskar Taylor,SD,754,0,-13,0,0,18,759,5,290,298,-8,
Harry O'Farrell,KPD,937,-26,0,21,0,0,932,-5,251,263,-12,collateral: position-group ripple
Joel Cochran,SD,328,0,-3,0,0,8,333,5,483,481,2,year0 bar KPD→SD
Max Michalanney,SD,568,-8,0,13,0,0,573,5,353,354,-1,collateral: position-group ripple
Patrick Snell,KPF,246,0,-1,0,0,6,251,5,551,555,-4,year0 bar KPD→KPF
Jaren Carr,SF,213,0,0,0,0,5,218,5,568,582,-14,
Matt Duffy,KPD,165,-12,0,3,4,0,160,-5,614,626,-12,collateral: position-group ripple | year0 bar SD→KPD
Hugo Hall-Kahan,SD,229,-1,0,6,0,0,234,5,559,568,-9,collateral: position-group ripple | 2026 col-bar row MID→col SD
George Stevens,MID,405,-5,0,7,0,3,410,5,429,430,-1,collateral: position-group ripple
Campbell Gray,KPD,266,-2,0,7,0,0,271,5,532,533,-1,collateral: position-group ripple | 2026 col-bar row RUCK→col KPD
Bodie Ryan,SD,337,1,-4,7,0,1,342,5,475,472,3,collateral: position-group ripple
Oliver Hayes-Brown,RUCK,274,0,0,5,0,0,279,5,525,524,1,
Ben Keays,SF,444,-5,0,10,0,0,449,5,407,410,-3,collateral: position-group ripple
Henry Hustwaite,MID,274,0,-1,2,0,4,279,5,524,523,1,
Darcy Moore,KPD,232,0,0,5,0,0,237,5,558,564,-6,
Sandy Brock,KPD,262,0,0,5,0,0,267,5,536,537,-1,
Shadeau Brain,SD,115,-7,0,2,0,0,110,-5,646,658,-12,collateral: position-group ripple
Daniel McStay,KPF,234,0,0,5,0,0,239,5,556,561,-5,
Taylor Walker,KPF,214,1,0,4,0,0,219,5,566,581,-15,collateral: position-group ripple
Will Hayward,SF,219,0,0,5,0,0,224,5,563,573,-10,
Tim Membrey,KPF,207,0,0,5,0,0,212,5,569,584,-15,
Jarrod Witts,RUCK,219,0,0,4,1,0,224,5,562,572,-10,
Beau McCreery,SF,194,0,0,5,0,0,199,5,588,598,-10,
Jack Payne,KPD,168,0,0,5,0,0,173,5,611,618,-7,
Jackson Archer,SD,80,0,-7,0,0,2,75,-5,692,702,-10,
Jai Culley,MID,240,0,0,5,0,0,245,5,554,558,-4,
Zac Fisher,SF,180,0,0,5,0,0,185,5,602,608,-6,
Rhylee West,SF,216,0,0,5,0,0,221,5,565,576,-11,
Xavier Duursma,MID,203,0,0,5,0,0,208,5,576,589,-13,
Tom Lynch,KPF,48,0,3,0,0,2,53,5,727,724,3,
Joel Hamling,KPD,38,-9,4,0,0,0,33,-5,748,758,-10,EDITED: present_position: KPD→KPF; future_position: KPD→KPF | year0 bar KPF→KPD
Jake Melksham,KPF,48,0,4,0,0,1,53,5,725,723,2,EDITED: present_position: SF→KPF
Harley Barker,MID,745,0,-14,0,0,18,749,4,293,300,-7,
James Barrat,KPF,387,0,-4,0,0,8,391,4,441,440,1,year0 bar KPD→KPF
Ollie Murphy,KPD,288,0,-3,0,0,7,292,4,516,511,5,
Harrison Coe,RUCK,163,0,0,4,0,0,167,4,618,620,-2,
Luke Lloyd,KPF,283,0,-3,0,0,7,287,4,519,515,4,EDITED: present_position: KPF→KPD | year0 bar KPD→KPF
Hugh Davies,KPD,310,0,-3,0,0,7,314,4,495,497,-2,
Sam Davidson,SF,78,0,2,0,0,2,82,4,696,693,3,2026 col-bar row MID→col SF
Riak Andrew,KPD,296,0,-2,0,0,6,300,4,510,504,6,
Billy Cootee,MID,101,0,2,0,0,2,105,4,660,661,-1,
Jed Adams,KPD,267,0,-3,0,0,7,271,4,531,534,-3,
Reece Torrent,MID,198,0,0,0,0,4,202,4,581,595,-14,
Will Lewis,KPF,12,3,0,1,0,0,16,4,788,785,3,collateral: position-group ripple
Harvey Gallagher,SD,138,0,0,0,0,4,142,4,634,634,0,EDITED: present_position: SF→SD
James Trezise,SD,163,0,0,4,0,0,167,4,619,621,-2,
Harrison Jones,KPF,205,-1,0,5,0,0,209,4,572,586,-14,collateral: position-group ripple
Jayden Laverde,KPD,294,0,0,4,0,0,298,4,512,505,7,
Hugh Bond,SD,194,-1,0,5,0,0,198,4,590,599,-9,collateral: position-group ripple
Paddy Dow,MID,165,0,0,0,0,4,169,4,615,619,-4,
Jack Darling,KPF,199,0,0,4,0,0,203,4,579,593,-14,
Lachlan Jones,SD,152,0,0,4,0,0,156,4,628,628,0,
Tom McDonald,KPD,182,0,0,4,0,0,186,4,600,605,-5,
Jake Stringer,SF,138,0,0,4,0,0,142,4,635,635,0,
Jack Carroll,SD,96,2,0,2,0,0,100,4,668,667,1,EDITED: present_position: MID→SD | 2026 col-bar row MID→col SD
Maurice Rioli,SF,42,0,3,0,0,1,46,4,740,734,6,
Griffin Logue,KPD,126,0,0,4,0,0,130,4,639,637,2,
Tyler Brockman,SF,76,3,0,1,0,0,80,4,699,697,2,collateral: position-group ripple
Jack Scrimshaw,SD,154,0,0,4,0,0,158,4,627,627,0,
Finn Maginness,SF,34,0,3,0,0,1,38,4,758,750,8,EDITED: present_position: MID→SF
Harry Edwards,KPD,157,0,0,4,0,0,161,4,626,624,2,
Jackson Mead,MID,36,0,3,0,0,1,40,4,751,743,8,EDITED: present_position: MID→SF | year0 bar SF→MID
Charlie Spargo,SF,34,0,3,0,0,1,38,4,757,749,8,
Lachlan Sholl,MID,216,0,0,4,0,0,220,4,564,578,-14,
Elijah Hewett,MID,779,-15,0,18,0,0,782,3,288,293,-5,collateral: position-group ripple
Riley Hardeman,SD,320,0,-10,5,0,2,317,-3,489,495,-6,
Harry DeMattia,MID,476,0,-8,0,0,11,479,3,394,399,-5,
Josh Sinn,SD,183,-1,0,4,0,0,186,3,597,604,-7,collateral: position-group ripple
Zac Taylor,SF,258,-3,0,6,0,0,261,3,540,541,-1,collateral: position-group ripple
Oliver Wiltshire,SF,98,0,1,0,0,2,101,3,666,666,0,
Luke Nankervis,MID,457,0,0,11,-8,0,460,3,402,406,-4,year0 bar SD→MID | 2026 col-bar row SD→col MID
Nikolas Cox,MID,174,4,0,3,-4,0,177,3,607,611,-4,EDITED: present_position: MID→KPF | year0 bar KPF→MID
James Tunstill,MID,108,0,0,3,0,0,111,3,656,653,3,
Esava Ratugolea,KPD,117,0,0,3,0,0,120,3,644,645,-1,
Cameron Zurhaar,SF,159,0,0,3,0,0,162,3,624,623,1,
Jack Higgins,SF,132,0,0,3,0,0,135,3,636,636,0,
Oscar Allen,KPF,158,0,0,3,0,0,161,3,625,625,0,
Jackson Macrae,MID,140,0,0,3,0,0,143,3,633,633,0,
Michael Frederick,SF,111,0,0,3,0,0,114,3,651,652,-1,
Lachlan Bramble,SF,94,0,0,3,0,0,97,3,670,669,1,
Harry Perryman,SD,120,0,0,3,0,0,123,3,641,641,0,
Tom Barrass,KPD,113,0,0,3,0,0,116,3,650,650,0,
Ollie Lord,KPF,151,0,0,3,0,0,154,3,630,630,0,
Riley Garcia,SF,113,0,0,3,0,0,116,3,648,649,-1,
Brandon Zerk-Thatcher,KPD,86,0,0,3,0,0,89,3,682,685,-3,
Jamie Cripps,SF,36,0,2,0,0,1,39,3,753,748,5,
James Leake,SF,544,-19,0,12,9,0,546,2,364,370,-6,collateral: position-group ripple | year0 bar SD→SF
Joel Fitzgerald,MID,78,0,0,2,0,0,80,2,695,696,-1,
Bruce Reville,MID,72,0,0,2,0,0,74,2,701,703,-2,
Harry Rowston,MID,642,-12,0,14,0,0,644,2,323,331,-8,collateral: position-group ripple
Luke Kennedy,MID,523,-9,0,11,0,0,525,2,377,378,-1,collateral: position-group ripple
Ewan Mackinlay,SF,45,1,0,1,0,0,47,2,732,733,-1,collateral: position-group ripple
Tom Edwards,KPF,89,0,0,2,0,0,91,2,678,684,-6,
Jack Hutchinson,MID,37,0,0,2,0,0,39,2,749,747,2,
Jack Buller,KPF,91,0,0,2,0,0,93,2,674,676,-2,
Wade Derksen,KPD,84,0,0,2,0,0,86,2,689,690,-1,
Charlie Ballard,KPD,84,0,0,2,0,0,86,2,687,688,-1,
Brandon Walker,SD,91,0,0,2,0,0,93,2,673,675,-2,
Nick Vlastuin,SD,109,0,0,2,0,0,111,2,655,654,1,
Nick Haynes,SD,101,0,0,2,0,0,103,2,662,663,-1,
Dougal Howard,KPD,87,0,0,2,0,0,89,2,681,686,-5,
Lachlan Fogarty,SF,71,0,0,2,0,0,73,2,702,704,-2,
Todd Marshall,KPF,113,0,0,2,0,0,115,2,649,651,-2,
Elliott Himmelberg,KPF,89,0,0,2,0,0,91,2,676,682,-6,
Harry Morrison,MID,53,0,0,2,0,0,55,2,719,719,0,
Caleb Graham,KPD,70,0,0,2,0,0,72,2,703,705,-2,
Matt Guelfi,SF,17,1,0,1,0,0,19,2,785,781,4,collateral: position-group ripple
Nicholas Holman,SF,25,0,2,0,0,0,27,2,774,768,6,
Daniel Butler,SF,19,2,0,0,0,0,21,2,781,777,4,collateral: position-group ripple
Jed Bews,SD,36,-3,0,1,0,0,34,-2,754,755,-1,collateral: position-group ripple
Lachlan Blakiston,KPD,19,0,0,1,0,0,20,1,782,779,3,2026 col-bar row RUCK→col KPD
Cody Angove,SF,562,0,-12,0,0,13,563,1,357,362,-5,year0 bar MID→SF
Charlie West,KPF,613,-25,10,12,0,2,612,-1,332,342,-10,collateral: position-group ripple
Oscar Berry,KPD,93,-3,0,2,0,0,92,-1,671,679,-8,collateral: position-group ripple
Xavier Walsh,KPF,262,-5,0,5,1,0,263,1,538,540,-2,collateral: position-group ripple | year0 bar KPD→KPF
Luke Beecken,MID,20,0,0,1,0,0,21,1,779,778,1,
Jamarra Ugle-Hagan,KPF,354,-10,0,9,0,0,353,-1,463,464,-1,collateral: position-group ripple
Paddy Cross,SF,35,1,0,0,0,0,36,1,756,754,2,collateral: position-group ripple
Liam Puncher,KPD,101,-2,0,3,0,0,102,1,661,664,-3,collateral: position-group ripple
Jesse Motlop,SF,109,-2,0,3,0,0,110,1,654,656,-2,collateral: position-group ripple
Flynn Young,SF,10,1,0,0,0,0,11,1,793,789,4,collateral: position-group ripple
Jack Henderson,SF,6,0,0,1,0,0,7,1,797,797,0,
Liam O'Connell,SD,41,0,0,1,0,0,42,1,742,741,1,
Mykelti Lefau,KPF,37,0,0,1,0,0,38,1,750,752,-2,
Arthur Jones,SF,128,-2,0,3,0,0,129,1,638,639,-1,collateral: position-group ripple
Luke Cleary,SD,77,0,-1,0,0,2,78,1,698,698,0,
Nicholas Coffield,SD,54,0,-1,0,0,2,55,1,718,721,-3,
Andy Moniz-Wakefield,SD,45,-1,0,0,0,0,44,-1,731,736,-5,EDITED: present_position: SF→SD
Corey Durdin,SF,67,0,0,1,0,0,68,1,706,707,-1,
Reef McInnes,KPD,80,0,-1,0,0,2,81,1,694,695,-1,
Jacob Wehr,SD,24,0,0,0,0,1,25,1,775,772,3,
Lachlan McNeil,SF,25,0,0,1,0,0,26,1,773,771,2,
Darcy Fort,RUCK,54,0,0,1,0,0,55,1,716,718,-2,
Lewis Melican,KPD,58,0,0,1,0,0,59,1,712,714,-2,
Corey Wagner,SD,42,0,0,1,0,0,43,1,738,740,-2,
Oscar McDonald,KPD,43,0,0,1,0,0,44,1,736,738,-2,
Jamie Elliott,SF,32,0,1,0,0,0,33,1,762,757,5,
Brody Mihocek,KPF,10,0,0,1,0,0,11,1,791,788,3,
Bradley Close,SF,38,0,0,1,0,0,39,1,746,746,0,
Sam Switkowski,SF,24,0,0,1,0,0,25,1,777,774,3,
Luke McDonald,SD,54,0,-1,0,0,2,55,1,717,720,-3,
Lincoln McCarthy,SF,24,0,0,1,0,0,25,1,776,773,3,
Aidan Corr,KPD,51,0,0,0,0,1,52,1,722,725,-3,
Changkuoth Jiath,SD,30,0,0,1,0,0,31,1,768,765,3,
Callum M. Brown,SF,66,0,0,1,0,0,67,1,707,709,-2,
Toby Pink,KPD,16,0,0,1,0,0,17,1,786,784,2,
Darcy Gardiner,KPD,47,0,0,0,0,1,48,1,728,730,-2,
Bobby Hill,SF,46,0,0,1,0,0,47,1,730,732,-2,
Ben Long,SF,32,0,1,0,0,0,33,1,761,756,5,
Bailey Scott,MID,30,0,0,0,0,1,31,1,767,764,3,
Malcolm Rosas,SF,31,0,0,1,0,0,32,1,765,762,3,
Noah Answerth,SD,31,0,0,0,0,1,32,1,766,763,3,
Liam Ryan,SF,30,0,0,0,0,1,31,1,769,766,3,
Darragh Joyce,KPD,12,0,0,1,0,0,13,1,787,787,0,
Hugo Ralphsmith,MID,44,0,0,1,0,0,45,1,735,735,0,
Liam Stocker,SD,42,0,-2,0,0,1,41,-1,739,742,-3,
Laitham Vandermeer,SF,32,0,1,0,0,0,33,1,763,759,4,
Oskar Baker,SF,32,0,0,0,0,1,33,1,764,760,4,year0 bar MID→SF | 2026 col-bar row SD→col SF
Brandon Starcevich,SD,44,0,-2,0,0,1,43,-1,733,739,-6,
Dylan Patterson,SD,1137,-24,-1,21,0,4,1137,0,211,225,-14,collateral: position-group ripple
Lukas Cooke,KPD,151,-4,0,4,0,0,151,0,629,631,-2,collateral: position-group ripple
Zak Evans,MID,4,0,0,0,0,0,4,0,798,799,-1,
Tom Blamires,SD,95,-2,0,2,0,0,95,0,669,674,-5,collateral: position-group ripple
Flynn Perez,SD,10,0,0,0,0,0,10,0,792,791,1,
Roan Steele,MID,22,-1,0,1,0,0,22,0,778,776,2,collateral: position-group ripple
Ben Jepson,MID,10,0,0,0,0,0,10,0,790,790,0,
Mani Liddy,MID,30,0,0,0,0,0,30,0,770,767,3,
Wil Parker,SD,27,0,0,0,0,0,27,0,772,770,2,
Saad El-Hawli,SD,19,0,0,0,0,0,19,0,783,782,1,
Lachie Sullivan,SF,1,0,0,0,0,0,1,0,803,803,0,
Oisin Mullin,SD,10,0,0,0,0,0,10,0,795,794,1,
James Blanck,KPD,36,0,0,0,0,0,36,0,752,753,-1,
Conor Stone,SD,87,0,-1,0,0,1,87,0,680,687,-7,EDITED: present_position: SF→SD
Finlay Macrae,SF,110,0,-3,0,0,3,110,0,653,655,-2,year0 bar MID→SF
Rhyan Mansell,SF,86,0,0,0,0,0,86,0,686,689,-3,
Jordan Boyd,SD,7,0,0,0,0,0,7,0,796,798,-2,
Lachlan Weller,MID,81,0,-2,0,0,2,81,0,691,694,-3,
Joel Amartey,KPF,57,-2,0,2,0,0,57,0,714,716,-2,collateral: position-group ripple
Hunter Clark,MID,57,0,-1,0,0,1,57,0,713,715,-2,year0 bar SD→MID
Jordon Butts,KPD,17,0,0,0,0,0,17,0,784,783,1,
Mark O'Connor,SD,20,0,0,0,0,0,20,0,780,780,0,2026 col-bar row MID→col SD
Jaeger O'Meara,MID,196,0,-5,0,0,5,196,0,586,601,-15,
Ben McKay,KPD,48,0,0,0,0,0,48,0,724,728,-4,
Rhys Stanley,RUCK,40,0,0,0,0,0,40,0,743,744,-1,
Nathan Broad,SD,10,0,0,0,0,0,10,0,794,793,1,
Ryan Gardner,KPD,33,0,0,0,0,0,33,0,759,761,-2,
Jake Kolodjashnij,KPD,38,0,-1,0,0,1,38,0,747,751,-4,
Alex Pearce,KPD,39,0,0,0,0,0,39,0,744,745,-1,
Harry Schoenberg,SF,56,0,-1,0,1,0,56,0,715,717,-2,year0 bar MID→SF | 2026 col-bar row MID→col SF
Jeremy Sharp,MID,77,-1,0,1,0,0,77,0,697,699,-2,collateral: position-group ripple
Matt Owies,SF,1,0,0,0,0,0,1,0,804,804,0,
Mason Cox,KPF,2,0,0,0,0,0,2,0,801,801,0,
Harry Cunningham,SD,1,0,0,0,0,0,1,0,802,802,0,
