player,pos_before,pos_after,v_baseline,v_after_stageA,v_final,delta_total,delta_stageA,stageA_your_edit_effect,stageA_rebake_effect,your_edit,stageA_cause,delta_stageB,stageB_levers,rank_before,rank_final,rank_move
Touk Miller,MID,SF,1462,2316,2370,908,854,854,0,present_position: MID→SF; future_position: MID→SF,the 62 edits (own row),54,2026 col-bar row MID→col SF,173,96,77
Ed Langdon,MID,SF,404,567,1080,676,163,163,0,present_position: MID→SD,the 62 edits (own row),513,year0 bar SD→SF,430,235,195
Christian Petracca,MID,SF,2044,2080,2702,658,36,36,0,p_dual_stream: 50.0→70,the 62 edits (own row),622,year0 bar MID→SF,113,74,39
Jordan De Goey,MID,SF,1087,1684,1722,635,597,597,0,present_position: MID→SF,the 62 edits (own row),38,played-axis/other,223,155,68
Tim Kelly,MID,SF,820,819,1377,557,-1,-1,0,,the 62 edits (gfut cohort),558,year0 bar MID→SF,277,195,82
Bradley Hill,MID,SF,830,1340,1371,541,510,510,0,present_position: MID→SF,the 62 edits (own row),31,played-axis/other,274,196,78
Adam Treloar,MID,SF,615,1122,1149,534,507,507,0,present_position: MID→SF; future_position: MID→SF,the 62 edits (own row),27,played-axis/other,331,224,107
Sam Draper,RUCK,KPF,811,811,1307,496,0,0,0,,,496,year0 bar RUCK→KPF,280,203,77
Rowan Marshall,RUCK,KPF,1813,1813,2291,478,0,0,0,,,478,year0 bar RUCK→KPF; 2026 col-bar row RUCK→col KPF,139,99,40
Ryan Lester,KPD,SD,544,104,106,-438,-440,-440,0,present_position: KPD→SD; future_position: KPD→SD,the 62 edits (own row),2,played-axis/other,366,659,-293
Bailey J. Williams,RUCK,KPF,2057,2057,2493,436,0,0,0,,,436,year0 bar RUCK→KPF,112,86,26
Darcy Byrne-Jones,SD,SF,413,413,846,433,0,0,0,,,433,year0 bar SD→SF,422,279,143
Peter Ladhams,RUCK,KPF,276,276,706,430,0,0,0,,,430,year0 bar RUCK→KPF,523,314,209
Kyle Langford,SF,KPF,299,524,727,428,225,225,0,present_position: SF→KPF,the 62 edits (own row),203,2026 col-bar row MID→col KPF,506,307,199
Harry Sheezel,MID,SF,9653,9647,10079,426,-6,-6,0,,the 62 edits (gfut cohort),432,year0 bar MID→SF,1,1,0
James Rowbottom,MID,SF,998,998,1420,422,0,0,0,,,422,year0 bar MID→SF,241,189,52
Jy Simpkin,MID,SF,982,981,1389,407,-1,-1,0,,the 62 edits (gfut cohort),408,year0 bar MID→SF,244,194,50
Jake Lever,KPD,SD,737,735,339,-398,-2,-2,0,,the 62 edits (gfut cohort),-396,year0 bar KPD→SD,296,478,-182
Tom Sparrow,MID,SF,1394,1392,1790,396,-2,-2,0,,the 62 edits (gfut cohort),398,year0 bar MID→SF; 2026 col-bar row MID→col SF,185,148,37
Joe Berry,SF,SF,1014,1365,1397,383,351,351,0,,the 62 edits (gfut cohort),32,played-axis/other,234,192,42
Jack Ross,MID,SF,2230,2228,2602,372,-2,-2,0,,the 62 edits (gfut cohort),374,year0 bar MID→SF,96,80,16
Justin McInerney,MID,SF,1931,1930,2284,353,-1,-1,0,,the 62 edits (gfut cohort),354,year0 bar MID→SF,126,100,26
Jack Graham,MID,SF,378,378,727,349,0,0,0,,,349,year0 bar MID→SF,447,306,141
Zachary Williams,SD,SF,183,511,524,341,328,328,0,present_position: SD→SF; future_position: SD→SF,the 62 edits (own row),13,played-axis/other,598,379,219
Dion Prestia,MID,SF,173,173,502,329,0,0,0,,,329,year0 bar MID→SF; 2026 col-bar row MID→col SF,608,385,223
Oliver Hollands,MID,SD,1491,1755,1815,324,264,264,0,future_position: SD→MID,the 62 edits (own row),60,year0 bar MID→SD,169,145,24
Jason Horne-Francis,MID,SF,5250,5246,5554,304,-4,-4,0,,the 62 edits (gfut cohort),308,year0 bar MID→SF; 2026 col-bar row MID→col SF,14,13,1
Jack Lukosius,KPF,KPF,935,376,635,-300,-559,-559,0,present_position: KPF→SF; future_position: KPF→SF,the 62 edits (own row),259,year0 bar SF→KPF,253,334,-81
Isaac Kako,SF,SF,1167,1430,1462,295,263,263,0,,the 62 edits (gfut cohort),32,played-axis/other,203,184,19
Jagga Smith,MID,SF,4284,4283,4573,289,-1,-1,0,,the 62 edits (gfut cohort),290,year0 bar MID→SF,22,20,2
Max Hall,SF,SF,2823,2484,2542,-281,-339,-339,0,future_position: MID→SF,the 62 edits (own row),58,played-axis/other,68,84,-16
Sam Durham,MID,SF,2439,2437,2710,271,-2,-2,0,,the 62 edits (gfut cohort),273,year0 bar MID→SF; 2026 col-bar row MID→col SF,84,73,11
Chad Warner,MID,SF,3355,3352,3624,269,-3,-3,0,,the 62 edits (gfut cohort),272,year0 bar MID→SF; 2026 col-bar row MID→col SF,50,47,3
Archie Roberts,SD,SD,4941,4565,4675,-266,-376,-376,0,future_position: MID→SD,the 62 edits (own row),110,played-axis/other,16,19,-3
Ned Long,MID,SF,1266,1266,1524,258,0,0,0,,,258,year0 bar MID→SF,196,172,24
Jake Soligo,MID,SF,1908,1908,2164,256,0,0,0,,,256,year0 bar MID→SF,130,116,14
Ryley Sanders,MID,SF,3432,3433,3686,254,1,1,0,,the 62 edits (gfut cohort),253,year0 bar MID→SF,48,44,4
Caleb May,RUCK,RUCK,586,586,332,-254,0,0,0,,,-254,curve+pool,340,483,-143
Max Mapley,RUCK,RUCK,586,586,332,-254,0,0,0,,,-254,curve+pool,341,485,-144
Patrick Carr,RUCK,RUCK,586,586,332,-254,0,0,0,,,-254,curve+pool,342,486,-144
Tom Powell,MID,SF,2015,2011,2262,247,-4,-4,0,,the 62 edits (gfut cohort),251,year0 bar MID→SF; 2026 col-bar row MID→col SF,118,105,13
Nasiah Wanganeen-Milera,MID,SD,8134,8129,8375,241,-5,-5,0,,the 62 edits (gfut cohort),246,year0 bar MID→SD; 2026 col-bar row MID→col SD,4,4,0
Dan Houston,SD,SD,1116,1118,1357,241,2,2,0,,the 62 edits (gfut cohort),239,played-axis/other,215,198,17
Alex Van Wyk,RUCK,RUCK,570,570,332,-238,0,0,0,,,-238,played-axis/other; curve+pool,352,482,-130
Sam Lalor,MID,SF,3867,3866,4102,235,-1,-1,0,,the 62 edits (gfut cohort),236,year0 bar MID→SF; 2026 col-bar row MID→col SF,35,27,8
Connor Budarick,SD,SF,178,178,409,231,0,0,0,,,231,year0 bar SD→SF,604,431,173
Elliot Yeo,MID,SF,86,86,316,230,0,0,0,,,230,year0 bar MID→SF; 2026 col-bar row MID→col SF,684,496,188
Brayden Cook,MID,SF,901,901,1128,227,0,0,0,,,227,year0 bar MID→SF,260,228,32
Nick Daicos,MID,MID,8988,8982,9214,226,-6,-6,0,,the 62 edits (gfut cohort),232,played-axis/other,2,2,0
Joel Freijah,MID,SF,2665,2665,2891,226,0,0,0,,,226,year0 bar MID→SF,72,68,4
Lachie Whitfield,MID,SD,2015,2178,2232,217,163,163,0,present_position: MID→SD,the 62 edits (own row),54,played-axis/other,117,107,10
Harrison Himmelberg,SD,SD,560,561,344,-216,1,1,0,,the 62 edits (gfut cohort),-217,played-axis/other,358,471,-113
Jai Serong,SD,KPD,891,891,1107,216,0,0,0,,,216,year0 bar SD→KPD; 2026 col-bar row MID→col KPD,263,233,30
Luke Jackson,RUCK,RUCK,8521,8521,8735,214,0,0,0,,,214,played-axis/other,3,3,0
Sullivan Robey,MID,SF,2908,2984,3122,214,76,76,0,,the 62 edits (gfut cohort),138,year0 bar MID→SF,65,61,4
Flynn Riley,RUCK,RUCK,578,578,364,-214,0,0,0,,,-214,played-axis/other; curve+pool,347,458,-111
Caleb Windsor,MID,SD,1559,1719,1765,206,160,160,0,,the 62 edits (gfut cohort),46,year0 bar MID→SD; 2026 col-bar row MID→col SD,163,151,12
Lachy Dovaston,SF,SF,859,1038,1061,202,179,179,0,,the 62 edits (gfut cohort),23,played-axis/other,269,239,30
Aiden Riddle,RUCK,RUCK,449,449,255,-194,0,0,0,,,-194,curve+pool,403,544,-141
Joe Pike,RUCK,RUCK,449,449,255,-194,0,0,0,,,-194,curve+pool,405,546,-141
Logan Smith,RUCK,RUCK,445,445,255,-190,0,0,0,,,-190,played-axis/other; curve+pool,406,547,-141
Luke Parker,MID,SD,1485,1631,1670,185,146,146,0,present_position: MID→SD,the 62 edits (own row),39,2026 col-bar row MID→col SD,171,159,12
Max Holmes,MID,MID,7268,7263,7452,184,-5,-5,0,,the 62 edits (gfut cohort),189,2026 col-bar row SD→col MID,5,5,0
Tristan Xerri,RUCK,RUCK,7231,7231,7414,183,0,0,0,,,183,played-axis/other,6,6,0
Jaime Uhr-Henry,RUCK,RUCK,437,437,255,-182,0,0,0,,,-182,played-axis/other; curve+pool,409,545,-136
Liam Reidy,RUCK,KPF,361,361,543,182,0,0,0,,,182,year0 bar RUCK→KPF; curve+pool,458,371,87
Vigo Visentini,RUCK,RUCK,417,417,237,-180,0,0,0,,,-180,curve+pool,418,566,-148
Mattaes Phillipou,MID,SF,2290,2300,2462,172,10,10,0,,the 62 edits (gfut cohort),162,year0 bar MID→SF; 2026 col-bar row MID→col SF,94,91,3
Iliro Smit,RUCK,RUCK,399,399,237,-162,0,0,0,,,-162,played-axis/other; curve+pool,433,565,-132
Zak Butters,MID,MID,6313,6309,6473,160,-4,-4,0,,the 62 edits (gfut cohort),164,played-axis/other,7,7,0
Will Ashcroft,MID,MID,6223,6218,6380,157,-5,-5,0,,the 62 edits (gfut cohort),162,played-axis/other,8,8,0
Daniel Curtin,MID,MID,2452,2550,2609,157,98,98,0,,the 62 edits (gfut cohort),59,played-axis/other,83,79,4
Mitch McGovern,KPF,SF,238,29,85,-153,-209,-210,1,present_position: KPF→SD,the 62 edits (own row),56,year0 bar SD→SF; 2026 col-bar row KPF→col SF,555,691,-136
Bailey Smith,MID,MID,5941,5937,6092,151,-4,-4,0,,the 62 edits (gfut cohort),155,played-axis/other,10,10,0
Lachlan Ash,SD,SD,5534,5544,5682,148,10,10,0,,the 62 edits (gfut cohort),138,played-axis/other,11,11,0
Jhye Clark,MID,SF,782,858,925,143,76,76,0,,the 62 edits (gfut cohort),67,year0 bar MID→SF; 2026 col-bar row MID→col SF,287,265,22
Reuben Ginbey,KPD,SD,2599,2597,2458,-141,-2,-2,0,,the 62 edits (gfut cohort),-139,year0 bar KPD→SD,76,92,-16
Finn Callaghan,MID,MID,5454,5450,5592,138,-4,-4,0,,the 62 edits (gfut cohort),142,played-axis/other,12,12,0
Sam Cumming,MID,MID,2910,2978,3047,137,68,68,0,,the 62 edits (gfut cohort),69,played-axis/other,63,63,0
Will Graham,SF,SF,1590,1639,1727,137,49,49,0,present_position: SF→MID; p_dual_stream: 70.0→90,the 62 edits (own row),88,year0 bar MID→SF; 2026 col-bar row MID→col SF,158,154,4
Errol Gulden,MID,MID,5375,5372,5511,136,-3,-3,0,,the 62 edits (gfut cohort),139,played-axis/other,13,14,-1
Noah Anderson,MID,MID,5125,5122,5257,132,-3,-3,0,,the 62 edits (gfut cohort),135,played-axis/other,15,15,0
Karl Amon,MID,SD,429,547,561,132,118,118,0,present_position: MID→SD,the 62 edits (own row),14,played-axis/other,413,363,50
Jake Lloyd,SD,SF,60,60,191,131,0,0,0,,,131,year0 bar SD→SF; 2026 col-bar row MID→col SF,711,603,108
Josh Treacy,KPF,KPF,6029,6020,6157,128,-9,-9,0,,the 62 edits (gfut cohort),137,played-axis/other,9,9,0
Dyson Sharp,MID,SF,2493,2488,2621,128,-5,-5,0,,the 62 edits (gfut cohort),133,year0 bar MID→SF,80,78,2
Jack Crisp,SD,MID,719,577,592,-127,-142,-142,0,present_position: SD→MID,the 62 edits (own row),15,played-axis/other,302,349,-47
Sam Flanders,MID,SF,2082,2081,2208,126,-1,-1,0,,the 62 edits (gfut cohort),127,year0 bar MID→SF; 2026 col-bar row MID→col SF,110,111,-1
Zeke Uwland,SD,SD,2646,2706,2769,123,60,60,0,future_position: MID→SD; alternate_position: SD→MID,the 62 edits (own row),63,played-axis/other,73,71,2
Mitchell Marsh,KPF,KPF,582,689,705,123,107,0,107,,stage-A v0surf re-bake,16,curve+pool,345,315,30
Josh Daicos,MID,SD,2146,2212,2268,122,66,66,0,present_position: MID→SD,the 62 edits (own row),56,played-axis/other,102,104,-2
Caleb Serong,MID,MID,4691,4687,4811,120,-4,-4,0,,the 62 edits (gfut cohort),124,played-axis/other,18,17,1
Aidan Schubert,KPF,KPF,576,680,696,120,104,0,104,,stage-A v0surf re-bake,16,curve+pool,351,318,33
Tom Green,MID,MID,4565,4563,4682,117,-2,-2,0,,the 62 edits (gfut cohort),119,played-axis/other,19,18,1
Brodie Grundy,RUCK,RUCK,4369,4369,4481,112,0,0,0,,,112,played-axis/other,21,22,-1
Murphy Reid,SF,SF,4193,4208,4305,112,15,15,0,,the 62 edits (gfut cohort),97,played-axis/other,23,23,0
Josh Worrell,KPD,SD,3894,3691,3783,-111,-203,-203,0,present_position: KPD→SD,the 62 edits (own row),92,played-axis/other,33,37,-4
Tyler Sonsie,MID,SF,1074,1074,1184,110,0,0,0,,,110,year0 bar MID→SF,225,216,9
Colby McKercher,MID,SD,3964,3958,4073,109,-6,-6,0,,the 62 edits (gfut cohort),115,year0 bar MID→SD; 2026 col-bar row SF→col SD,28,29,-1
Mark Blicavs,KPD,RUCK,119,6,10,-109,-113,-113,0,present_position: KPD→MID,the 62 edits (own row),4,year0 bar MID→RUCK,643,792,-149
Marcus Bontempelli,MID,MID,4171,4170,4278,107,-1,-1,0,,the 62 edits (gfut cohort),108,played-axis/other,25,25,0
Jake Bowey,SD,SD,3941,3949,4048,107,8,8,0,,the 62 edits (gfut cohort),99,played-axis/other,31,31,0
Nick Blakey,SD,SD,3987,3995,4094,107,8,8,0,,the 62 edits (gfut cohort),99,played-axis/other,27,28,-1
Rory Lobb,KPF,KPD,538,444,431,-107,-94,-94,0,present_position: KPF→KPD,the 62 edits (own row),-13,played-axis/other,370,417,-47
Jai Newcombe,MID,MID,4180,4177,4286,106,-3,-3,0,,the 62 edits (gfut cohort),109,played-axis/other,24,24,0
Dante Visentini,RUCK,KPF,1121,1121,1227,106,0,0,0,,,106,year0 bar RUCK→KPF,214,211,3
Phoenix Gothard,SF,SF,1858,1918,1963,105,60,60,0,,the 62 edits (gfut cohort),45,played-axis/other,135,131,4
Finn O'Sullivan,MID,SD,3345,3345,3449,104,0,0,0,,,104,year0 bar MID→SD,53,51,2
Sam Darcy,KPF,KPF,4827,4818,4929,102,-9,-9,0,,the 62 edits (gfut cohort),111,played-axis/other,17,16,1
Bodhi Uwland,SD,SD,3782,3789,3883,101,7,7,0,,the 62 edits (gfut cohort),94,played-axis/other,36,35,1
Matt Rowell,MID,MID,3945,3942,4046,101,-3,-3,0,,the 62 edits (gfut cohort),104,played-axis/other,30,32,-2
Samuel Grlj,MID,SD,2042,2093,2142,100,51,51,0,,the 62 edits (gfut cohort),49,year0 bar MID→SD,114,118,-4
Oliver Florent,MID,SD,667,751,767,100,84,84,0,present_position: MID→SD,the 62 edits (own row),16,2026 col-bar row MID→col SD,316,297,19
Jordan Clark,SD,SD,3678,3685,3777,99,7,7,0,,the 62 edits (gfut cohort),92,played-axis/other,39,38,1
Daniel Annable,MID,MID,1791,1846,1890,99,55,-1,56,,the 62 edits (gfut cohort),44,played-axis/other; curve+pool,141,138,3
Josh Smillie,MID,MID,1177,1245,1276,99,68,0,68,,stage-A v0surf re-bake,31,curve+pool,202,206,-4
Darcy Wilmot,SD,SD,3642,3649,3739,97,7,7,0,,the 62 edits (gfut cohort),90,played-axis/other,40,40,0
Ed Richards,MID,MID,3749,3747,3845,96,-2,-2,0,,the 62 edits (gfut cohort),98,played-axis/other,37,36,1
Leo Lombard,SF,SF,1508,1566,1603,95,58,58,0,,the 62 edits (gfut cohort),37,played-axis/other,166,167,-1
Mac Andrew,KPD,KPD,3960,3952,4054,94,-8,-8,0,,the 62 edits (gfut cohort),102,played-axis/other,29,30,-1
Timothy English,RUCK,RUCK,3682,3682,3776,94,0,0,0,,,94,played-axis/other,38,39,-1
Dayne Zorko,MID,SD,1156,1220,1250,94,64,64,0,present_position: MID→SD,the 62 edits (own row),30,played-axis/other,205,209,-4
Tanner Bruhn,MID,SD,2122,2118,2214,92,-4,-4,0,,the 62 edits (gfut cohort),96,year0 bar MID→SD,106,109,-3
Sam Berry,MID,MID,3611,3608,3702,91,-3,-3,0,,the 62 edits (gfut cohort),94,played-axis/other,43,42,1
Isaac Heeney,MID,MID,3547,3544,3637,90,-3,-3,0,,the 62 edits (gfut cohort),93,played-axis/other,45,46,-1
Jack Sinclair,SD,SD,3318,3325,3408,90,7,7,0,,the 62 edits (gfut cohort),83,played-axis/other,55,53,2
Stephen Coniglio,MID,SF,165,165,255,90,0,0,0,,,90,year0 bar MID→SF; 2026 col-bar row MID→col SF,616,548,68
Nicholas Martin,MID,SF,3484,3482,3573,89,-2,-2,0,,the 62 edits (gfut cohort),91,year0 bar MID→SF,46,48,-2
Luke Davies-Uniacke,MID,MID,3462,3460,3550,88,-2,-2,0,,the 62 edits (gfut cohort),90,played-axis/other,47,49,-2
Jordan Dawson,MID,MID,3414,3412,3502,88,-2,-2,0,,the 62 edits (gfut cohort),90,played-axis/other,49,50,-1
Riley Thilthorpe,KPF,KPF,4077,4070,4164,87,-7,-7,0,,the 62 edits (gfut cohort),94,played-axis/other,26,26,0
Beau Addinsall,MID,MID,1407,1291,1321,-86,-116,-116,0,,the 62 edits (gfut cohort),30,played-axis/other,181,202,-21
Callum Wilkie,KPD,KPD,3614,3606,3699,85,-8,-8,0,,the 62 edits (gfut cohort),93,played-axis/other,42,43,-1
Harley Reid,MID,MID,3578,3575,3663,85,-3,-3,0,,the 62 edits (gfut cohort),88,played-axis/other,44,45,-1
Marcus Windhager,MID,SD,2105,2105,2189,84,0,0,0,,,84,year0 bar MID→SD; 2026 col-bar row MID→col SD,108,114,-6
Max Gawn,RUCK,RUCK,3343,3343,3426,83,0,0,0,,,83,played-axis/other,54,52,2
Marcus Herbert,SD,MID,920,922,837,-83,2,2,0,,the 62 edits (gfut cohort),-85,year0 bar SD→MID,257,282,-25
Willem Duursma,MID,MID,4416,4414,4498,82,-2,-2,0,,the 62 edits (gfut cohort),84,played-axis/other,20,21,-1
Sam Walsh,MID,MID,3214,3212,3296,82,-2,-2,0,,the 62 edits (gfut cohort),84,played-axis/other,56,56,0
Daniel Rioli,SD,SD,726,728,808,82,2,2,0,,the 62 edits (gfut cohort),80,played-axis/other,299,287,12
Andrew Brayshaw,MID,MID,3107,3104,3187,80,-3,-3,0,,the 62 edits (gfut cohort),83,played-axis/other,59,59,0
Max Heath,RUCK,KPF,641,641,720,79,0,0,0,,,79,year0 bar RUCK→KPF,324,310,14
Sam Wicks,SF,SD,103,27,27,-76,-76,-76,0,present_position: SF→SD,the 62 edits (own row),0,,658,769,-111
Logan Morris,KPF,KPF,3084,3086,3158,74,2,2,0,,the 62 edits (gfut cohort),72,played-axis/other,60,60,0
Connor Rozee,MID,SD,2857,2855,2930,73,-2,-2,0,,the 62 edits (gfut cohort),75,year0 bar MID→SD,67,67,0
Nick Watson,SF,SF,3638,3625,3710,72,-13,-13,0,,the 62 edits (gfut cohort),85,played-axis/other,41,41,0
Noah Mraz,KPD,KPD,3934,3938,4006,72,4,5,-1,,the 62 edits (gfut cohort),68,played-axis/other; curve+pool,32,33,-1
Hugo Garcia,MID,MID,2966,2963,3038,72,-3,-3,0,,the 62 edits (gfut cohort),75,played-axis/other,62,64,-2
James Jordon,MID,SF,164,164,236,72,0,0,0,,,72,year0 bar MID→SF; 2026 col-bar row MID→col SF,617,567,50
Kysaiah Pickett,SF,SF,3872,3854,3943,71,-18,-18,0,,the 62 edits (gfut cohort),89,played-axis/other,34,34,0
Will Day,MID,MID,2895,2891,2966,71,-4,-4,0,,the 62 edits (gfut cohort),75,played-axis/other,66,66,0
Zachary Merrett,MID,MID,2752,2750,2823,71,-2,-2,0,,the 62 edits (gfut cohort),73,played-axis/other,70,70,0
Bailey Humphrey,SF,SF,2324,2250,2394,70,-74,-74,0,present_position: SF→MID,the 62 edits (own row),144,year0 bar MID→SF,91,95,-4
Archie Ludowyke,KPF,KPF,364,425,434,70,61,0,61,,stage-A v0surf re-bake,9,curve+pool,454,415,39
Tom Cole,SD,SF,33,30,102,69,-3,0,-3,,stage-A v0surf re-bake,72,year0 bar SD→SF,760,665,95
Zac McCarthy,KPF,KPF,354,412,422,68,58,0,58,,stage-A v0surf re-bake,10,curve+pool,464,422,42
Matt Cottrell,MID,SF,48,48,116,68,0,0,0,,,68,year0 bar MID→SF,726,648,78
Clayton Oliver,MID,MID,2569,2567,2636,67,-2,-2,0,,the 62 edits (gfut cohort),69,played-axis/other,77,77,0
Taj Hotton,MID,SF,2178,2152,2245,67,-26,-26,0,,the 62 edits (gfut cohort),93,year0 bar MID→SF,99,106,-7
Connor O'Sullivan,KPD,KPD,2908,2913,2974,66,5,5,0,,the 62 edits (gfut cohort),61,played-axis/other,64,65,-1
Connor Idun,SD,SD,2424,2429,2490,66,5,5,0,,the 62 edits (gfut cohort),61,played-axis/other,87,87,0
Koltyn Tholstrup,SD,SF,1605,1560,1671,66,-45,-45,0,,the 62 edits (gfut cohort),111,year0 bar SD→SF,154,158,-4
Darcy Jones,SF,SF,1428,1460,1494,66,32,32,0,,the 62 edits (gfut cohort),34,played-axis/other,180,177,3
Jordon Sweet,RUCK,RUCK,2511,2511,2576,65,0,0,0,,,65,played-axis/other,78,81,-3
Kieren Briggs,RUCK,RUCK,2480,2480,2544,64,0,0,0,,,64,played-axis/other,81,83,-2
Jake Rogers,SF,SF,583,633,647,64,50,50,0,,the 62 edits (gfut cohort),14,played-axis/other,344,330,14
George Wardlaw,MID,MID,3152,3148,3215,63,-4,-4,0,,the 62 edits (gfut cohort),67,played-axis/other,57,57,0
Bailey Dale,SD,SD,2376,2379,2439,63,3,3,0,,the 62 edits (gfut cohort),60,played-axis/other,90,94,-4
Cameron Mackenzie,MID,MID,2001,2016,2064,63,15,15,0,,the 62 edits (gfut cohort),48,played-axis/other,121,123,-2
Tim Taranto,MID,MID,2403,2401,2465,62,-2,-2,0,,the 62 edits (gfut cohort),64,played-axis/other,88,89,-1
Jaspa Fletcher,SD,SD,2622,2622,2683,61,0,0,0,,,61,played-axis/other,75,75,0
Wayne Milera,SD,SD,1942,1946,2003,61,4,4,0,,the 62 edits (gfut cohort),57,played-axis/other,125,128,-3
Xavier Lindsay,SD,SD,2123,2131,2184,61,8,8,0,present_position: SD→MID,the 62 edits (own row),53,year0 bar MID→SD; 2026 col-bar row MID→col SD,105,115,-10
Lewis Young,KPD,KPF,178,178,239,61,0,0,0,,,61,year0 bar KPD→KPF; 2026 col-bar row KPD→col KPF,605,563,42
Charlie Nicholls,KPF,KPF,314,365,373,59,51,0,51,,stage-A v0surf re-bake,8,curve+pool,492,451,41
Jack Henry,KPD,KPF,251,251,310,59,0,0,0,,,59,year0 bar KPD→KPF; 2026 col-bar row KPD→col KPF,542,499,43
Darcy Wilson,SF,SF,3349,3330,3407,58,-19,-19,0,,the 62 edits (gfut cohort),77,played-axis/other,51,54,-3
Harry Dean,KPD,KPD,2509,2509,2567,58,0,0,0,,,58,played-axis/other,79,82,-3
Zac Bailey,SF,SF,3149,3134,3207,58,-15,-15,0,,the 62 edits (gfut cohort),73,played-axis/other,58,58,0
Lachie Neale,MID,MID,2295,2293,2353,58,-2,-2,0,,the 62 edits (gfut cohort),60,played-axis/other,93,98,-5
John Noble,SD,SD,2143,2147,2201,58,4,4,0,,the 62 edits (gfut cohort),54,played-axis/other,103,112,-9
Levi Ashcroft,MID,MID,3348,3327,3405,57,-21,-21,0,,the 62 edits (gfut cohort),78,played-axis/other,52,55,-3
Izak Rankine,SF,SF,3006,2992,3063,57,-14,-14,0,,the 62 edits (gfut cohort),71,played-axis/other,61,62,-1
Jase Burgoyne,SD,SD,2224,2228,2281,57,4,4,0,,the 62 edits (gfut cohort),53,played-axis/other,98,101,-3
Jonty Faull,KPF,KPF,1198,1227,1255,57,29,29,0,,the 62 edits (gfut cohort),28,played-axis/other,199,208,-9
Archer Day-Wicks,SF,SF,484,528,541,57,44,44,0,,the 62 edits (gfut cohort),13,2026 col-bar row MID→col SF,390,372,18
Chayce Jones,SD,SD,110,52,53,-57,-58,-57,-1,future_position: MID→SD,the 62 edits (own row),1,2026 col-bar row MID→col SD; curve+pool,652,722,-70
Cooper Duff-Tytler,KPF,KPF,1582,1601,1638,56,19,19,0,,the 62 edits (gfut cohort),37,played-axis/other,159,161,-2
Kayle Gerreyn,KPF,RUCK,289,337,345,56,48,0,48,,stage-A v0surf re-bake,8,year0 bar KPF→RUCK; curve+pool,514,470,44
Toby Nankervis,RUCK,RUCK,2142,2142,2197,55,0,0,0,,,55,played-axis/other,104,113,-9
Sid Draper,MID,SF,1150,1148,1204,54,-2,-2,0,,the 62 edits (gfut cohort),56,year0 bar MID→SF,206,214,-8
Louis Emmett,RUCK,RUCK,916,948,970,54,32,32,0,present_position: RUCK→KPF,the 62 edits (own row),22,year0 bar KPF→RUCK,258,258,0
Adam Sweid,SF,MID,545,584,598,53,39,0,39,,stage-A v0surf re-bake,14,year0 bar SF→MID; curve+pool,363,347,16
Noah Balta,KPD,KPF,516,556,569,53,40,40,0,present_position: KPD→KPF,the 62 edits (own row),13,played-axis/other,379,358,21
Deven Robertson,MID,SF,194,195,247,53,1,1,0,,the 62 edits (gfut cohort),52,year0 bar MID→SF; 2026 col-bar row MID→col SF,589,556,33
Connor MacDonald,SF,SF,2817,2804,2869,52,-13,-13,0,,the 62 edits (gfut cohort),65,played-axis/other,69,69,0
Jacob Van Rooyen,KPF,KPF,1899,1906,1951,52,7,7,0,,the 62 edits (gfut cohort),45,played-axis/other,131,133,-2
Matt Carroll,MID,SD,956,984,1007,51,28,28,0,,the 62 edits (gfut cohort),23,year0 bar MID→SD; 2026 col-bar row MID→col SD,247,253,-6
Tom De Koning,RUCK,RUCK,2028,2028,2078,50,0,0,0,,,50,played-axis/other,115,121,-6
Latrelle Pickett,SF,SF,580,616,630,50,36,36,0,,the 62 edits (gfut cohort),14,played-axis/other,346,337,9
Cooper Trembath,KPF,KPF,2090,2091,2140,50,1,1,0,,the 62 edits (gfut cohort),49,played-axis/other,109,119,-10
Patrick Voss,KPF,KPF,1791,1799,1841,50,8,8,0,,the 62 edits (gfut cohort),42,played-axis/other,142,143,-1
Oliver Hannaford,SF,MID,413,454,463,50,41,41,0,,the 62 edits (gfut cohort),9,year0 bar SF→MID; 2026 col-bar row SF→col MID,423,405,18
Harvey Thomas,SF,SF,2167,1973,2217,50,-194,-194,0,present_position: SF→MID,the 62 edits (own row),244,year0 bar MID→SF; 2026 col-bar row MID→col SF,101,108,-7
Thomas Matthews,SF,SF,501,538,551,50,37,0,37,,stage-A v0surf re-bake,13,curve+pool,383,367,16
Shannon Neale,KPF,KPF,2308,2304,2357,49,-4,-4,0,,the 62 edits (gfut cohort),53,played-axis/other,92,97,-5
James Sicily,SD,SD,1861,1863,1910,49,2,2,0,,the 62 edits (gfut cohort),47,played-axis/other,134,137,-3
George Hewett,MID,MID,1888,1887,1937,49,-1,-1,0,,the 62 edits (gfut cohort),50,played-axis/other,133,134,-1
Kane McAuliffe,MID,MID,1357,1374,1406,49,17,17,0,,the 62 edits (gfut cohort),32,played-axis/other,189,191,-2
Jack Silvagni,KPF,KPD,954,883,906,-48,-71,-71,0,present_position: KPF→KPD,the 62 edits (own row),23,played-axis/other,248,268,-20
Kalani White,KPF,KPF,398,435,446,48,37,37,0,,the 62 edits (gfut cohort),11,played-axis/other,435,413,22
Tom McCartin,KPD,KPD,1984,1980,1937,-47,-4,-4,0,,the 62 edits (gfut cohort),-43,played-axis/other,124,135,-11
Patrick Cripps,MID,MID,1834,1833,1881,47,-1,-1,0,,the 62 edits (gfut cohort),48,played-axis/other,137,139,-2
Cameron Nairn,SF,SF,737,766,784,47,29,-4,33,,the 62 edits (gfut cohort),18,played-axis/other; curve+pool,295,292,3
Hayden Young,MID,MID,2026,2025,2073,47,-1,-1,0,,the 62 edits (gfut cohort),48,played-axis/other,116,122,-6
Ryan Maric,MID,SD,1453,1453,1500,47,0,0,0,,,47,year0 bar MID→SD,175,176,-1
Matthew Roberts,SD,SD,1995,1995,2042,47,0,0,0,,,47,2026 col-bar row MID→col SD,122,126,-4
Mitchito Owens,KPF,KPF,2010,2010,2056,46,0,0,0,,,46,played-axis/other,119,124,-5
Jack Ginnivan,SF,SF,2458,2447,2504,46,-11,-11,0,,the 62 edits (gfut cohort),57,played-axis/other,82,85,-3
Matt Whitlock,KPF,KPF,563,596,609,46,33,4,29,,the 62 edits (gfut cohort),13,played-axis/other; curve+pool,355,343,12
Thomas Sims,KPF,KPF,1105,1124,1151,46,19,19,0,,the 62 edits (gfut cohort),27,played-axis/other,217,223,-6
Mitchell Edwards,RUCK,RUCK,2009,2009,2055,46,0,0,0,,,46,played-axis/other,120,125,-5
Braeden Campbell,SD,SF,331,331,377,46,0,0,0,,,46,year0 bar SD→SF,480,450,30
Shai Bolton,SF,SF,2399,2389,2444,45,-10,-10,0,,the 62 edits (gfut cohort),55,played-axis/other,89,93,-4
Lawson Humphries,SD,SD,1927,1930,1972,45,3,3,0,,the 62 edits (gfut cohort),42,played-axis/other,128,129,-1
Hugh McCluggage,MID,MID,1746,1745,1791,45,-1,-1,0,,the 62 edits (gfut cohort),46,played-axis/other,145,147,-2
Ned Moyle,RUCK,RUCK,2074,2074,2119,45,0,0,0,,,45,played-axis/other,111,120,-9
Jevan Phillipou,SF,MID,449,483,494,45,34,0,34,,stage-A v0surf re-bake,11,year0 bar SF→MID; curve+pool,404,392,12
Callum Mills,SD,SD,2228,2233,2272,44,5,5,0,,the 62 edits (gfut cohort),39,played-axis/other,97,103,-6
Harris Andrews,KPD,KPD,1917,1913,1961,44,-4,-4,0,,the 62 edits (gfut cohort),48,played-axis/other,129,132,-3
Avery Thomas,SD,SD,538,483,494,-44,-55,0,-55,,stage-A v0surf re-bake,11,curve+pool,369,391,-22
Harvey Langford,MID,MID,2427,2413,2470,43,-14,-14,0,,the 62 edits (gfut cohort),57,played-axis/other,86,88,-2
Luke Ryan,SD,SD,1565,1568,1608,43,3,3,0,,the 62 edits (gfut cohort),40,played-axis/other,161,165,-4
Jesse Dattoli,SF,SF,407,440,450,43,33,0,33,,stage-A v0surf re-bake,10,curve+pool,427,409,18
Mark Keane,KPD,KPD,1777,1775,1819,42,-2,-2,0,,the 62 edits (gfut cohort),44,played-axis/other,143,144,-1
Nate Caddy,KPF,KPF,1770,1771,1812,42,1,1,0,,the 62 edits (gfut cohort),41,played-axis/other,144,146,-2
Jack Steele,MID,MID,1647,1646,1689,42,-1,-1,0,,the 62 edits (gfut cohort),43,played-axis/other,151,156,-5
Mason Redman,SD,SD,1594,1596,1636,42,2,2,0,,the 62 edits (gfut cohort),40,played-axis/other,155,162,-7
Jobe Shanahan,KPF,KPF,1811,1810,1853,42,-1,-1,0,,the 62 edits (gfut cohort),43,played-axis/other,140,142,-2
Joel Jeffrey,SD,SD,1987,1990,2029,42,3,3,0,,the 62 edits (gfut cohort),39,played-axis/other,123,127,-4
Noah Howes,KPF,KPF,306,340,348,42,34,34,0,,the 62 edits (gfut cohort),8,played-axis/other,498,469,29
Tyler Welsh,KPF,KPF,224,260,266,42,36,0,36,,stage-A v0surf re-bake,6,curve+pool,560,538,22
Caleb Daniel,SD,SD,1510,1513,1551,41,3,3,0,,the 62 edits (gfut cohort),38,played-axis/other,165,171,-6
Thomas Liberatore,MID,MID,1566,1565,1607,41,-1,-1,0,,the 62 edits (gfut cohort),42,played-axis/other,160,166,-6
Trent Rivers,SD,SD,1718,1722,1759,41,4,4,0,,the 62 edits (gfut cohort),37,played-axis/other,148,152,-4
Neil Erasmus,MID,MID,1024,1041,1065,41,17,17,0,,the 62 edits (gfut cohort),24,played-axis/other,231,237,-6
Koby Evans,SF,MID,417,448,458,41,31,0,31,,stage-A v0surf re-bake,10,year0 bar SF→MID; curve+pool,417,407,10
Liam Hetherton,KPF,KPF,351,383,392,41,32,32,0,,the 62 edits (gfut cohort),9,played-axis/other,467,439,28
Cooper Lord,MID,MID,1128,1141,1169,41,13,13,0,,the 62 edits (gfut cohort),28,played-axis/other,213,219,-6
Jye Amiss,KPF,KPF,1713,1713,1753,40,0,0,0,,,40,played-axis/other,149,153,-4
Darcy Cameron,RUCK,RUCK,1548,1548,1588,40,0,0,0,,,40,played-axis/other,164,169,-5
Bo Allan,SD,SD,1184,1196,1224,40,12,12,0,,the 62 edits (gfut cohort),28,2026 col-bar row MID→col SD,201,213,-12
Daniel Turner,KPD,KPD,1727,1725,1767,40,-2,-2,0,,the 62 edits (gfut cohort),42,played-axis/other,147,149,-2
Tylah Williams,SF,SF,407,436,447,40,29,0,29,,stage-A v0surf re-bake,11,curve+pool,428,412,16
Tom McCarthy,SD,SD,1594,1596,1633,39,2,2,0,,the 62 edits (gfut cohort),37,played-axis/other,156,163,-7
Harry McKay,KPF,KPF,1833,1829,1872,39,-4,-4,0,,the 62 edits (gfut cohort),43,played-axis/other,138,141,-3
Kane Farrell,SD,SD,1453,1456,1492,39,3,3,0,,the 62 edits (gfut cohort),36,played-axis/other,174,178,-4
Cody Curtin,KPF,KPF,664,687,703,39,23,8,15,,the 62 edits (gfut cohort),16,played-axis/other; curve+pool,317,316,1
Joshua Weddle,SD,SD,1651,1651,1689,38,0,0,0,,,38,2026 col-bar row MID→col SD,150,157,-7
Alix Tauru,KPD,KPF,1608,1535,1571,-37,-73,-73,0,,the 62 edits (gfut cohort),36,year0 bar KPD→KPF,153,170,-17
Peter Wright,KPF,KPF,1730,1727,1767,37,-3,-3,0,,the 62 edits (gfut cohort),40,2026 col-bar row RUCK→col KPF,146,150,-4
Ollie Dempsey,MID,MID,2174,2170,2211,37,-4,-4,0,,the 62 edits (gfut cohort),41,played-axis/other,100,110,-10
Massimo D'Ambrosio,MID,MID,1632,1632,1669,37,0,0,0,,,37,played-axis/other,152,160,-8
Josh Rachele,SF,SF,2114,2101,2150,36,-13,-13,0,,the 62 edits (gfut cohort),49,2026 col-bar row MID→col SF,107,117,-10
Gryan Miers,SF,SF,1928,1919,1964,36,-9,-9,0,,the 62 edits (gfut cohort),45,played-axis/other,127,130,-3
Jayden Short,SD,SD,1270,1273,1306,36,3,3,0,,the 62 edits (gfut cohort),33,played-axis/other,195,205,-10
Josh Dunkley,MID,MID,1395,1394,1431,36,-1,-1,0,,the 62 edits (gfut cohort),37,played-axis/other,184,187,-3
Harry Armstrong,KPF,KPF,995,1008,1031,36,13,13,0,,the 62 edits (gfut cohort),23,played-axis/other,243,247,-4
Josh Dolan,SF,SF,465,489,501,36,24,24,0,,the 62 edits (gfut cohort),12,played-axis/other,400,388,12
Leon Kickett,SF,SF,370,396,406,36,26,26,0,,the 62 edits (gfut cohort),10,played-axis/other,453,433,20
Angus Anderson,MID,SF,204,205,240,36,1,1,0,,the 62 edits (gfut cohort),35,year0 bar MID→SF,574,560,14
Nick Madden,RUCK,RUCK,1897,1897,1932,35,0,0,0,,,35,played-axis/other,132,136,-4
Lloyd Meek,RUCK,RUCK,1441,1441,1476,35,0,0,0,,,35,played-axis/other,179,182,-3
Zane Peucker,SF,SF,598,619,633,35,21,3,18,,the 62 edits (gfut cohort),14,played-axis/other; curve+pool,338,335,3
William McCabe,KPF,KPD,740,759,775,35,19,2,17,,the 62 edits (gfut cohort),16,year0 bar KPF→KPD; curve+pool,294,295,-1
Elijah Tsatas,MID,MID,1327,1331,1362,35,4,4,0,,the 62 edits (gfut cohort),31,played-axis/other,191,197,-6
Ty Gallop,KPF,KPF,1563,1562,1598,35,-1,-1,0,,the 62 edits (gfut cohort),36,played-axis/other,162,168,-6
Jay Polkinghorne,SF,KPF,338,362,373,35,24,15,9,,the 62 edits (gfut cohort),11,year0 bar SF→KPF; 2026 col-bar row SF→col KPF; curve+pool,474,452,22
Harrison Petty,KPD,KPF,191,191,226,35,0,0,0,,,35,year0 bar KPD→KPF,592,570,22
Aaron Cadman,KPF,KPF,1842,1834,1876,34,-8,-8,0,,the 62 edits (gfut cohort),42,played-axis/other,136,140,-4
Thomas Stewart,SD,SD,1237,1240,1271,34,3,3,0,,the 62 edits (gfut cohort),31,played-axis/other,197,207,-10
Cooper Hynes,MID,SF,1272,1265,1306,34,-7,-7,0,,the 62 edits (gfut cohort),41,year0 bar MID→SF,194,204,-10
Ned Bowman,SF,SF,357,383,391,34,26,0,26,,stage-A v0surf re-bake,8,curve+pool,461,441,20
Christian Moraes,MID,SF,950,950,984,34,0,0,0,,,34,year0 bar MID→SF,249,256,-7
Logan Evans,SD,SD,1472,1472,1506,34,0,0,0,,,34,played-axis/other,172,175,-3
Xavier Bamert,SF,MID,436,460,470,34,24,24,0,,the 62 edits (gfut cohort),10,year0 bar SF→MID,412,403,9
Jasper Alger,SF,SF,361,386,395,34,25,25,0,,the 62 edits (gfut cohort),9,played-axis/other,457,437,20
Mitch Georgiades,KPF,KPF,1488,1487,1521,33,-1,-1,0,,the 62 edits (gfut cohort),34,played-axis/other,170,174,-4
Charlie Curnow,KPF,KPF,1593,1590,1626,33,-3,-3,0,,the 62 edits (gfut cohort),36,played-axis/other,157,164,-7
Zach Reid,KPD,KPD,1401,1402,1434,33,1,1,0,,the 62 edits (gfut cohort),32,played-axis/other,182,185,-3
Aaron Naughton,KPF,KPF,1449,1449,1482,33,0,0,0,,,33,played-axis/other,176,179,-3
Dane Rampe,KPD,SD,35,2,2,-33,-33,-33,0,present_position: KPD→SD,the 62 edits (own row),0,,755,800,-45
Lachlan McAndrew,RUCK,RUCK,1400,1400,1432,32,0,0,0,,,32,played-axis/other,183,186,-3
Hugo Mikunda,SF,SF,330,353,362,32,23,0,23,,stage-A v0surf re-bake,9,curve+pool,481,459,22
Noah Roberts-Thomson,SF,MID,437,460,469,32,23,13,10,,the 62 edits (gfut cohort),9,year0 bar SF→MID; curve+pool,410,404,6
Henry Smith,KPF,KPF,165,192,197,32,27,0,27,,stage-A v0surf re-bake,5,curve+pool,613,600,13
Josh Lindsay,SD,SD,2432,2407,2463,31,-25,-25,0,,the 62 edits (gfut cohort),56,played-axis/other,85,90,-5
Sam Taylor,KPD,KPD,1448,1449,1479,31,1,1,0,,the 62 edits (gfut cohort),30,played-axis/other,177,181,-4
Hussien El Achkar,SF,SF,461,481,492,31,20,20,0,,the 62 edits (gfut cohort),11,played-axis/other,401,394,7
Jarman Impey,SD,SD,1104,1106,1134,30,2,2,0,,the 62 edits (gfut cohort),28,played-axis/other,218,226,-8
Jake Waterman,KPF,KPF,1391,1388,1421,30,-3,-3,0,,the 62 edits (gfut cohort),33,played-axis/other,187,188,-1
Jacob Moss,KPF,KPD,263,286,293,30,23,23,0,,the 62 edits (gfut cohort),7,year0 bar KPF→KPD,534,509,25
Patrick Retschko,MID,MID,1318,1318,1348,30,0,0,0,,,30,played-axis/other,192,199,-7
Oliver Henry,SF,KPF,91,105,121,30,14,1,13,,the 62 edits (gfut cohort),16,year0 bar SF→KPF; 2026 col-bar row SF→col KPF,675,644,31
Seth Campbell,SF,SF,1095,1098,1124,29,3,3,0,,the 62 edits (gfut cohort),26,played-axis/other,222,230,-8
Brayden George,SF,SF,308,330,337,29,22,0,22,,stage-A v0surf re-bake,7,curve+pool,496,480,16
Jacob Newton,SF,SF,195,219,224,29,24,24,0,,the 62 edits (gfut cohort),5,played-axis/other,587,571,16
Bailey Banfield,SF,SD,42,31,13,-29,-11,-11,0,future_position: SD→SF,the 62 edits (own row),-18,year0 bar SF→SD,737,786,-49
Josh Ward,MID,MID,2721,2688,2749,28,-33,-33,0,,the 62 edits (gfut cohort),61,played-axis/other,71,72,-1
Andrew McGrath,SD,SD,1132,1134,1160,28,2,2,0,,the 62 edits (gfut cohort),26,played-axis/other,212,221,-9
Zane Duursma,SF,SF,751,761,779,28,10,10,0,,the 62 edits (gfut cohort),18,played-axis/other,292,294,-2
Jacob Weitering,KPD,KPD,1204,1201,1232,28,-3,-3,0,,the 62 edits (gfut cohort),31,played-axis/other,198,210,-12
James Peatling,MID,MID,1441,1439,1469,28,-2,-2,0,,the 62 edits (gfut cohort),30,played-axis/other,178,183,-5
Sam Banks,SD,SD,1197,1197,1225,28,0,0,0,,,28,2026 col-bar row MID→col SD,200,212,-12
Christian Salem,SD,SD,541,542,569,28,1,1,0,,the 62 edits (gfut cohort),27,played-axis/other,367,357,10
Zak Johnson,SD,SD,616,629,644,28,13,13,0,,the 62 edits (gfut cohort),15,played-axis/other,330,333,-3
Tyrell Dewar,SF,SD,177,146,149,-28,-31,-31,0,future_position: SD→SF,the 62 edits (own row),3,year0 bar SF→SD,606,632,-26
Jacob Farrow,SD,SD,2639,2605,2666,27,-34,-34,0,,the 62 edits (gfut cohort),61,played-axis/other,74,76,-2
Charlie Banfield,MID,SF,667,669,694,27,2,2,0,,the 62 edits (gfut cohort),25,year0 bar MID→SF; curve+pool,315,319,-4
Lachlan Gulbin,SF,SF,384,402,411,27,18,18,0,,the 62 edits (gfut cohort),9,played-axis/other,443,429,14
Jed Walter,KPF,KPF,1148,1148,1174,26,0,0,0,,,26,played-axis/other,207,217,-10
Brent Daniels,SF,SF,1392,1385,1418,26,-7,-7,0,,the 62 edits (gfut cohort),33,played-axis/other,186,190,-4
Darcy Fogarty,KPF,KPF,1025,1027,1051,26,2,2,0,,the 62 edits (gfut cohort),24,played-axis/other,229,240,-11
Adam Cerra,MID,MID,1099,1098,1125,26,-1,-1,0,,the 62 edits (gfut cohort),27,played-axis/other,220,229,-9
Rory Laird,SD,SD,929,931,955,26,2,2,0,,the 62 edits (gfut cohort),24,played-axis/other,255,260,-5
Caiden Cleary,SF,SF,508,522,534,26,14,14,0,,the 62 edits (gfut cohort),12,played-axis/other,381,375,6
Ben Miller,KPD,KPD,1145,1144,1171,26,-1,-1,0,,the 62 edits (gfut cohort),27,played-axis/other,208,218,-10
Reilly O'Brien,RUCK,RUCK,1038,1038,1064,26,0,0,0,,,26,played-axis/other,227,238,-11
Maxwell King,SF,KPF,270,290,296,26,20,0,20,,stage-A v0surf re-bake,6,year0 bar SF→KPF; curve+pool,529,507,22
Dylan Moore,SF,SF,1371,1365,1396,25,-6,-6,0,,the 62 edits (gfut cohort),31,played-axis/other,188,193,-5
Luke Trainor,KPD,SD,1507,1450,1482,-25,-57,-57,0,,the 62 edits (gfut cohort),32,year0 bar KPD→SD; 2026 col-bar row KPD→col SD,167,180,-13
Lachlan Carmichael,SD,SD,602,564,577,-25,-38,0,-38,,stage-A v0surf re-bake,13,curve+pool,335,352,-17
Jack Gunston,KPF,KPF,1162,1160,1187,25,-2,-2,0,,the 62 edits (gfut cohort),27,played-axis/other,204,215,-11
Finnegan Davis,SD,SD,407,373,382,-25,-34,0,-34,,stage-A v0surf re-bake,9,curve+pool,426,448,-22
Oscar Ryan,SD,SD,318,286,293,-25,-32,0,-32,,stage-A v0surf re-bake,7,curve+pool,491,510,-19
Karl Worner,SD,SD,1078,1078,1103,25,0,0,0,,,25,played-axis/other,224,234,-10
Hamish Davis,MID,MID,949,951,974,25,2,2,0,,the 62 edits (gfut cohort),23,played-axis/other,250,257,-7
Jakob Ryan,SD,SD,307,276,282,-25,-31,0,-31,,stage-A v0surf re-bake,6,curve+pool,497,522,-25
Billy Frampton,KPD,KPD,92,92,67,-25,0,0,0,,,-25,played-axis/other,672,708,-36
Xavier O'Halloran,MID,SF,47,70,72,25,23,23,0,present_position: MID→SF,the 62 edits (own row),2,2026 col-bar row MID→col SF,729,706,23
Aliir Aliir,KPD,KPD,969,967,993,24,-2,-2,0,,the 62 edits (gfut cohort),26,played-axis/other,245,254,-9
Jordan Croft,KPF,KPF,1027,1027,1051,24,0,0,0,,,24,played-axis/other,228,241,-13
Oliver Griffin,SF,SF,248,266,272,24,18,18,0,,the 62 edits (gfut cohort),6,played-axis/other,547,529,18
Jai Saxena,SF,SF,248,266,272,24,18,18,0,,the 62 edits (gfut cohort),6,played-axis/other,546,528,18
Ryda Luke,SF,SF,248,266,272,24,18,18,0,,the 62 edits (gfut cohort),6,played-axis/other,548,530,18
Toby Whan,SF,MID,248,266,272,24,18,18,0,,the 62 edits (gfut cohort),6,year0 bar SF→MID,549,532,17
Jacob Konstanty,SF,SF,187,206,211,24,19,13,6,,the 62 edits (gfut cohort),5,curve+pool,593,585,8
Will Brodie,MID,MID,1014,1014,1038,24,0,0,0,,,24,played-axis/other,235,245,-10
Sam De Koning,KPD,KPD,1021,1021,1045,24,0,0,0,,,24,played-axis/other,232,243,-11
Will Hayes,SF,SF,344,360,368,24,16,16,0,,the 62 edits (gfut cohort),8,played-axis/other,471,455,16
Jedd Busslinger,KPD,KPD,1025,1024,1048,23,-1,-1,0,,the 62 edits (gfut cohort),24,played-axis/other,230,242,-12
Matt Johnson,MID,MID,1053,1052,1076,23,-1,-1,0,,the 62 edits (gfut cohort),24,played-axis/other,226,236,-10
Hugh Boxshall,MID,MID,996,996,1019,23,0,0,0,,,23,played-axis/other,242,251,-9
Ethan Read,KPF,KPF,1002,1002,1024,22,0,0,0,,,22,played-axis/other,239,248,-9
Harrison Oliver,SD,SD,661,668,683,22,7,7,0,,the 62 edits (gfut cohort),15,played-axis/other,318,324,-6
Lachie Jaques,SD,SD,869,871,891,22,2,2,0,,the 62 edits (gfut cohort),20,played-axis/other,267,271,-4
Jye Caldwell,MID,MID,1144,1143,1166,22,-1,-1,0,,the 62 edits (gfut cohort),23,played-axis/other,209,220,-11
Samuel Swadling,MID,MID,931,932,953,22,1,1,0,,the 62 edits (gfut cohort),21,played-axis/other,254,261,-7
Billy Wilson,SD,SD,962,962,984,22,0,0,0,,,22,played-axis/other,246,255,-9
Cillian Bourke,SD,SD,347,317,325,-22,-30,-30,0,,the 62 edits (gfut cohort),8,played-axis/other,468,491,-23
Blake Hardwick,SD,SD,670,671,692,22,1,1,0,,the 62 edits (gfut cohort),21,played-axis/other,314,321,-7
Chris Scerri,SF,SF,385,398,407,22,13,13,0,,the 62 edits (gfut cohort),9,played-axis/other,442,432,10
Aidan Johnson,KPF,KPF,69,89,91,22,20,20,0,,the 62 edits (gfut cohort),2,played-axis/other,704,680,24
Taylor Goad,RUCK,RUCK,1013,1013,1034,21,0,0,0,,,21,played-axis/other; curve+pool,236,246,-10
Jordan Ridley,SD,SD,883,883,904,21,0,0,0,,,21,played-axis/other,265,269,-4
Nic Newman,SD,SD,792,794,813,21,2,2,0,,the 62 edits (gfut cohort),19,played-axis/other,283,286,-3
Sean Darcy,RUCK,RUCK,926,926,947,21,0,0,0,,,21,played-axis/other,256,262,-6
Jeremy Cameron,KPF,KPF,1000,998,1021,21,-2,-2,0,,the 62 edits (gfut cohort),23,played-axis/other,240,250,-10
Archer Reid,KPF,KPF,851,853,872,21,2,2,0,,the 62 edits (gfut cohort),19,played-axis/other,270,274,-4
Noah Chamberlain,SF,KPF,206,221,227,21,15,15,0,,the 62 edits (gfut cohort),6,year0 bar SF→KPF,570,569,1
Jack Ough,MID,MID,703,707,724,21,4,5,-1,,the 62 edits (gfut cohort),17,played-axis/other; curve+pool,307,308,-1
Keidean Coleman,SD,SD,899,899,920,21,0,0,0,,,21,played-axis/other,261,266,-5
Josaia Delana,SF,SF,400,411,421,21,11,11,0,,the 62 edits (gfut cohort),10,played-axis/other,432,423,9
Isaac Keeler,KPF,KPF,296,311,317,21,15,0,15,,stage-A v0surf re-bake,6,played-axis/other,509,494,15
Tobie Travaglia,SD,SD,708,711,728,20,3,3,0,,the 62 edits (gfut cohort),17,played-axis/other,304,305,-1
Wil Powell,SD,SD,936,938,956,20,2,2,0,,the 62 edits (gfut cohort),18,2026 col-bar row MID→col SD,252,259,-7
Joseph Fonti,SD,SD,820,820,840,20,0,0,0,,,20,played-axis/other,276,280,-4
Bailey Williams,SD,SD,771,773,791,20,2,2,0,,the 62 edits (gfut cohort),18,played-axis/other,289,291,-2
Mitch Podhajski,KPF,KPF,29,48,49,20,19,19,0,,the 62 edits (gfut cohort),1,played-axis/other,771,727,44
Will Setterfield,MID,MID,786,786,806,20,0,0,0,,,20,played-axis/other,286,289,-3
Talor Byrne,SF,SF,895,894,915,20,-1,-1,0,,the 62 edits (gfut cohort),21,played-axis/other,262,267,-5
River Stevens,SF,SF,202,217,222,20,15,15,0,,the 62 edits (gfut cohort),5,played-axis/other,578,575,3
Asher Eastham,SF,SF,202,217,222,20,15,15,0,,the 62 edits (gfut cohort),5,played-axis/other,577,574,3
Cooper Simpson,SD,SD,271,245,251,-20,-26,0,-26,,stage-A v0surf re-bake,6,curve+pool,528,552,-24
Tom Anastasopoulos,SF,SF,321,334,341,20,13,6,7,,the 62 edits (gfut cohort),7,played-axis/other; curve+pool,488,473,15
Angus Sheldrick,MID,MID,818,819,838,20,1,1,0,,the 62 edits (gfut cohort),19,played-axis/other,278,281,-3
Elijah Hollands,SF,SF,844,845,864,20,1,1,0,,the 62 edits (gfut cohort),19,played-axis/other,271,275,-4
Luke Pedlar,SF,SF,143,160,163,20,17,0,17,,stage-A v0surf re-bake,3,curve+pool,632,622,10
Buku Khamis,KPD,KPF,197,197,217,20,0,0,0,,,20,year0 bar KPD→KPF,582,583,-1
Nick Bryan,RUCK,RUCK,817,817,837,20,0,0,0,,,20,played-axis/other,279,283,-4
Paul Curtis,SF,SF,1503,1487,1522,19,-16,-16,0,,the 62 edits (gfut cohort),35,played-axis/other,168,173,-5
Toby Greene,SF,SF,1021,1017,1040,19,-4,-4,0,,the 62 edits (gfut cohort),23,2026 col-bar row MID→col SF,233,244,-11
Wil Dawson,KPD,KPD,624,591,605,-19,-33,-33,0,,the 62 edits (gfut cohort),14,played-axis/other,327,345,-18
Samuel Collins,KPD,KPD,795,793,814,19,-2,-2,0,,the 62 edits (gfut cohort),21,played-axis/other,282,285,-3
Matthew Kennedy,MID,MID,752,751,771,19,-1,-1,0,,the 62 edits (gfut cohort),20,played-axis/other,291,296,-5
Lance Collard,SF,SF,220,234,239,19,14,3,11,,the 62 edits (gfut cohort),5,played-axis/other; curve+pool,561,562,-1
Miles Bergman,SD,SD,830,830,849,19,0,0,0,,,19,played-axis/other,275,278,-3
Patrick Said,SF,SF,186,200,205,19,14,0,14,,stage-A v0surf re-bake,5,curve+pool,595,592,3
Jack Ison,SF,MID,604,610,623,19,6,6,0,,the 62 edits (gfut cohort),13,year0 bar SF→MID,334,340,-6
Tew Jiath,SD,SD,260,236,241,-19,-24,0,-24,,stage-A v0surf re-bake,5,curve+pool,539,559,-20
Tom Hanily,SF,SF,181,195,200,19,14,14,0,,the 62 edits (gfut cohort),5,played-axis/other,601,597,4
Joe Richards,SF,SF,1102,1096,1120,18,-6,-6,0,,the 62 edits (gfut cohort),24,played-axis/other,219,231,-12
Kade Chandler,SF,SF,1116,1108,1134,18,-8,-8,0,,the 62 edits (gfut cohort),26,played-axis/other,216,227,-11
Angus Clarke,SD,SD,789,789,807,18,0,0,0,,,18,played-axis/other,284,288,-4
Kai Lohmann,SF,SF,787,787,805,18,0,0,0,,,18,played-axis/other,285,290,-5
Cody Anderson,SF,SF,182,196,200,18,14,0,14,,stage-A v0surf re-bake,4,curve+pool,599,596,3
Mitchell Lewis,KPF,KPF,682,684,700,18,2,2,0,,the 62 edits (gfut cohort),16,played-axis/other,311,317,-6
Brodie Kemp,KPF,KPF,735,735,753,18,0,0,0,,,18,played-axis/other,297,299,-2
Rhys Unwin,SF,SF,185,199,203,18,14,0,14,,stage-A v0surf re-bake,4,curve+pool,596,594,2
Cooper Harvey,SF,SF,645,647,663,18,2,2,0,,the 62 edits (gfut cohort),16,played-axis/other,322,327,-5
Isaac Cumming,SD,MID,62,62,44,-18,0,0,0,,,-18,year0 bar SD→MID,709,737,-28
Darcy Parish,MID,MID,714,713,731,17,-1,-1,0,,the 62 edits (gfut cohort),18,played-axis/other,303,304,-1
Jack Buckley,KPD,KPD,723,723,740,17,0,0,0,,,17,played-axis/other,300,302,-2
Lucca Grego,SD,SD,268,245,251,-17,-23,0,-23,,stage-A v0surf re-bake,6,curve+pool,530,553,-23
Brayden Maynard,SD,SD,640,641,657,17,1,1,0,,the 62 edits (gfut cohort),16,played-axis/other,325,329,-4
Oliver Francou,MID,MID,548,552,565,17,4,4,0,,the 62 edits (gfut cohort),13,played-axis/other,362,359,3
Luker Kentfield,KPF,KPF,395,403,412,17,8,8,0,,the 62 edits (gfut cohort),9,played-axis/other,436,427,9
James O'Donnell,KPD,KPD,608,611,625,17,3,3,0,,the 62 edits (gfut cohort),14,played-axis/other,333,339,-6
Campbell Lake,SF,SF,203,216,220,17,13,13,0,,the 62 edits (gfut cohort),4,played-axis/other,575,577,-2
Nick Larkey,KPF,KPF,661,663,678,17,2,2,0,,the 62 edits (gfut cohort),15,played-axis/other,319,325,-6
Patrick Lipinski,SF,SF,912,907,928,16,-5,-5,0,,the 62 edits (gfut cohort),21,played-axis/other,259,264,-5
Cooper Sharman,KPF,KPF,673,673,689,16,0,0,0,,,16,played-axis/other,312,322,-10
Lachlan Smith,RUCK,RUCK,700,700,716,16,0,0,0,,,16,played-axis/other; curve+pool,308,311,-3
Lachlan Schultz,SF,SF,834,830,850,16,-4,-4,0,,the 62 edits (gfut cohort),20,played-axis/other,273,276,-3
Zac Walker,SD,KPD,280,258,264,-16,-22,-22,0,,the 62 edits (gfut cohort),6,year0 bar SD→KPD,520,539,-19
Lachlan Cowan,SD,SD,804,802,820,16,-2,-2,0,,the 62 edits (gfut cohort),18,played-axis/other,281,284,-3
Matthew Flynn,RUCK,RUCK,673,673,689,16,0,0,0,,,16,played-axis/other,313,323,-10
Ollie Greeves,MID,MID,647,648,663,16,1,1,0,,the 62 edits (gfut cohort),15,played-axis/other,321,328,-7
Jayden Nguyen,SD,SD,526,499,510,-16,-27,-27,0,,the 62 edits (gfut cohort),11,played-axis/other,374,382,-8
Thomas Burton,SF,MID,437,444,453,16,7,7,0,,the 62 edits (gfut cohort),9,year0 bar SF→MID,411,408,3
Malakai Champion,SF,SF,402,409,418,16,7,7,0,,the 62 edits (gfut cohort),9,played-axis/other,431,426,5
Tom Cochrane,SF,SF,254,264,270,16,10,10,0,,the 62 edits (gfut cohort),6,played-axis/other,541,536,5
Oscar Steene,RUCK,KPF,544,544,560,16,0,0,0,,,16,year0 bar RUCK→KPF,365,365,0
Oscar Adams,KPD,KPD,80,94,96,16,14,14,0,future_position: SD→KPD,the 62 edits (own row),2,played-axis/other,693,672,21
Nathan O'Driscoll,MID,MID,693,693,709,16,0,0,0,,,16,played-axis/other,309,313,-4
Xavier Taylor,SD,SD,887,881,902,15,-6,0,-6,,stage-A v0surf re-bake,21,played-axis/other; curve+pool,264,270,-6
Anthony Caminiti,KPF,KPF,1140,1130,1155,15,-10,-10,0,,the 62 edits (gfut cohort),25,played-axis/other,210,222,-12
Jack Whitlock,KPF,KPF,1310,1294,1325,15,-16,-16,0,,the 62 edits (gfut cohort),31,played-axis/other,193,201,-8
Ben Murphy,SD,SD,301,279,286,-15,-22,-22,0,,the 62 edits (gfut cohort),7,played-axis/other,501,516,-15
Kobe McDonald,SD,SD,301,279,286,-15,-22,-22,0,,the 62 edits (gfut cohort),7,played-axis/other,503,517,-14
Willem Drew,MID,MID,721,720,736,15,-1,-1,0,,the 62 edits (gfut cohort),16,played-axis/other,301,303,-2
Ricky Mentha,SF,SF,161,172,176,15,11,11,0,,the 62 edits (gfut cohort),4,played-axis/other,623,615,8
Benny Barrett,SF,SF,161,172,176,15,11,11,0,,the 62 edits (gfut cohort),4,played-axis/other,621,613,8
Lennox Hoffman,SD,SD,299,277,284,-15,-22,-22,0,,the 62 edits (gfut cohort),7,played-axis/other,507,521,-14
Keighton Matofai-Forbes,SD,SF,299,277,284,-15,-22,-22,0,,the 62 edits (gfut cohort),7,year0 bar SD→SF,505,520,-15
Harry Charleson,SD,SD,299,277,284,-15,-22,-22,0,,the 62 edits (gfut cohort),7,played-axis/other,504,519,-15
Nathan Wardius,SF,SF,161,172,176,15,11,11,0,,the 62 edits (gfut cohort),4,played-axis/other,622,614,8
Hudson O'Keeffe,KPF,KPF,286,295,301,15,9,9,0,,the 62 edits (gfut cohort),6,2026 col-bar row RUCK→col KPF,517,503,14
Will McLachlan,SF,SF,162,172,177,15,10,10,0,,the 62 edits (gfut cohort),5,played-axis/other,620,612,8
Logan McDonald,KPF,KPF,706,704,720,14,-2,-2,0,,the 62 edits (gfut cohort),16,played-axis/other,305,309,-4
Charlie Edwards,MID,SD,733,725,747,14,-8,-1,-7,,the 62 edits (gfut cohort),22,year0 bar MID→SD; curve+pool,298,301,-3
Isaac Quaynor,SD,SD,587,587,601,14,0,0,0,,,14,played-axis/other,339,346,-7
Caleb Lewis,KPF,KPF,205,215,219,14,10,10,0,,the 62 edits (gfut cohort),4,played-axis/other,571,579,-8
Max Kondogiannis,SD,SD,578,552,564,-14,-26,-26,0,,the 62 edits (gfut cohort),12,played-axis/other,348,361,-13
Indy Cotton,SD,SF,301,279,287,-14,-22,-22,0,,the 62 edits (gfut cohort),8,year0 bar SD→SF,502,513,-11
Adam Saad,SD,SD,601,602,615,14,1,1,0,,the 62 edits (gfut cohort),13,played-axis/other,336,341,-5
Calsher Dear,KPF,KPF,1002,993,1016,14,-9,-9,0,,the 62 edits (gfut cohort),23,played-axis/other,238,252,-14
Scott Pendlebury,MID,MID,470,470,484,14,0,0,0,,,14,played-axis/other,396,397,-1
Josh Lai,SD,SD,535,537,549,14,2,2,0,,the 62 edits (gfut cohort),12,2026 col-bar row MID→col SD,372,368,4
Billy Dowling,SF,SF,191,200,205,14,9,3,6,,the 62 edits (gfut cohort),5,played-axis/other; curve+pool,591,591,0
Rhett Bazzo,KPD,KPD,584,584,598,14,0,0,0,,,14,played-axis/other,343,348,-5
Max Ramsden,KPF,KPF,233,241,247,14,8,8,0,,the 62 edits (gfut cohort),6,played-axis/other,557,557,0
Dylan Stephens,MID,MID,491,493,505,14,2,2,0,,the 62 edits (gfut cohort),12,played-axis/other,385,383,2
Harry Kyle,SD,SD,1097,1084,1110,13,-13,-13,0,,the 62 edits (gfut cohort),26,played-axis/other,221,232,-11
Will Green,RUCK,RUCK,659,659,672,13,0,0,0,,,13,curve+pool,320,326,-6
Jai Murray,MID,MID,1330,1312,1343,13,-18,-18,0,,the 62 edits (gfut cohort),31,played-axis/other,190,200,-10
Jack Dalton,SF,MID,617,618,630,13,1,-7,8,,the 62 edits (gfut cohort),12,year0 bar SF→MID; curve+pool,329,336,-7
Joshua Kelly,MID,MID,536,535,549,13,-1,-1,0,,the 62 edits (gfut cohort),14,played-axis/other,371,369,2
Tobyn Murray,SF,SF,399,403,412,13,4,0,4,,stage-A v0surf re-bake,9,curve+pool,434,428,6
Balyn O'Brien,SD,SD,362,341,349,-13,-21,-21,0,,the 62 edits (gfut cohort),8,played-axis/other,455,466,-11
Jacob Molier,RUCK,RUCK,489,489,502,13,0,0,0,,,13,curve+pool,387,386,1
Fred Rodriguez,MID,SF,416,416,429,13,0,0,0,,,13,year0 bar MID→SF,419,418,1
Nick Driscoll,MID,SF,416,416,429,13,0,0,0,,,13,year0 bar MID→SF,420,419,1
Tom Brown,SD,SD,577,577,590,13,0,0,0,,,13,played-axis/other,350,350,0
Liam Baker,SD,SD,558,558,571,13,0,0,0,,,13,played-axis/other,359,356,3
James Borlase,KPD,KPD,551,551,564,13,0,0,0,,,13,played-axis/other,360,360,0
Harry Sharp,MID,SF,62,73,75,13,11,11,0,present_position: MID→SF,the 62 edits (own row),2,played-axis/other,708,701,7
Jy Farrar,SD,KPF,11,23,24,13,12,12,0,present_position: SD→KPF,the 62 edits (own row),1,played-axis/other,789,775,14
Shaun Mannagh,SF,SF,704,700,716,12,-4,-4,0,,the 62 edits (gfut cohort),16,played-axis/other,306,312,-6
Tai Hayes,SF,SF,262,268,274,12,6,0,6,,stage-A v0surf re-bake,6,curve+pool,537,527,10
Jaxon Artemis,SD,SD,370,350,358,-12,-20,-20,0,,the 62 edits (gfut cohort),8,played-axis/other,452,461,-9
Alex Dodson,RUCK,KPF,487,487,499,12,0,0,0,,,12,year0 bar RUCK→KPF; curve+pool,388,389,-1
Will Darcy,KPD,KPF,479,480,491,12,1,0,1,,stage-A v0surf re-bake,11,year0 bar KPD→KPF; curve+pool,392,395,-3
Matthew Jefferson,KPF,KPF,487,487,499,12,0,0,0,,,12,played-axis/other,389,390,-1
Max Gruzewski,KPF,KPF,549,548,561,12,-1,-1,0,,the 62 edits (gfut cohort),13,played-axis/other,361,364,-3
Cameron Rayner,SF,SF,870,861,882,12,-9,-9,0,,the 62 edits (gfut cohort),21,played-axis/other,266,272,-6
Francis Evans,SF,SF,468,468,480,12,0,0,0,,,12,played-axis/other,397,398,-1
Will Lorenz,MID,MID,427,429,439,12,2,2,0,,the 62 edits (gfut cohort),10,played-axis/other; curve+pool,414,414,0
Josh Draper,KPD,KPD,525,525,537,12,0,0,0,,,12,played-axis/other,375,374,1
Alex Davies,MID,MID,477,478,489,12,1,1,0,,the 62 edits (gfut cohort),11,played-axis/other,393,396,-3
Liam McMahon,KPF,KPF,197,205,209,12,8,2,6,,the 62 edits (gfut cohort),4,played-axis/other; curve+pool,583,587,-4
Sam Sturt,SF,SF,53,63,65,12,10,0,10,,stage-A v0surf re-bake,2,curve+pool,720,711,9
Koby Coulson,MID,MID,422,424,433,11,2,0,2,,stage-A v0surf re-bake,9,curve+pool,415,416,-1
Charlie Comben,KPD,KPD,1012,1012,1023,11,0,0,0,,,11,played-axis/other,237,249,-12
Eamonn Armstrong,SD,SD,196,181,185,-11,-15,-15,0,,the 62 edits (gfut cohort),4,played-axis/other,585,607,-22
Michael Sellwood,SD,SD,197,203,208,11,6,6,0,,the 62 edits (gfut cohort),5,played-axis/other,584,588,-4
Mitch Zadow,SF,SF,86,94,97,11,8,8,0,,the 62 edits (gfut cohort),3,played-axis/other,685,670,15
Riley Hamilton,SF,SF,329,333,340,11,4,4,0,,the 62 edits (gfut cohort),7,played-axis/other,482,476,6
Rob Monahan,SD,SD,187,171,176,-11,-16,-16,0,,the 62 edits (gfut cohort),5,played-axis/other,594,616,-22
Marc Pittonet,RUCK,RUCK,541,541,552,11,0,0,0,,,11,played-axis/other,368,366,2
James Worpel,MID,MID,490,490,501,11,0,0,0,,,11,played-axis/other,386,387,-1
Mitchell Hinge,SD,SD,468,468,479,11,0,0,0,,,11,played-axis/other,398,400,-2
Jack Bowes,MID,MID,105,113,116,11,8,0,8,,stage-A v0surf re-bake,3,curve+pool,657,647,10
Josh Battle,KPD,KPD,2263,2259,2273,10,-4,-4,0,,the 62 edits (gfut cohort),14,played-axis/other,95,102,-7
Sam Marshall,MID,MID,866,855,876,10,-11,-11,0,,the 62 edits (gfut cohort),21,played-axis/other,268,273,-5
Max Beattie,SF,SF,52,60,62,10,8,8,0,,the 62 edits (gfut cohort),2,played-axis/other,721,712,9
Kye Fincher,MID,SD,391,392,401,10,1,0,1,,stage-A v0surf re-bake,9,year0 bar MID→SD; curve+pool,437,434,3
Riley Onley,MID,MID,416,416,426,10,0,0,0,,,10,played-axis/other,421,421,0
Jack Viney,MID,MID,359,359,369,10,0,0,0,,,10,played-axis/other,459,454,5
Nick Murray,KPD,KPD,438,438,448,10,0,0,0,,,10,played-axis/other,408,411,-3
Oliver Wines,MID,MID,381,381,391,10,0,0,0,,,10,played-axis/other,446,442,4
Sam Butler,SF,SF,100,107,110,10,7,0,7,,stage-A v0surf re-bake,3,curve+pool,663,657,6
Judson Clarke,SF,SF,88,95,98,10,7,0,7,,stage-A v0surf re-bake,3,curve+pool,679,668,11
Hayden McLean,KPF,KPF,377,377,387,10,0,0,0,,,10,played-axis/other,448,445,3
Heath Chapman,SD,SD,483,483,493,10,0,0,0,,,10,played-axis/other,391,393,-2
Ryan Angwin,MID,MID,493,492,503,10,-1,-1,0,,the 62 edits (gfut cohort),11,played-axis/other,384,384,0
Samson Ryan,RUCK,RUCK,410,410,420,10,0,0,0,,,10,played-axis/other,424,424,0
Jacob Hopper,MID,MID,120,127,130,10,7,0,7,,stage-A v0surf re-bake,3,curve+pool,642,638,4
Jade Gresham,SF,SF,49,58,59,10,9,0,9,,stage-A v0surf re-bake,1,curve+pool,723,713,10
Blake Thredgold,KPD,KPD,562,559,571,9,-3,0,-3,,stage-A v0surf re-bake,12,curve+pool,356,355,1
Harry Barnett,RUCK,RUCK,620,620,629,9,0,0,0,,,9,curve+pool,328,338,-10
Toby Conway,RUCK,RUCK,568,568,577,9,0,0,0,,,9,curve+pool,354,353,1
Josh Gibcus,KPD,KPD,205,191,196,-9,-14,-14,0,,the 62 edits (gfut cohort),5,played-axis/other,573,602,-29
Matthew LeRay,MID,MID,381,381,390,9,0,0,0,,,9,curve+pool,445,444,1
Ashton Moir,SF,SF,296,298,305,9,2,-4,6,,the 62 edits (gfut cohort),7,played-axis/other; curve+pool,508,501,7
Liam Fawcett,KPF,KPF,517,514,526,9,-3,-3,0,,the 62 edits (gfut cohort),12,played-axis/other,378,377,1
Brennan Cox,KPD,KPD,376,376,385,9,0,0,0,,,9,played-axis/other,450,447,3
Mason Wood,SF,SF,513,509,522,9,-4,-4,0,,the 62 edits (gfut cohort),13,played-axis/other,380,380,0
Jake Riccardi,KPF,KPF,387,387,396,9,0,0,0,,,9,played-axis/other,440,436,4
Brady Hough,SD,SD,362,362,371,9,0,0,0,,,9,played-axis/other,456,453,3
Jeremy Howe,SD,SD,358,359,367,9,1,1,0,,the 62 edits (gfut cohort),8,played-axis/other,460,456,4
Tom Atkins,MID,MID,410,409,419,9,-1,-1,0,,the 62 edits (gfut cohort),10,played-axis/other,425,425,0
Mabior Chol,KPF,KPF,388,388,397,9,0,0,0,,,9,played-axis/other,439,435,4
Liam Duggan,SD,SD,356,357,365,9,1,1,0,,the 62 edits (gfut cohort),8,played-axis/other,462,457,5
Judd McVee,SD,SD,377,377,386,9,0,0,0,,,9,played-axis/other,449,446,3
Jaxon Prior,SD,SD,381,381,390,9,0,0,0,,,9,played-axis/other,444,443,1
Callum Coleman-Jones,KPF,RUCK,39,47,48,9,8,0,8,,stage-A v0surf re-bake,1,year0 bar KPF→RUCK; curve+pool,745,729,16
Patrick Dangerfield,MID,SF,82,89,91,9,7,0,7,present_position: MID→SF,the 62 edits (own row),2,curve+pool,690,683,7
Jesse Mellor,MID,SF,295,295,303,8,0,0,0,,,8,year0 bar MID→SF,511,502,9
Ben King,KPF,KPF,341,341,349,8,0,0,0,,,8,played-axis/other,472,467,5
Max Knobel,RUCK,RUCK,508,508,516,8,0,0,0,,,8,curve+pool,382,381,1
Angus Hastie,SD,SD,331,331,339,8,0,0,0,,,8,played-axis/other,479,477,2
Milan Murdock,SF,SF,345,345,353,8,0,0,0,,,8,played-axis/other,470,465,5
Leek Aleer,KPD,KPD,279,280,287,8,1,1,0,,the 62 edits (gfut cohort),7,played-axis/other,521,514,7
Sam Clohesy,MID,MID,262,263,270,8,1,1,0,,the 62 edits (gfut cohort),7,played-axis/other,535,535,0
Zane Zakostelsky,KPD,KPD,467,465,475,8,-2,-1,-1,,the 62 edits (gfut cohort),10,played-axis/other; curve+pool,399,402,-3
Kye Annand,KPD,KPD,173,176,181,8,3,3,0,,the 62 edits (gfut cohort),5,played-axis/other,609,609,0
Tom Doedee,SD,SD,353,353,361,8,0,0,0,,,8,played-axis/other,465,460,5
Kaleb Smith,SD,SD,130,119,122,-8,-11,0,-11,,stage-A v0surf re-bake,3,curve+pool,637,643,-6
Corey Warner,SF,SF,74,80,82,8,6,0,6,,stage-A v0surf re-bake,2,curve+pool,700,692,8
Jarrod Berry,MID,MID,324,324,332,8,0,0,0,,,8,played-axis/other,484,484,0
Jesse Hogan,KPF,KPF,321,321,329,8,0,0,0,,,8,played-axis/other,487,489,-2
Mitchell Knevitt,MID,MID,169,173,177,8,4,4,0,,the 62 edits (gfut cohort),4,played-axis/other,610,610,0
Jack Williams,KPF,KPF,532,527,540,8,-5,-5,0,,the 62 edits (gfut cohort),13,played-axis/other,373,373,0
Zach Guthrie,SD,SD,319,319,327,8,0,0,0,,,8,played-axis/other,490,490,0
Ned Reeves,RUCK,RUCK,322,322,330,8,0,0,0,,,8,played-axis/other,486,487,-1
Liam Henry,SF,SF,84,89,92,8,5,0,5,,stage-A v0surf re-bake,3,curve+pool,688,678,10
Hunter Holmes,MID,MID,577,570,584,7,-7,0,-7,,stage-A v0surf re-bake,14,curve+pool,349,351,-2
Riley Bice,SD,SD,333,333,340,7,0,0,0,,,7,played-axis/other,477,475,2
Lewis Hayes,KPD,SD,372,371,379,7,-1,0,-1,,stage-A v0surf re-bake,8,year0 bar KPD→SD; curve+pool,451,449,2
Archie May,KPF,KPF,471,468,478,7,-3,-3,0,,the 62 edits (gfut cohort),10,played-axis/other,395,401,-6
Ben Camporeale,MID,MID,290,291,297,7,1,0,1,,stage-A v0surf re-bake,6,curve+pool,513,506,7
Matt Hill,SF,SD,116,121,123,7,5,5,0,,the 62 edits (gfut cohort),2,year0 bar SF→SD,645,642,3
Archie Perkins,SF,SF,302,302,309,7,0,0,0,,,7,played-axis/other,500,500,0
Cillian Burke,SD,SD,98,89,91,-7,-9,-9,0,,the 62 edits (gfut cohort),2,played-axis/other,665,681,-16
Tom Gross,MID,SF,637,616,644,7,-21,-21,0,,the 62 edits (gfut cohort),28,year0 bar MID→SF,326,332,-6
Clay Hall,MID,MID,347,347,354,7,0,0,0,,,7,played-axis/other; curve+pool,469,463,6
Lucas Camporeale,MID,MID,250,250,257,7,0,0,0,,,7,curve+pool,544,543,1
Brayden Fiorini,MID,MID,278,278,285,7,0,0,0,,,7,played-axis/other,522,518,4
Tom Papley,SF,SF,525,519,532,7,-6,-6,0,,the 62 edits (gfut cohort),13,played-axis/other,376,376,0
Edward Allan,MID,MID,842,829,849,7,-13,-13,0,,the 62 edits (gfut cohort),20,played-axis/other,272,277,-5
Harvey Johnston,SD,SD,250,251,257,7,1,1,0,,the 62 edits (gfut cohort),6,played-axis/other,543,542,1
Steely Green,SF,SF,168,171,175,7,3,3,0,,the 62 edits (gfut cohort),4,played-axis/other,612,617,-5
Noah Long,SF,SF,199,200,206,7,1,1,0,,the 62 edits (gfut cohort),6,played-axis/other,580,590,-10
Charlie Cameron,SF,SF,288,288,295,7,0,0,0,,,7,played-axis/other,515,508,7
Finnbar Maley,KPF,KPF,305,305,312,7,0,0,0,,,7,played-axis/other,499,498,1
Toby Murray,KPF,KPF,284,284,291,7,0,0,0,,,7,played-axis/other,518,512,6
Ben Ainsworth,SF,SF,312,312,319,7,0,0,0,,,7,played-axis/other,494,492,2
Conor Nash,MID,MID,341,341,348,7,0,0,0,,,7,played-axis/other,473,468,5
Blake Acres,MID,MID,244,244,251,7,0,0,0,,,7,played-axis/other,553,551,2
Bailey Laurie,SF,SF,69,74,76,7,5,0,5,,stage-A v0surf re-bake,2,curve+pool,705,700,5
Eric Hipwood,KPF,KPF,44,50,51,7,6,0,6,,stage-A v0surf re-bake,1,curve+pool,734,726,8
Ryan Byrnes,MID,SD,89,94,96,7,5,5,0,present_position: MID→SD,the 62 edits (own row),2,played-axis/other,677,673,4
Jack Martin,SF,SF,97,102,104,7,5,0,5,,stage-A v0surf re-bake,2,curve+pool,667,662,5
Steele Sidebottom,MID,MID,99,104,106,7,5,0,5,,stage-A v0surf re-bake,2,curve+pool,664,660,4
Conor McKenna,SD,SF,2,9,9,7,7,7,0,present_position: SD→SF,the 62 edits (own row),0,,800,795,5
Max King,KPF,KPF,332,332,338,6,0,0,0,,,6,played-axis/other,478,479,-1
Sam Allen,MID,SF,687,676,693,6,-11,0,-11,,stage-A v0surf re-bake,17,year0 bar MID→SF; curve+pool,310,320,-10
Tyan Prindable,MID,MID,601,593,607,6,-8,0,-8,,stage-A v0surf re-bake,14,curve+pool,337,344,-7
Harrison Ramm,KPD,KPD,388,386,394,6,-2,-2,0,,the 62 edits (gfut cohort),8,played-axis/other,438,438,0
Cooper Bell,KPD,KPF,323,321,329,6,-2,0,-2,,stage-A v0surf re-bake,8,year0 bar KPD→KPF; curve+pool,485,488,-3
Luke Urquhart,MID,MID,245,245,251,6,0,0,0,,,6,curve+pool,552,554,-2
Tylar Young,KPD,KPD,313,313,319,6,0,0,0,,,6,played-axis/other,493,493,0
Isaiah Dudley,SF,SF,113,117,119,6,4,4,0,,the 62 edits (gfut cohort),2,played-axis/other,647,646,1
Jack Watkins,MID,SF,3,3,9,6,0,0,0,,,6,year0 bar MID→SF; 2026 col-bar row MID→col SF,799,796,3
Toby McMullin,SF,MID,149,152,155,6,3,3,0,,the 62 edits (gfut cohort),3,year0 bar SF→MID,631,629,2
Zac Banch,SF,SF,42,47,48,6,5,5,0,,the 62 edits (gfut cohort),1,played-axis/other,741,731,10
Campbell Chesser,MID,MID,351,350,357,6,-1,-1,0,,the 62 edits (gfut cohort),7,played-axis/other,466,462,4
Alex Neal-Bullen,SF,SF,420,416,426,6,-4,-4,0,,the 62 edits (gfut cohort),10,played-axis/other,416,420,-4
Blake Howes,SD,SD,334,333,340,6,-1,-1,0,,the 62 edits (gfut cohort),7,played-axis/other,476,474,2
Bailey Macdonald,SD,SD,179,181,185,6,2,2,0,,the 62 edits (gfut cohort),4,played-axis/other,603,606,-3
Will Edwards,KPD,KPD,273,273,279,6,0,0,0,,,6,played-axis/other,526,525,1
Sam Powell-Pepper,SF,SF,272,272,278,6,0,0,0,,,6,played-axis/other,527,526,1
Bayley Fritsch,SF,SF,246,246,252,6,0,0,0,,,6,played-axis/other,550,550,0
Josh Goater,SD,SD,102,94,96,-6,-8,0,-8,,stage-A v0surf re-bake,2,curve+pool,659,671,-12
Toby Bedford,SF,SF,266,266,272,6,0,0,0,,,6,played-axis/other,533,531,2
Robert Hansen,SF,SF,121,124,127,6,3,3,0,,the 62 edits (gfut cohort),3,played-axis/other,640,640,0
Tyson Stengle,SF,SF,249,249,255,6,0,0,0,,,6,played-axis/other,545,549,-4
Harvey Harrison,SF,SF,61,66,67,6,5,0,5,,stage-A v0surf re-bake,1,curve+pool,710,710,0
Cody Weightman,SF,SF,213,214,219,6,1,1,0,,the 62 edits (gfut cohort),5,played-axis/other,567,580,-13
Callum Ah Chee,SF,SF,86,90,92,6,4,0,4,,stage-A v0surf re-bake,2,curve+pool,683,677,6
Oskar Taylor,SD,SD,754,741,759,5,-13,0,-13,,stage-A v0surf re-bake,18,curve+pool,290,298,-8
Harry O'Farrell,KPD,KPD,937,911,932,-5,-26,-26,0,,the 62 edits (gfut cohort),21,played-axis/other,251,263,-12
Joel Cochran,KPD,SD,328,325,333,5,-3,0,-3,,stage-A v0surf re-bake,8,year0 bar KPD→SD; curve+pool,483,481,2
Max Michalanney,SD,SD,568,560,573,5,-8,-8,0,,the 62 edits (gfut cohort),13,played-axis/other,353,354,-1
Patrick Snell,KPD,KPF,246,245,251,5,-1,0,-1,,stage-A v0surf re-bake,6,year0 bar KPD→KPF; curve+pool,551,555,-4
Jaren Carr,SF,SF,213,213,218,5,0,0,0,,,5,curve+pool,568,582,-14
Matt Duffy,SD,KPD,165,153,160,-5,-12,-12,0,,the 62 edits (gfut cohort),7,year0 bar SD→KPD,614,626,-12
Hugo Hall-Kahan,SD,SD,229,228,234,5,-1,-1,0,,the 62 edits (gfut cohort),6,2026 col-bar row MID→col SD,559,568,-9
George Stevens,MID,MID,405,400,410,5,-5,-5,0,,the 62 edits (gfut cohort),10,played-axis/other; curve+pool,429,430,-1
Campbell Gray,KPD,KPD,266,264,271,5,-2,-2,0,,the 62 edits (gfut cohort),7,2026 col-bar row RUCK→col KPD,532,533,-1
Bodie Ryan,SD,SD,337,334,342,5,-3,1,-4,,the 62 edits (gfut cohort),8,played-axis/other; curve+pool,475,472,3
Oliver Hayes-Brown,RUCK,RUCK,274,274,279,5,0,0,0,,,5,played-axis/other,525,524,1
Ben Keays,SF,SF,444,439,449,5,-5,-5,0,,the 62 edits (gfut cohort),10,played-axis/other,407,410,-3
Henry Hustwaite,MID,MID,274,273,279,5,-1,0,-1,,stage-A v0surf re-bake,6,played-axis/other; curve+pool,524,523,1
Darcy Moore,KPD,KPD,232,232,237,5,0,0,0,,,5,played-axis/other,558,564,-6
Sandy Brock,KPD,KPD,262,262,267,5,0,0,0,,,5,played-axis/other,536,537,-1
Shadeau Brain,SD,SD,115,108,110,-5,-7,-7,0,,the 62 edits (gfut cohort),2,played-axis/other,646,658,-12
Daniel McStay,KPF,KPF,234,234,239,5,0,0,0,,,5,played-axis/other,556,561,-5
Taylor Walker,KPF,KPF,214,215,219,5,1,1,0,,the 62 edits (gfut cohort),4,played-axis/other,566,581,-15
Will Hayward,SF,SF,219,219,224,5,0,0,0,,,5,played-axis/other,563,573,-10
Tim Membrey,KPF,KPF,207,207,212,5,0,0,0,,,5,played-axis/other,569,584,-15
Jarrod Witts,RUCK,RUCK,219,219,224,5,0,0,0,,,5,played-axis/other,562,572,-10
Beau McCreery,SF,SF,194,194,199,5,0,0,0,,,5,played-axis/other,588,598,-10
Jack Payne,KPD,KPD,168,168,173,5,0,0,0,,,5,played-axis/other,611,618,-7
Jackson Archer,SD,SD,80,73,75,-5,-7,0,-7,,stage-A v0surf re-bake,2,curve+pool,692,702,-10
Jai Culley,MID,MID,240,240,245,5,0,0,0,,,5,played-axis/other,554,558,-4
Zac Fisher,SF,SF,180,180,185,5,0,0,0,,,5,played-axis/other,602,608,-6
Rhylee West,SF,SF,216,216,221,5,0,0,0,,,5,played-axis/other,565,576,-11
Xavier Duursma,MID,MID,203,203,208,5,0,0,0,,,5,played-axis/other,576,589,-13
Tom Lynch,KPF,KPF,48,51,53,5,3,0,3,,stage-A v0surf re-bake,2,curve+pool,727,724,3
Joel Hamling,KPD,KPD,38,33,33,-5,-5,-9,4,present_position: KPD→KPF; future_position: KPD→KPF,the 62 edits (own row),0,year0 bar KPF→KPD,748,758,-10
Jake Melksham,SF,KPF,48,52,53,5,4,0,4,present_position: SF→KPF,the 62 edits (own row),1,curve+pool,725,723,2
Harley Barker,MID,MID,745,731,749,4,-14,0,-14,,stage-A v0surf re-bake,18,curve+pool,293,300,-7
James Barrat,KPD,KPF,387,383,391,4,-4,0,-4,,stage-A v0surf re-bake,8,year0 bar KPD→KPF; curve+pool,441,440,1
Ollie Murphy,KPD,KPD,288,285,292,4,-3,0,-3,,stage-A v0surf re-bake,7,curve+pool,516,511,5
Harrison Coe,RUCK,RUCK,163,163,167,4,0,0,0,,,4,played-axis/other,618,620,-2
Luke Lloyd,KPF,KPF,283,280,287,4,-3,0,-3,present_position: KPF→KPD,the 62 edits (own row),7,year0 bar KPD→KPF; curve+pool,519,515,4
Hugh Davies,KPD,KPD,310,307,314,4,-3,0,-3,,stage-A v0surf re-bake,7,curve+pool,495,497,-2
Sam Davidson,SF,SF,78,80,82,4,2,0,2,,stage-A v0surf re-bake,2,2026 col-bar row MID→col SF; curve+pool,696,693,3
Riak Andrew,KPD,KPD,296,294,300,4,-2,0,-2,,stage-A v0surf re-bake,6,curve+pool,510,504,6
Billy Cootee,MID,MID,101,103,105,4,2,0,2,,stage-A v0surf re-bake,2,curve+pool,660,661,-1
Jed Adams,KPD,KPD,267,264,271,4,-3,0,-3,,stage-A v0surf re-bake,7,curve+pool,531,534,-3
Reece Torrent,MID,MID,198,198,202,4,0,0,0,,,4,curve+pool,581,595,-14
Will Lewis,KPF,KPF,12,15,16,4,3,3,0,,the 62 edits (gfut cohort),1,played-axis/other,788,785,3
Harvey Gallagher,SF,SD,138,138,142,4,0,0,0,present_position: SF→SD,,4,curve+pool,634,634,0
James Trezise,SD,SD,163,163,167,4,0,0,0,,,4,played-axis/other,619,621,-2
Harrison Jones,KPF,KPF,205,204,209,4,-1,-1,0,,the 62 edits (gfut cohort),5,played-axis/other,572,586,-14
Jayden Laverde,KPD,KPD,294,294,298,4,0,0,0,,,4,played-axis/other,512,505,7
Hugh Bond,SD,SD,194,193,198,4,-1,-1,0,,the 62 edits (gfut cohort),5,played-axis/other,590,599,-9
Paddy Dow,MID,MID,165,165,169,4,0,0,0,,,4,curve+pool,615,619,-4
Jack Darling,KPF,KPF,199,199,203,4,0,0,0,,,4,played-axis/other,579,593,-14
Lachlan Jones,SD,SD,152,152,156,4,0,0,0,,,4,played-axis/other,628,628,0
Tom McDonald,KPD,KPD,182,182,186,4,0,0,0,,,4,played-axis/other,600,605,-5
Jake Stringer,SF,SF,138,138,142,4,0,0,0,,,4,played-axis/other,635,635,0
Jack Carroll,MID,SD,96,98,100,4,2,2,0,present_position: MID→SD,the 62 edits (own row),2,2026 col-bar row MID→col SD,668,667,1
Maurice Rioli,SF,SF,42,45,46,4,3,0,3,,stage-A v0surf re-bake,1,curve+pool,740,734,6
Griffin Logue,KPD,KPD,126,126,130,4,0,0,0,,,4,played-axis/other,639,637,2
Tyler Brockman,SF,SF,76,79,80,4,3,3,0,,the 62 edits (gfut cohort),1,played-axis/other,699,697,2
Jack Scrimshaw,SD,SD,154,154,158,4,0,0,0,,,4,played-axis/other,627,627,0
Finn Maginness,MID,SF,34,37,38,4,3,0,3,present_position: MID→SF,the 62 edits (own row),1,curve+pool,758,750,8
Harry Edwards,KPD,KPD,157,157,161,4,0,0,0,,,4,played-axis/other,626,624,2
Jackson Mead,MID,MID,36,39,40,4,3,0,3,present_position: MID→SF,the 62 edits (own row),1,year0 bar SF→MID; curve+pool,751,743,8
Charlie Spargo,SF,SF,34,37,38,4,3,0,3,,stage-A v0surf re-bake,1,curve+pool,757,749,8
Lachlan Sholl,MID,MID,216,216,220,4,0,0,0,,,4,played-axis/other,564,578,-14
Elijah Hewett,MID,MID,779,764,782,3,-15,-15,0,,the 62 edits (gfut cohort),18,played-axis/other,288,293,-5
Riley Hardeman,SD,SD,320,310,317,-3,-10,0,-10,,stage-A v0surf re-bake,7,played-axis/other; curve+pool,489,495,-6
Harry DeMattia,MID,MID,476,468,479,3,-8,0,-8,,stage-A v0surf re-bake,11,curve+pool,394,399,-5
Josh Sinn,SD,SD,183,182,186,3,-1,-1,0,,the 62 edits (gfut cohort),4,played-axis/other,597,604,-7
Zac Taylor,SF,SF,258,255,261,3,-3,-3,0,,the 62 edits (gfut cohort),6,played-axis/other,540,541,-1
Oliver Wiltshire,SF,SF,98,99,101,3,1,0,1,,stage-A v0surf re-bake,2,curve+pool,666,666,0
Luke Nankervis,SD,MID,457,457,460,3,0,0,0,,,3,year0 bar SD→MID; 2026 col-bar row SD→col MID,402,406,-4
Nikolas Cox,MID,MID,174,178,177,3,4,4,0,present_position: MID→KPF,the 62 edits (own row),-1,year0 bar KPF→MID,607,611,-4
James Tunstill,MID,MID,108,108,111,3,0,0,0,,,3,played-axis/other,656,653,3
Esava Ratugolea,KPD,KPD,117,117,120,3,0,0,0,,,3,played-axis/other,644,645,-1
Cameron Zurhaar,SF,SF,159,159,162,3,0,0,0,,,3,played-axis/other,624,623,1
Jack Higgins,SF,SF,132,132,135,3,0,0,0,,,3,played-axis/other,636,636,0
Oscar Allen,KPF,KPF,158,158,161,3,0,0,0,,,3,played-axis/other,625,625,0
Jackson Macrae,MID,MID,140,140,143,3,0,0,0,,,3,played-axis/other,633,633,0
Michael Frederick,SF,SF,111,111,114,3,0,0,0,,,3,played-axis/other,651,652,-1
Lachlan Bramble,SF,SF,94,94,97,3,0,0,0,,,3,played-axis/other,670,669,1
Harry Perryman,SD,SD,120,120,123,3,0,0,0,,,3,played-axis/other,641,641,0
Tom Barrass,KPD,KPD,113,113,116,3,0,0,0,,,3,played-axis/other,650,650,0
Ollie Lord,KPF,KPF,151,151,154,3,0,0,0,,,3,played-axis/other,630,630,0
Riley Garcia,SF,SF,113,113,116,3,0,0,0,,,3,played-axis/other,648,649,-1
Brandon Zerk-Thatcher,KPD,KPD,86,86,89,3,0,0,0,,,3,played-axis/other,682,685,-3
Jamie Cripps,SF,SF,36,38,39,3,2,0,2,,stage-A v0surf re-bake,1,curve+pool,753,748,5
James Leake,SD,SF,544,525,546,2,-19,-19,0,,the 62 edits (gfut cohort),21,year0 bar SD→SF,364,370,-6
Joel Fitzgerald,MID,MID,78,78,80,2,0,0,0,,,2,played-axis/other,695,696,-1
Bruce Reville,MID,MID,72,72,74,2,0,0,0,,,2,played-axis/other,701,703,-2
Harry Rowston,MID,MID,642,630,644,2,-12,-12,0,,the 62 edits (gfut cohort),14,played-axis/other,323,331,-8
Luke Kennedy,MID,MID,523,514,525,2,-9,-9,0,,the 62 edits (gfut cohort),11,played-axis/other,377,378,-1
Ewan Mackinlay,SF,SF,45,46,47,2,1,1,0,,the 62 edits (gfut cohort),1,played-axis/other,732,733,-1
Tom Edwards,KPF,KPF,89,89,91,2,0,0,0,,,2,played-axis/other,678,684,-6
Jack Hutchinson,MID,MID,37,37,39,2,0,0,0,,,2,played-axis/other,749,747,2
Jack Buller,KPF,KPF,91,91,93,2,0,0,0,,,2,played-axis/other,674,676,-2
Wade Derksen,KPD,KPD,84,84,86,2,0,0,0,,,2,played-axis/other,689,690,-1
Charlie Ballard,KPD,KPD,84,84,86,2,0,0,0,,,2,played-axis/other,687,688,-1
Brandon Walker,SD,SD,91,91,93,2,0,0,0,,,2,played-axis/other,673,675,-2
Nick Vlastuin,SD,SD,109,109,111,2,0,0,0,,,2,played-axis/other,655,654,1
Nick Haynes,SD,SD,101,101,103,2,0,0,0,,,2,played-axis/other,662,663,-1
Dougal Howard,KPD,KPD,87,87,89,2,0,0,0,,,2,played-axis/other,681,686,-5
Lachlan Fogarty,SF,SF,71,71,73,2,0,0,0,,,2,played-axis/other,702,704,-2
Todd Marshall,KPF,KPF,113,113,115,2,0,0,0,,,2,played-axis/other,649,651,-2
Elliott Himmelberg,KPF,KPF,89,89,91,2,0,0,0,,,2,played-axis/other,676,682,-6
Harry Morrison,MID,MID,53,53,55,2,0,0,0,,,2,played-axis/other,719,719,0
Caleb Graham,KPD,KPD,70,70,72,2,0,0,0,,,2,played-axis/other,703,705,-2
Matt Guelfi,SF,SF,17,18,19,2,1,1,0,,the 62 edits (gfut cohort),1,played-axis/other,785,781,4
Nicholas Holman,SF,SF,25,27,27,2,2,0,2,,stage-A v0surf re-bake,0,,774,768,6
Daniel Butler,SF,SF,19,21,21,2,2,2,0,,the 62 edits (gfut cohort),0,,781,777,4
Jed Bews,SD,SD,36,33,34,-2,-3,-3,0,,the 62 edits (gfut cohort),1,played-axis/other,754,755,-1
Lachlan Blakiston,KPD,KPD,19,19,20,1,0,0,0,,,1,2026 col-bar row RUCK→col KPD,782,779,3
Cody Angove,MID,SF,562,550,563,1,-12,0,-12,,stage-A v0surf re-bake,13,year0 bar MID→SF; curve+pool,357,362,-5
Charlie West,KPF,KPF,613,598,612,-1,-15,-25,10,,the 62 edits (gfut cohort),14,played-axis/other; curve+pool,332,342,-10
Oscar Berry,KPD,KPD,93,90,92,-1,-3,-3,0,,the 62 edits (gfut cohort),2,played-axis/other,671,679,-8
Xavier Walsh,KPD,KPF,262,257,263,1,-5,-5,0,,the 62 edits (gfut cohort),6,year0 bar KPD→KPF,538,540,-2
Luke Beecken,MID,MID,20,20,21,1,0,0,0,,,1,played-axis/other,779,778,1
Jamarra Ugle-Hagan,KPF,KPF,354,344,353,-1,-10,-10,0,,the 62 edits (gfut cohort),9,played-axis/other,463,464,-1
Paddy Cross,SF,SF,35,36,36,1,1,1,0,,the 62 edits (gfut cohort),0,,756,754,2
Liam Puncher,KPD,KPD,101,99,102,1,-2,-2,0,,the 62 edits (gfut cohort),3,played-axis/other,661,664,-3
Jesse Motlop,SF,SF,109,107,110,1,-2,-2,0,,the 62 edits (gfut cohort),3,played-axis/other,654,656,-2
Flynn Young,SF,SF,10,11,11,1,1,1,0,,the 62 edits (gfut cohort),0,,793,789,4
Jack Henderson,SF,SF,6,6,7,1,0,0,0,,,1,played-axis/other,797,797,0
Liam O'Connell,SD,SD,41,41,42,1,0,0,0,,,1,played-axis/other,742,741,1
Mykelti Lefau,KPF,KPF,37,37,38,1,0,0,0,,,1,played-axis/other,750,752,-2
Arthur Jones,SF,SF,128,126,129,1,-2,-2,0,,the 62 edits (gfut cohort),3,played-axis/other,638,639,-1
Luke Cleary,SD,SD,77,76,78,1,-1,0,-1,,stage-A v0surf re-bake,2,curve+pool,698,698,0
Nicholas Coffield,SD,SD,54,53,55,1,-1,0,-1,,stage-A v0surf re-bake,2,curve+pool,718,721,-3
Andy Moniz-Wakefield,SF,SD,45,44,44,-1,-1,-1,0,present_position: SF→SD,the 62 edits (own row),0,,731,736,-5
Corey Durdin,SF,SF,67,67,68,1,0,0,0,,,1,played-axis/other,706,707,-1
Reef McInnes,KPD,KPD,80,79,81,1,-1,0,-1,,stage-A v0surf re-bake,2,curve+pool,694,695,-1
Jacob Wehr,SD,SD,24,24,25,1,0,0,0,,,1,curve+pool,775,772,3
Lachlan McNeil,SF,SF,25,25,26,1,0,0,0,,,1,played-axis/other,773,771,2
Darcy Fort,RUCK,RUCK,54,54,55,1,0,0,0,,,1,played-axis/other,716,718,-2
Lewis Melican,KPD,KPD,58,58,59,1,0,0,0,,,1,played-axis/other,712,714,-2
Corey Wagner,SD,SD,42,42,43,1,0,0,0,,,1,played-axis/other,738,740,-2
Oscar McDonald,KPD,KPD,43,43,44,1,0,0,0,,,1,played-axis/other,736,738,-2
Jamie Elliott,SF,SF,32,33,33,1,1,0,1,,stage-A v0surf re-bake,0,,762,757,5
Brody Mihocek,KPF,KPF,10,10,11,1,0,0,0,,,1,played-axis/other,791,788,3
Bradley Close,SF,SF,38,38,39,1,0,0,0,,,1,played-axis/other,746,746,0
Sam Switkowski,SF,SF,24,24,25,1,0,0,0,,,1,played-axis/other,777,774,3
Luke McDonald,SD,SD,54,53,55,1,-1,0,-1,,stage-A v0surf re-bake,2,curve+pool,717,720,-3
Lincoln McCarthy,SF,SF,24,24,25,1,0,0,0,,,1,played-axis/other,776,773,3
Aidan Corr,KPD,KPD,51,51,52,1,0,0,0,,,1,curve+pool,722,725,-3
Changkuoth Jiath,SD,SD,30,30,31,1,0,0,0,,,1,played-axis/other,768,765,3
Callum M. Brown,SF,SF,66,66,67,1,0,0,0,,,1,played-axis/other,707,709,-2
Toby Pink,KPD,KPD,16,16,17,1,0,0,0,,,1,played-axis/other,786,784,2
Darcy Gardiner,KPD,KPD,47,47,48,1,0,0,0,,,1,curve+pool,728,730,-2
Bobby Hill,SF,SF,46,46,47,1,0,0,0,,,1,played-axis/other,730,732,-2
Ben Long,SF,SF,32,33,33,1,1,0,1,,stage-A v0surf re-bake,0,,761,756,5
Bailey Scott,MID,MID,30,30,31,1,0,0,0,,,1,curve+pool,767,764,3
Malcolm Rosas,SF,SF,31,31,32,1,0,0,0,,,1,played-axis/other,765,762,3
Noah Answerth,SD,SD,31,31,32,1,0,0,0,,,1,curve+pool,766,763,3
Liam Ryan,SF,SF,30,30,31,1,0,0,0,,,1,curve+pool,769,766,3
Darragh Joyce,KPD,KPD,12,12,13,1,0,0,0,,,1,played-axis/other,787,787,0
Hugo Ralphsmith,MID,MID,44,44,45,1,0,0,0,,,1,played-axis/other,735,735,0
Liam Stocker,SD,SD,42,40,41,-1,-2,0,-2,,stage-A v0surf re-bake,1,curve+pool,739,742,-3
Laitham Vandermeer,SF,SF,32,33,33,1,1,0,1,,stage-A v0surf re-bake,0,,763,759,4
Oskar Baker,MID,SF,32,32,33,1,0,0,0,,,1,year0 bar MID→SF; 2026 col-bar row SD→col SF; curve+pool,764,760,4
Brandon Starcevich,SD,SD,44,42,43,-1,-2,0,-2,,stage-A v0surf re-bake,1,curve+pool,733,739,-6
Dylan Patterson,SD,SD,1137,1112,1137,0,-25,-24,-1,,the 62 edits (gfut cohort),25,,211,225,-14
Lukas Cooke,KPD,KPD,151,147,151,0,-4,-4,0,,the 62 edits (gfut cohort),4,,629,631,-2
Zak Evans,MID,MID,4,4,4,0,0,0,0,,,0,,798,799,-1
Tom Blamires,SD,SD,95,93,95,0,-2,-2,0,,the 62 edits (gfut cohort),2,,669,674,-5
Flynn Perez,SD,SD,10,10,10,0,0,0,0,,,0,,792,791,1
Roan Steele,MID,MID,22,21,22,0,-1,-1,0,,the 62 edits (gfut cohort),1,,778,776,2
Ben Jepson,MID,MID,10,10,10,0,0,0,0,,,0,,790,790,0
Mani Liddy,MID,MID,30,30,30,0,0,0,0,,,0,,770,767,3
Wil Parker,SD,SD,27,27,27,0,0,0,0,,,0,,772,770,2
Saad El-Hawli,SD,SD,19,19,19,0,0,0,0,,,0,,783,782,1
Lachie Sullivan,SF,SF,1,1,1,0,0,0,0,,,0,,803,803,0
Oisin Mullin,SD,SD,10,10,10,0,0,0,0,,,0,,795,794,1
James Blanck,KPD,KPD,36,36,36,0,0,0,0,,,0,,752,753,-1
Conor Stone,SF,SD,87,86,87,0,-1,0,-1,present_position: SF→SD,the 62 edits (own row),1,,680,687,-7
Finlay Macrae,MID,SF,110,107,110,0,-3,0,-3,,stage-A v0surf re-bake,3,year0 bar MID→SF,653,655,-2
Rhyan Mansell,SF,SF,86,86,86,0,0,0,0,,,0,,686,689,-3
Jordan Boyd,SD,SD,7,7,7,0,0,0,0,,,0,,796,798,-2
Lachlan Weller,MID,MID,81,79,81,0,-2,0,-2,,stage-A v0surf re-bake,2,,691,694,-3
Joel Amartey,KPF,KPF,57,55,57,0,-2,-2,0,,the 62 edits (gfut cohort),2,,714,716,-2
Hunter Clark,SD,MID,57,56,57,0,-1,0,-1,,stage-A v0surf re-bake,1,year0 bar SD→MID,713,715,-2
Jordon Butts,KPD,KPD,17,17,17,0,0,0,0,,,0,,784,783,1
Mark O'Connor,SD,SD,20,20,20,0,0,0,0,,,0,2026 col-bar row MID→col SD,780,780,0
Jaeger O'Meara,MID,MID,196,191,196,0,-5,0,-5,,stage-A v0surf re-bake,5,,586,601,-15
Ben McKay,KPD,KPD,48,48,48,0,0,0,0,,,0,,724,728,-4
Rhys Stanley,RUCK,RUCK,40,40,40,0,0,0,0,,,0,,743,744,-1
Nathan Broad,SD,SD,10,10,10,0,0,0,0,,,0,,794,793,1
Ryan Gardner,KPD,KPD,33,33,33,0,0,0,0,,,0,,759,761,-2
Jake Kolodjashnij,KPD,KPD,38,37,38,0,-1,0,-1,,stage-A v0surf re-bake,1,,747,751,-4
Alex Pearce,KPD,KPD,39,39,39,0,0,0,0,,,0,,744,745,-1
Harry Schoenberg,MID,SF,56,55,56,0,-1,0,-1,,stage-A v0surf re-bake,1,year0 bar MID→SF; 2026 col-bar row MID→col SF,715,717,-2
Jeremy Sharp,MID,MID,77,76,77,0,-1,-1,0,,the 62 edits (gfut cohort),1,,697,699,-2
Matt Owies,SF,SF,1,1,1,0,0,0,0,,,0,,804,804,0
Mason Cox,KPF,KPF,2,2,2,0,0,0,0,,,0,,801,801,0
Harry Cunningham,SD,SD,1,1,1,0,0,0,0,,,0,,802,802,0
