player,pos,v_before,v_after,delta,pct,rank_before,rank_after,rank_move,cause
Touk Miller,MID,1462,2370,908,62.1,173,96,77,stage_A; stageB_engine
Ed Langdon,MID,404,1080,676,167.3,430,235,195,stage_A; stageB_engine
Christian Petracca,MID,2044,2702,658,32.2,113,74,39,stage_A; stageB_engine
Jordan De Goey,MID,1087,1722,635,58.4,223,155,68,stage_A; stageB_engine
Tim Kelly,MID,820,1377,557,67.9,277,195,82,stage_A; stageB_engine
Bradley Hill,MID,830,1371,541,65.2,274,196,78,stage_A; stageB_engine
Adam Treloar,MID,615,1149,534,86.8,331,224,107,stage_A; stageB_engine
Sam Draper,RUCK,811,1307,496,61.2,280,203,77,stageB_engine
Rowan Marshall,RUCK,1813,2291,478,26.4,139,99,40,stageB_engine
Ryan Lester,KPD,544,106,-438,-80.5,366,659,-293,stage_A; stageB_engine
Bailey J. Williams,RUCK,2057,2493,436,21.2,112,86,26,stageB_engine
Darcy Byrne-Jones,SD,413,846,433,104.8,422,279,143,stageB_engine
Peter Ladhams,RUCK,276,706,430,155.8,523,314,209,stageB_engine
Kyle Langford,SF,299,727,428,143.1,506,307,199,stage_A; stageB_engine
Harry Sheezel,MID,9653,10079,426,4.4,1,1,0,stage_A; stageB_engine
James Rowbottom,MID,998,1420,422,42.3,241,189,52,stageB_engine
Jy Simpkin,MID,982,1389,407,41.4,244,194,50,stage_A; stageB_engine
Jake Lever,KPD,737,339,-398,-54.0,296,478,-182,stage_A; stageB_engine
Tom Sparrow,MID,1394,1790,396,28.4,185,148,37,stage_A; stageB_engine
Joe Berry,SF,1014,1397,383,37.8,234,192,42,stage_A; stageB_engine
Jack Ross,MID,2230,2602,372,16.7,96,80,16,stage_A; stageB_engine
Justin McInerney,MID,1931,2284,353,18.3,126,100,26,stage_A; stageB_engine
Jack Graham,MID,378,727,349,92.3,447,306,141,stageB_engine
Zachary Williams,SD,183,524,341,186.3,598,379,219,stage_A; stageB_engine; addendum_12_clear_value_neutral
Dion Prestia,MID,173,502,329,190.2,608,385,223,stageB_engine
Oliver Hollands,MID,1491,1815,324,21.7,169,145,24,stage_A; stageB_engine
Jason Horne-Francis,MID,5250,5554,304,5.8,14,13,1,stage_A; stageB_engine
Jack Lukosius,KPF,935,635,-300,-32.1,253,334,-81,stage_A; stageB_engine
Isaac Kako,SF,1167,1462,295,25.3,203,184,19,stage_A; stageB_engine
Jagga Smith,MID,4284,4573,289,6.7,22,20,2,stage_A; stageB_engine
Max Hall,SF,2823,2542,-281,-10.0,68,84,-16,stage_A; stageB_engine; addendum_12_clear_value_neutral
Sam Durham,MID,2439,2710,271,11.1,84,73,11,stage_A; stageB_engine
Chad Warner,MID,3355,3624,269,8.0,50,47,3,stage_A; stageB_engine
Archie Roberts,SD,4941,4675,-266,-5.4,16,19,-3,stage_A; stageB_engine; addendum_12_clear_value_neutral
Ned Long,MID,1266,1524,258,20.4,196,172,24,stageB_engine
Jake Soligo,MID,1908,2164,256,13.4,130,116,14,stageB_engine
Ryley Sanders,MID,3432,3686,254,7.4,48,44,4,stage_A; stageB_engine
Caleb May,RUCK,586,332,-254,-43.3,340,483,-143,stageB_curve_pool
Max Mapley,RUCK,586,332,-254,-43.3,341,485,-144,stageB_curve_pool
Patrick Carr,RUCK,586,332,-254,-43.3,342,486,-144,stageB_curve_pool
Tom Powell,MID,2015,2262,247,12.3,118,105,13,stage_A; stageB_engine
Nasiah Wanganeen-Milera,MID,8134,8375,241,3.0,4,4,0,stage_A; stageB_engine
Dan Houston,SD,1116,1357,241,21.6,215,198,17,stage_A; stageB_engine
Alex Van Wyk,RUCK,570,332,-238,-41.8,352,482,-130,stageB_engine; stageB_curve_pool
Sam Lalor,MID,3867,4102,235,6.1,35,27,8,stage_A; stageB_engine
Connor Budarick,SD,178,409,231,129.8,604,431,173,stageB_engine
Elliot Yeo,MID,86,316,230,267.4,684,496,188,stageB_engine
Brayden Cook,MID,901,1128,227,25.2,260,228,32,stageB_engine
Nick Daicos,MID,8988,9214,226,2.5,2,2,0,stage_A; stageB_engine
Joel Freijah,MID,2665,2891,226,8.5,72,68,4,stageB_engine
Lachie Whitfield,MID,2015,2232,217,10.8,117,107,10,stage_A; stageB_engine
Harrison Himmelberg,SD,560,344,-216,-38.6,358,471,-113,stage_A; stageB_engine
Jai Serong,SD,891,1107,216,24.2,263,233,30,stageB_engine
Luke Jackson,RUCK,8521,8735,214,2.5,3,3,0,stageB_engine
Sullivan Robey,MID,2908,3122,214,7.4,65,61,4,stage_A; stageB_engine
Flynn Riley,RUCK,578,364,-214,-37.0,347,458,-111,stageB_engine; stageB_curve_pool
Caleb Windsor,MID,1559,1765,206,13.2,163,151,12,stage_A; stageB_engine
Lachy Dovaston,SF,859,1061,202,23.5,269,239,30,stage_A; stageB_engine
Aiden Riddle,RUCK,449,255,-194,-43.2,403,544,-141,stageB_curve_pool
Joe Pike,RUCK,449,255,-194,-43.2,405,546,-141,stageB_curve_pool
Logan Smith,RUCK,445,255,-190,-42.7,406,547,-141,stageB_engine; stageB_curve_pool
Luke Parker,MID,1485,1670,185,12.5,171,159,12,stage_A; stageB_engine
Max Holmes,MID,7268,7452,184,2.5,5,5,0,stage_A; stageB_engine
Tristan Xerri,RUCK,7231,7414,183,2.5,6,6,0,stageB_engine
Jaime Uhr-Henry,RUCK,437,255,-182,-41.6,409,545,-136,stageB_engine; stageB_curve_pool
Liam Reidy,RUCK,361,543,182,50.4,458,371,87,stageB_engine; stageB_curve_pool
Vigo Visentini,RUCK,417,237,-180,-43.2,418,566,-148,stageB_curve_pool
Mattaes Phillipou,MID,2290,2462,172,7.5,94,91,3,stage_A; stageB_engine
Iliro Smit,RUCK,399,237,-162,-40.6,433,565,-132,stageB_engine; stageB_curve_pool
Zak Butters,MID,6313,6473,160,2.5,7,7,0,stage_A; stageB_engine
Will Ashcroft,MID,6223,6380,157,2.5,8,8,0,stage_A; stageB_engine
Daniel Curtin,MID,2452,2609,157,6.4,83,79,4,stage_A; stageB_engine
Mitch McGovern,KPF,238,85,-153,-64.3,555,691,-136,stage_A; stageB_engine
Bailey Smith,MID,5941,6092,151,2.5,10,10,0,stage_A; stageB_engine
Lachlan Ash,SD,5534,5682,148,2.7,11,11,0,stage_A; stageB_engine
Jhye Clark,MID,782,925,143,18.3,287,265,22,stage_A; stageB_engine
Reuben Ginbey,KPD,2599,2458,-141,-5.4,76,92,-16,stage_A; stageB_engine
Finn Callaghan,MID,5454,5592,138,2.5,12,12,0,stage_A; stageB_engine
Sam Cumming,MID,2910,3047,137,4.7,63,63,0,stage_A; stageB_engine
Will Graham,SF,1590,1727,137,8.6,158,154,4,stage_A; stageB_engine
Errol Gulden,MID,5375,5511,136,2.5,13,14,-1,stage_A; stageB_engine
Noah Anderson,MID,5125,5257,132,2.6,15,15,0,stage_A; stageB_engine
Karl Amon,MID,429,561,132,30.8,413,363,50,stage_A; stageB_engine
Jake Lloyd,SD,60,191,131,218.3,711,603,108,stageB_engine
Josh Treacy,KPF,6029,6157,128,2.1,9,9,0,stage_A; stageB_engine
Dyson Sharp,MID,2493,2621,128,5.1,80,78,2,stage_A; stageB_engine
Jack Crisp,SD,719,592,-127,-17.7,302,349,-47,stage_A; stageB_engine
Sam Flanders,MID,2082,2208,126,6.1,110,111,-1,stage_A; stageB_engine
Zeke Uwland,SD,2646,2769,123,4.6,73,71,2,stage_A; stageB_engine
Mitchell Marsh,KPF,582,705,123,21.1,345,315,30,stage_A; stageB_curve_pool
Josh Daicos,MID,2146,2268,122,5.7,102,104,-2,stage_A; stageB_engine
Caleb Serong,MID,4691,4811,120,2.6,18,17,1,stage_A; stageB_engine
Aidan Schubert,KPF,576,696,120,20.8,351,318,33,stage_A; stageB_curve_pool
Tom Green,MID,4565,4682,117,2.6,19,18,1,stage_A; stageB_engine
Brodie Grundy,RUCK,4369,4481,112,2.6,21,22,-1,stageB_engine
Murphy Reid,SF,4193,4305,112,2.7,23,23,0,stage_A; stageB_engine
Josh Worrell,KPD,3894,3783,-111,-2.9,33,37,-4,stage_A; stageB_engine
Tyler Sonsie,MID,1074,1184,110,10.2,225,216,9,stageB_engine
Colby McKercher,MID,3964,4073,109,2.7,28,29,-1,stage_A; stageB_engine
Mark Blicavs,KPD,119,10,-109,-91.6,643,792,-149,stage_A; stageB_engine
Marcus Bontempelli,MID,4171,4278,107,2.6,25,25,0,stage_A; stageB_engine
Jake Bowey,SD,3941,4048,107,2.7,31,31,0,stage_A; stageB_engine
Nick Blakey,SD,3987,4094,107,2.7,27,28,-1,stage_A; stageB_engine
Rory Lobb,KPF,538,431,-107,-19.9,370,417,-47,stage_A; stageB_engine
Jai Newcombe,MID,4180,4286,106,2.5,24,24,0,stage_A; stageB_engine
Dante Visentini,RUCK,1121,1227,106,9.5,214,211,3,stageB_engine
Phoenix Gothard,SF,1858,1963,105,5.7,135,131,4,stage_A; stageB_engine
Finn O'Sullivan,MID,3345,3449,104,3.1,53,51,2,stageB_engine
Sam Darcy,KPF,4827,4929,102,2.1,17,16,1,stage_A; stageB_engine
Bodhi Uwland,SD,3782,3883,101,2.7,36,35,1,stage_A; stageB_engine
Matt Rowell,MID,3945,4046,101,2.6,30,32,-2,stage_A; stageB_engine
Samuel Grlj,MID,2042,2142,100,4.9,114,118,-4,stage_A; stageB_engine
Oliver Florent,MID,667,767,100,15.0,316,297,19,stage_A; stageB_engine
Jordan Clark,SD,3678,3777,99,2.7,39,38,1,stage_A; stageB_engine
Daniel Annable,MID,1791,1890,99,5.5,141,138,3,stage_A; stageB_engine; stageB_curve_pool
Josh Smillie,MID,1177,1276,99,8.4,202,206,-4,stage_A; stageB_curve_pool
Darcy Wilmot,SD,3642,3739,97,2.7,40,40,0,stage_A; stageB_engine
Ed Richards,MID,3749,3845,96,2.6,37,36,1,stage_A; stageB_engine
Leo Lombard,SF,1508,1603,95,6.3,166,167,-1,stage_A; stageB_engine
Mac Andrew,KPD,3960,4054,94,2.4,29,30,-1,stage_A; stageB_engine
Timothy English,RUCK,3682,3776,94,2.6,38,39,-1,stageB_engine
Dayne Zorko,MID,1156,1250,94,8.1,205,209,-4,stage_A; stageB_engine
Tanner Bruhn,MID,2122,2214,92,4.3,106,109,-3,stage_A; stageB_engine
Sam Berry,MID,3611,3702,91,2.5,43,42,1,stage_A; stageB_engine
Isaac Heeney,MID,3547,3637,90,2.5,45,46,-1,stage_A; stageB_engine
Jack Sinclair,SD,3318,3408,90,2.7,55,53,2,stage_A; stageB_engine
Stephen Coniglio,MID,165,255,90,54.5,616,548,68,stageB_engine
Nicholas Martin,MID,3484,3573,89,2.6,46,48,-2,stage_A; stageB_engine
Luke Davies-Uniacke,MID,3462,3550,88,2.5,47,49,-2,stage_A; stageB_engine
Jordan Dawson,MID,3414,3502,88,2.6,49,50,-1,stage_A; stageB_engine
Riley Thilthorpe,KPF,4077,4164,87,2.1,26,26,0,stage_A; stageB_engine
Beau Addinsall,MID,1407,1321,-86,-6.1,181,202,-21,stage_A; stageB_engine
Callum Wilkie,KPD,3614,3699,85,2.4,42,43,-1,stage_A; stageB_engine
Harley Reid,MID,3578,3663,85,2.4,44,45,-1,stage_A; stageB_engine
Marcus Windhager,MID,2105,2189,84,4.0,108,114,-6,stageB_engine
Max Gawn,RUCK,3343,3426,83,2.5,54,52,2,stageB_engine
Marcus Herbert,SD,920,837,-83,-9.0,257,282,-25,stage_A; stageB_engine
Willem Duursma,MID,4416,4498,82,1.9,20,21,-1,stage_A; stageB_engine
Sam Walsh,MID,3214,3296,82,2.6,56,56,0,stage_A; stageB_engine
Daniel Rioli,SD,726,808,82,11.3,299,287,12,stage_A; stageB_engine
Andrew Brayshaw,MID,3107,3187,80,2.6,59,59,0,stage_A; stageB_engine
Max Heath,RUCK,641,720,79,12.3,324,310,14,stageB_engine
Sam Wicks,SF,103,27,-76,-73.8,658,769,-111,stage_A
Logan Morris,KPF,3084,3158,74,2.4,60,60,0,stage_A; stageB_engine
Connor Rozee,MID,2857,2930,73,2.6,67,67,0,stage_A; stageB_engine
Nick Watson,SF,3638,3710,72,2.0,41,41,0,stage_A; stageB_engine
Noah Mraz,KPD,3934,4006,72,1.8,32,33,-1,stage_A; stageB_engine; stageB_curve_pool
Hugo Garcia,MID,2966,3038,72,2.4,62,64,-2,stage_A; stageB_engine
James Jordon,MID,164,236,72,43.9,617,567,50,stageB_engine
Kysaiah Pickett,SF,3872,3943,71,1.8,34,34,0,stage_A; stageB_engine
Will Day,MID,2895,2966,71,2.5,66,66,0,stage_A; stageB_engine
Zachary Merrett,MID,2752,2823,71,2.6,70,70,0,stage_A; stageB_engine
Bailey Humphrey,SF,2324,2394,70,3.0,91,95,-4,stage_A; stageB_engine
Archie Ludowyke,KPF,364,434,70,19.2,454,415,39,stage_A; stageB_curve_pool
Tom Cole,SD,33,102,69,209.1,760,665,95,stage_A; stageB_engine
Zac McCarthy,KPF,354,422,68,19.2,464,422,42,stage_A; stageB_curve_pool
Matt Cottrell,MID,48,116,68,141.7,726,648,78,stageB_engine
Clayton Oliver,MID,2569,2636,67,2.6,77,77,0,stage_A; stageB_engine
Taj Hotton,MID,2178,2245,67,3.1,99,106,-7,stage_A; stageB_engine
Connor O'Sullivan,KPD,2908,2974,66,2.3,64,65,-1,stage_A; stageB_engine
Connor Idun,SD,2424,2490,66,2.7,87,87,0,stage_A; stageB_engine
Koltyn Tholstrup,SD,1605,1671,66,4.1,154,158,-4,stage_A; stageB_engine
Darcy Jones,SF,1428,1494,66,4.6,180,177,3,stage_A; stageB_engine
Jordon Sweet,RUCK,2511,2576,65,2.6,78,81,-3,stageB_engine
Kieren Briggs,RUCK,2480,2544,64,2.6,81,83,-2,stageB_engine
Jake Rogers,SF,583,647,64,11.0,344,330,14,stage_A; stageB_engine
George Wardlaw,MID,3152,3215,63,2.0,57,57,0,stage_A; stageB_engine
Bailey Dale,SD,2376,2439,63,2.7,90,94,-4,stage_A; stageB_engine
Cameron Mackenzie,MID,2001,2064,63,3.1,121,123,-2,stage_A; stageB_engine
Tim Taranto,MID,2403,2465,62,2.6,88,89,-1,stage_A; stageB_engine
Jaspa Fletcher,SD,2622,2683,61,2.3,75,75,0,stageB_engine
Wayne Milera,SD,1942,2003,61,3.1,125,128,-3,stage_A; stageB_engine
Xavier Lindsay,SD,2123,2184,61,2.9,105,115,-10,stage_A; stageB_engine
Lewis Young,KPD,178,239,61,34.3,605,563,42,stageB_engine
Charlie Nicholls,KPF,314,373,59,18.8,492,451,41,stage_A; stageB_curve_pool
Jack Henry,KPD,251,310,59,23.5,542,499,43,stageB_engine
Darcy Wilson,SF,3349,3407,58,1.7,51,54,-3,stage_A; stageB_engine
Harry Dean,KPD,2509,2567,58,2.3,79,82,-3,stageB_engine
Zac Bailey,SF,3149,3207,58,1.8,58,58,0,stage_A; stageB_engine
Lachie Neale,MID,2295,2353,58,2.5,93,98,-5,stage_A; stageB_engine
John Noble,SD,2143,2201,58,2.7,103,112,-9,stage_A; stageB_engine
Levi Ashcroft,MID,3348,3405,57,1.7,52,55,-3,stage_A; stageB_engine
Izak Rankine,SF,3006,3063,57,1.9,61,62,-1,stage_A; stageB_engine
Jase Burgoyne,SD,2224,2281,57,2.6,98,101,-3,stage_A; stageB_engine
Jonty Faull,KPF,1198,1255,57,4.8,199,208,-9,stage_A; stageB_engine
Archer Day-Wicks,SF,484,541,57,11.8,390,372,18,stage_A; stageB_engine
Chayce Jones,SD,110,53,-57,-51.8,652,722,-70,stage_A; stageB_curve_pool
Cooper Duff-Tytler,KPF,1582,1638,56,3.5,159,161,-2,stage_A; stageB_engine
Kayle Gerreyn,KPF,289,345,56,19.4,514,470,44,stage_A; stageB_curve_pool
Toby Nankervis,RUCK,2142,2197,55,2.6,104,113,-9,stageB_engine
Sid Draper,MID,1150,1204,54,4.7,206,214,-8,stage_A; stageB_engine
Louis Emmett,RUCK,916,970,54,5.9,258,258,0,stage_A; stageB_engine
Adam Sweid,SF,545,598,53,9.7,363,347,16,stage_A; stageB_curve_pool
Noah Balta,KPD,516,569,53,10.3,379,358,21,stage_A; stageB_engine
Deven Robertson,MID,194,247,53,27.3,589,556,33,stage_A; stageB_engine
Connor MacDonald,SF,2817,2869,52,1.8,69,69,0,stage_A; stageB_engine
Jacob Van Rooyen,KPF,1899,1951,52,2.7,131,133,-2,stage_A; stageB_engine
Matt Carroll,MID,956,1007,51,5.3,247,253,-6,stage_A; stageB_engine
Tom De Koning,RUCK,2028,2078,50,2.5,115,121,-6,stageB_engine
Latrelle Pickett,SF,580,630,50,8.6,346,337,9,stage_A; stageB_engine
Cooper Trembath,KPF,2090,2140,50,2.4,109,119,-10,stage_A; stageB_engine
Patrick Voss,KPF,1791,1841,50,2.8,142,143,-1,stage_A; stageB_engine
Oliver Hannaford,SF,413,463,50,12.1,423,405,18,stage_A; stageB_engine
Harvey Thomas,SF,2167,2217,50,2.3,101,108,-7,stage_A; stageB_engine
Thomas Matthews,SF,501,551,50,10.0,383,367,16,stage_A; stageB_curve_pool
Shannon Neale,KPF,2308,2357,49,2.1,92,97,-5,stage_A; stageB_engine
James Sicily,SD,1861,1910,49,2.6,134,137,-3,stage_A; stageB_engine
George Hewett,MID,1888,1937,49,2.6,133,134,-1,stage_A; stageB_engine
Kane McAuliffe,MID,1357,1406,49,3.6,189,191,-2,stage_A; stageB_engine
Jack Silvagni,KPF,954,906,-48,-5.0,248,268,-20,stage_A; stageB_engine
Kalani White,KPF,398,446,48,12.1,435,413,22,stage_A; stageB_engine
Tom McCartin,KPD,1984,1937,-47,-2.4,124,135,-11,stage_A; stageB_engine
Patrick Cripps,MID,1834,1881,47,2.6,137,139,-2,stage_A; stageB_engine
Cameron Nairn,SF,737,784,47,6.4,295,292,3,stage_A; stageB_engine; stageB_curve_pool
Hayden Young,MID,2026,2073,47,2.3,116,122,-6,stage_A; stageB_engine
Ryan Maric,MID,1453,1500,47,3.2,175,176,-1,stageB_engine
Matthew Roberts,SD,1995,2042,47,2.4,122,126,-4,stageB_engine
Mitchito Owens,KPF,2010,2056,46,2.3,119,124,-5,stageB_engine
Jack Ginnivan,SF,2458,2504,46,1.9,82,85,-3,stage_A; stageB_engine
Matt Whitlock,KPF,563,609,46,8.2,355,343,12,stage_A; stageB_engine; stageB_curve_pool
Thomas Sims,KPF,1105,1151,46,4.2,217,223,-6,stage_A; stageB_engine
Mitchell Edwards,RUCK,2009,2055,46,2.3,120,125,-5,stageB_engine
Braeden Campbell,SD,331,377,46,13.9,480,450,30,stageB_engine
Shai Bolton,SF,2399,2444,45,1.9,89,93,-4,stage_A; stageB_engine
Lawson Humphries,SD,1927,1972,45,2.3,128,129,-1,stage_A; stageB_engine
Hugh McCluggage,MID,1746,1791,45,2.6,145,147,-2,stage_A; stageB_engine
Ned Moyle,RUCK,2074,2119,45,2.2,111,120,-9,stageB_engine
Jevan Phillipou,SF,449,494,45,10.0,404,392,12,stage_A; stageB_curve_pool
Callum Mills,SD,2228,2272,44,2.0,97,103,-6,stage_A; stageB_engine
Harris Andrews,KPD,1917,1961,44,2.3,129,132,-3,stage_A; stageB_engine
Avery Thomas,SD,538,494,-44,-8.2,369,391,-22,stage_A; stageB_curve_pool
Harvey Langford,MID,2427,2470,43,1.8,86,88,-2,stage_A; stageB_engine
Luke Ryan,SD,1565,1608,43,2.7,161,165,-4,stage_A; stageB_engine
Jesse Dattoli,SF,407,450,43,10.6,427,409,18,stage_A; stageB_curve_pool
Mark Keane,KPD,1777,1819,42,2.4,143,144,-1,stage_A; stageB_engine
Nate Caddy,KPF,1770,1812,42,2.4,144,146,-2,stage_A; stageB_engine
Jack Steele,MID,1647,1689,42,2.6,151,156,-5,stage_A; stageB_engine
Mason Redman,SD,1594,1636,42,2.6,155,162,-7,stage_A; stageB_engine
Jobe Shanahan,KPF,1811,1853,42,2.3,140,142,-2,stage_A; stageB_engine
Joel Jeffrey,SD,1987,2029,42,2.1,123,127,-4,stage_A; stageB_engine
Noah Howes,KPF,306,348,42,13.7,498,469,29,stage_A; stageB_engine
Tyler Welsh,KPF,224,266,42,18.8,560,538,22,stage_A; stageB_curve_pool
Caleb Daniel,SD,1510,1551,41,2.7,165,171,-6,stage_A; stageB_engine
Thomas Liberatore,MID,1566,1607,41,2.6,160,166,-6,stage_A; stageB_engine
Trent Rivers,SD,1718,1759,41,2.4,148,152,-4,stage_A; stageB_engine
Neil Erasmus,MID,1024,1065,41,4.0,231,237,-6,stage_A; stageB_engine
Koby Evans,SF,417,458,41,9.8,417,407,10,stage_A; stageB_curve_pool
Liam Hetherton,KPF,351,392,41,11.7,467,439,28,stage_A; stageB_engine
Cooper Lord,MID,1128,1169,41,3.6,213,219,-6,stage_A; stageB_engine
Jye Amiss,KPF,1713,1753,40,2.3,149,153,-4,stageB_engine
Darcy Cameron,RUCK,1548,1588,40,2.6,164,169,-5,stageB_engine
Bo Allan,SD,1184,1224,40,3.4,201,213,-12,stage_A; stageB_engine
Daniel Turner,KPD,1727,1767,40,2.3,147,149,-2,stage_A; stageB_engine
Tylah Williams,SF,407,447,40,9.8,428,412,16,stage_A; stageB_curve_pool
Tom McCarthy,SD,1594,1633,39,2.4,156,163,-7,stage_A; stageB_engine
Harry McKay,KPF,1833,1872,39,2.1,138,141,-3,stage_A; stageB_engine
Kane Farrell,SD,1453,1492,39,2.7,174,178,-4,stage_A; stageB_engine
Cody Curtin,KPF,664,703,39,5.9,317,316,1,stage_A; stageB_engine; stageB_curve_pool
Joshua Weddle,SD,1651,1689,38,2.3,150,157,-7,stageB_engine
Alix Tauru,KPD,1608,1571,-37,-2.3,153,170,-17,stage_A; stageB_engine
Peter Wright,KPF,1730,1767,37,2.1,146,150,-4,stage_A; stageB_engine
Ollie Dempsey,MID,2174,2211,37,1.7,100,110,-10,stage_A; stageB_engine
Massimo D'Ambrosio,MID,1632,1669,37,2.3,152,160,-8,stageB_engine
Josh Rachele,SF,2114,2150,36,1.7,107,117,-10,stage_A; stageB_engine
Gryan Miers,SF,1928,1964,36,1.9,127,130,-3,stage_A; stageB_engine
Jayden Short,SD,1270,1306,36,2.8,195,205,-10,stage_A; stageB_engine
Josh Dunkley,MID,1395,1431,36,2.6,184,187,-3,stage_A; stageB_engine
Harry Armstrong,KPF,995,1031,36,3.6,243,247,-4,stage_A; stageB_engine
Josh Dolan,SF,465,501,36,7.7,400,388,12,stage_A; stageB_engine
Leon Kickett,SF,370,406,36,9.7,453,433,20,stage_A; stageB_engine
Angus Anderson,MID,204,240,36,17.6,574,560,14,stage_A; stageB_engine
Nick Madden,RUCK,1897,1932,35,1.8,132,136,-4,stageB_engine
Lloyd Meek,RUCK,1441,1476,35,2.4,179,182,-3,stageB_engine
Zane Peucker,SF,598,633,35,5.9,338,335,3,stage_A; stageB_engine; stageB_curve_pool
William McCabe,KPF,740,775,35,4.7,294,295,-1,stage_A; stageB_engine; stageB_curve_pool
Elijah Tsatas,MID,1327,1362,35,2.6,191,197,-6,stage_A; stageB_engine
Ty Gallop,KPF,1563,1598,35,2.2,162,168,-6,stage_A; stageB_engine
Jay Polkinghorne,SF,338,373,35,10.4,474,452,22,stage_A; stageB_engine; stageB_curve_pool
Harrison Petty,KPD,191,226,35,18.3,592,570,22,stageB_engine
Aaron Cadman,KPF,1842,1876,34,1.8,136,140,-4,stage_A; stageB_engine
Thomas Stewart,SD,1237,1271,34,2.7,197,207,-10,stage_A; stageB_engine
Cooper Hynes,MID,1272,1306,34,2.7,194,204,-10,stage_A; stageB_engine
Ned Bowman,SF,357,391,34,9.5,461,441,20,stage_A; stageB_curve_pool
Christian Moraes,MID,950,984,34,3.6,249,256,-7,stageB_engine
Logan Evans,SD,1472,1506,34,2.3,172,175,-3,stageB_engine
Xavier Bamert,SF,436,470,34,7.8,412,403,9,stage_A; stageB_engine
Jasper Alger,SF,361,395,34,9.4,457,437,20,stage_A; stageB_engine
Mitch Georgiades,KPF,1488,1521,33,2.2,170,174,-4,stage_A; stageB_engine
Charlie Curnow,KPF,1593,1626,33,2.1,157,164,-7,stage_A; stageB_engine
Zach Reid,KPD,1401,1434,33,2.4,182,185,-3,stage_A; stageB_engine
Aaron Naughton,KPF,1449,1482,33,2.3,176,179,-3,stageB_engine
Dane Rampe,KPD,35,2,-33,-94.3,755,800,-45,stage_A
Lachlan McAndrew,RUCK,1400,1432,32,2.3,183,186,-3,stageB_engine
Hugo Mikunda,SF,330,362,32,9.7,481,459,22,stage_A; stageB_curve_pool
Noah Roberts-Thomson,SF,437,469,32,7.3,410,404,6,stage_A; stageB_engine; stageB_curve_pool
Henry Smith,KPF,165,197,32,19.4,613,600,13,stage_A; stageB_curve_pool
Josh Lindsay,SD,2432,2463,31,1.3,85,90,-5,stage_A; stageB_engine
Sam Taylor,KPD,1448,1479,31,2.1,177,181,-4,stage_A; stageB_engine
Hussien El Achkar,SF,461,492,31,6.7,401,394,7,stage_A; stageB_engine
Jarman Impey,SD,1104,1134,30,2.7,218,226,-8,stage_A; stageB_engine
Jake Waterman,KPF,1391,1421,30,2.2,187,188,-1,stage_A; stageB_engine
Jacob Moss,KPF,263,293,30,11.4,534,509,25,stage_A; stageB_engine
Patrick Retschko,MID,1318,1348,30,2.3,192,199,-7,stageB_engine
Oliver Henry,SF,91,121,30,33.0,675,644,31,stage_A; stageB_engine
Seth Campbell,SF,1095,1124,29,2.6,222,230,-8,stage_A; stageB_engine
Brayden George,SF,308,337,29,9.4,496,480,16,stage_A; stageB_curve_pool
Jacob Newton,SF,195,224,29,14.9,587,571,16,stage_A; stageB_engine
Bailey Banfield,SF,42,13,-29,-69.0,737,786,-49,stage_A; stageB_engine
Josh Ward,MID,2721,2749,28,1.0,71,72,-1,stage_A; stageB_engine
Andrew McGrath,SD,1132,1160,28,2.5,212,221,-9,stage_A; stageB_engine
Zane Duursma,SF,751,779,28,3.7,292,294,-2,stage_A; stageB_engine
Jacob Weitering,KPD,1204,1232,28,2.3,198,210,-12,stage_A; stageB_engine
James Peatling,MID,1441,1469,28,1.9,178,183,-5,stage_A; stageB_engine
Sam Banks,SD,1197,1225,28,2.3,200,212,-12,stageB_engine
Christian Salem,SD,541,569,28,5.2,367,357,10,stage_A; stageB_engine
Zak Johnson,SD,616,644,28,4.5,330,333,-3,stage_A; stageB_engine
Tyrell Dewar,SF,177,149,-28,-15.8,606,632,-26,stage_A; stageB_engine
Jacob Farrow,SD,2639,2666,27,1.0,74,76,-2,stage_A; stageB_engine
Charlie Banfield,MID,667,694,27,4.0,315,319,-4,stage_A; stageB_engine; stageB_curve_pool
Lachlan Gulbin,SF,384,411,27,7.0,443,429,14,stage_A; stageB_engine
Jed Walter,KPF,1148,1174,26,2.3,207,217,-10,stageB_engine
Brent Daniels,SF,1392,1418,26,1.9,186,190,-4,stage_A; stageB_engine
Darcy Fogarty,KPF,1025,1051,26,2.5,229,240,-11,stage_A; stageB_engine
Adam Cerra,MID,1099,1125,26,2.4,220,229,-9,stage_A; stageB_engine
Rory Laird,SD,929,955,26,2.8,255,260,-5,stage_A; stageB_engine
Caiden Cleary,SF,508,534,26,5.1,381,375,6,stage_A; stageB_engine
Ben Miller,KPD,1145,1171,26,2.3,208,218,-10,stage_A; stageB_engine
Reilly O'Brien,RUCK,1038,1064,26,2.5,227,238,-11,stageB_engine
Maxwell King,SF,270,296,26,9.6,529,507,22,stage_A; stageB_curve_pool
Dylan Moore,SF,1371,1396,25,1.8,188,193,-5,stage_A; stageB_engine
Luke Trainor,KPD,1507,1482,-25,-1.7,167,180,-13,stage_A; stageB_engine
Lachlan Carmichael,SD,602,577,-25,-4.2,335,352,-17,stage_A; stageB_curve_pool
Jack Gunston,KPF,1162,1187,25,2.2,204,215,-11,stage_A; stageB_engine
Finnegan Davis,SD,407,382,-25,-6.1,426,448,-22,stage_A; stageB_curve_pool
Oscar Ryan,SD,318,293,-25,-7.9,491,510,-19,stage_A; stageB_curve_pool
Karl Worner,SD,1078,1103,25,2.3,224,234,-10,stageB_engine
Hamish Davis,MID,949,974,25,2.6,250,257,-7,stage_A; stageB_engine
Jakob Ryan,SD,307,282,-25,-8.1,497,522,-25,stage_A; stageB_curve_pool
Billy Frampton,KPD,92,67,-25,-27.2,672,708,-36,stageB_engine
Xavier O'Halloran,MID,47,72,25,53.2,729,706,23,stage_A; stageB_engine
Aliir Aliir,KPD,969,993,24,2.5,245,254,-9,stage_A; stageB_engine
Jordan Croft,KPF,1027,1051,24,2.3,228,241,-13,stageB_engine
Oliver Griffin,SF,248,272,24,9.7,547,529,18,stage_A; stageB_engine
Jai Saxena,SF,248,272,24,9.7,546,528,18,stage_A; stageB_engine
Ryda Luke,SF,248,272,24,9.7,548,530,18,stage_A; stageB_engine
Toby Whan,SF,248,272,24,9.7,549,532,17,stage_A; stageB_engine
Jacob Konstanty,SF,187,211,24,12.8,593,585,8,stage_A; stageB_curve_pool
Will Brodie,MID,1014,1038,24,2.4,235,245,-10,stageB_engine
Sam De Koning,KPD,1021,1045,24,2.4,232,243,-11,stageB_engine
Will Hayes,SF,344,368,24,7.0,471,455,16,stage_A; stageB_engine
Jedd Busslinger,KPD,1025,1048,23,2.2,230,242,-12,stage_A; stageB_engine
Matt Johnson,MID,1053,1076,23,2.2,226,236,-10,stage_A; stageB_engine
Hugh Boxshall,MID,996,1019,23,2.3,242,251,-9,stageB_engine
Ethan Read,KPF,1002,1024,22,2.2,239,248,-9,stageB_engine
Harrison Oliver,SD,661,683,22,3.3,318,324,-6,stage_A; stageB_engine
Lachie Jaques,SD,869,891,22,2.5,267,271,-4,stage_A; stageB_engine
Jye Caldwell,MID,1144,1166,22,1.9,209,220,-11,stage_A; stageB_engine
Samuel Swadling,MID,931,953,22,2.4,254,261,-7,stage_A; stageB_engine
Billy Wilson,SD,962,984,22,2.3,246,255,-9,stageB_engine
Cillian Bourke,SD,347,325,-22,-6.3,468,491,-23,stage_A; stageB_engine
Blake Hardwick,SD,670,692,22,3.3,314,321,-7,stage_A; stageB_engine
Chris Scerri,SF,385,407,22,5.7,442,432,10,stage_A; stageB_engine
Aidan Johnson,KPF,69,91,22,31.9,704,680,24,stage_A; stageB_engine
Taylor Goad,RUCK,1013,1034,21,2.1,236,246,-10,stageB_engine; stageB_curve_pool
Jordan Ridley,SD,883,904,21,2.4,265,269,-4,stageB_engine
Nic Newman,SD,792,813,21,2.7,283,286,-3,stage_A; stageB_engine
Sean Darcy,RUCK,926,947,21,2.3,256,262,-6,stageB_engine
Jeremy Cameron,KPF,1000,1021,21,2.1,240,250,-10,stage_A; stageB_engine
Archer Reid,KPF,851,872,21,2.5,270,274,-4,stage_A; stageB_engine
Noah Chamberlain,SF,206,227,21,10.2,570,569,1,stage_A; stageB_engine
Jack Ough,MID,703,724,21,3.0,307,308,-1,stage_A; stageB_engine; stageB_curve_pool
Keidean Coleman,SD,899,920,21,2.3,261,266,-5,stageB_engine
Josaia Delana,SF,400,421,21,5.2,432,423,9,stage_A; stageB_engine
Isaac Keeler,KPF,296,317,21,7.1,509,494,15,stage_A; stageB_engine
Tobie Travaglia,SD,708,728,20,2.8,304,305,-1,stage_A; stageB_engine
Wil Powell,SD,936,956,20,2.1,252,259,-7,stage_A; stageB_engine
Joseph Fonti,SD,820,840,20,2.4,276,280,-4,stageB_engine
Bailey Williams,SD,771,791,20,2.6,289,291,-2,stage_A; stageB_engine
Mitch Podhajski,KPF,29,49,20,69.0,771,727,44,stage_A; stageB_engine
Will Setterfield,MID,786,806,20,2.5,286,289,-3,stageB_engine
Talor Byrne,SF,895,915,20,2.2,262,267,-5,stage_A; stageB_engine
River Stevens,SF,202,222,20,9.9,578,575,3,stage_A; stageB_engine
Asher Eastham,SF,202,222,20,9.9,577,574,3,stage_A; stageB_engine
Cooper Simpson,SD,271,251,-20,-7.4,528,552,-24,stage_A; stageB_curve_pool
Tom Anastasopoulos,SF,321,341,20,6.2,488,473,15,stage_A; stageB_engine; stageB_curve_pool
Angus Sheldrick,MID,818,838,20,2.4,278,281,-3,stage_A; stageB_engine
Elijah Hollands,SF,844,864,20,2.4,271,275,-4,stage_A; stageB_engine
Luke Pedlar,SF,143,163,20,14.0,632,622,10,stage_A; stageB_curve_pool
Buku Khamis,KPD,197,217,20,10.2,582,583,-1,stageB_engine
Nick Bryan,RUCK,817,837,20,2.4,279,283,-4,stageB_engine
Paul Curtis,SF,1503,1522,19,1.3,168,173,-5,stage_A; stageB_engine
Toby Greene,SF,1021,1040,19,1.9,233,244,-11,stage_A; stageB_engine
Wil Dawson,KPD,624,605,-19,-3.0,327,345,-18,stage_A; stageB_engine
Samuel Collins,KPD,795,814,19,2.4,282,285,-3,stage_A; stageB_engine
Matthew Kennedy,MID,752,771,19,2.5,291,296,-5,stage_A; stageB_engine
Lance Collard,SF,220,239,19,8.6,561,562,-1,stage_A; stageB_engine; stageB_curve_pool
Miles Bergman,SD,830,849,19,2.3,275,278,-3,stageB_engine
Patrick Said,SF,186,205,19,10.2,595,592,3,stage_A; stageB_curve_pool
Jack Ison,SF,604,623,19,3.1,334,340,-6,stage_A; stageB_engine
Tew Jiath,SD,260,241,-19,-7.3,539,559,-20,stage_A; stageB_curve_pool
Tom Hanily,SF,181,200,19,10.5,601,597,4,stage_A; stageB_engine
Joe Richards,SF,1102,1120,18,1.6,219,231,-12,stage_A; stageB_engine
Kade Chandler,SF,1116,1134,18,1.6,216,227,-11,stage_A; stageB_engine
Angus Clarke,SD,789,807,18,2.3,284,288,-4,stageB_engine
Kai Lohmann,SF,787,805,18,2.3,285,290,-5,stageB_engine
Cody Anderson,SF,182,200,18,9.9,599,596,3,stage_A; stageB_curve_pool
Mitchell Lewis,KPF,682,700,18,2.6,311,317,-6,stage_A; stageB_engine
Brodie Kemp,KPF,735,753,18,2.4,297,299,-2,stageB_engine
Rhys Unwin,SF,185,203,18,9.7,596,594,2,stage_A; stageB_curve_pool
Cooper Harvey,SF,645,663,18,2.8,322,327,-5,stage_A; stageB_engine
Isaac Cumming,SD,62,44,-18,-29.0,709,737,-28,stageB_engine
Darcy Parish,MID,714,731,17,2.4,303,304,-1,stage_A; stageB_engine
Jack Buckley,KPD,723,740,17,2.4,300,302,-2,stageB_engine
Lucca Grego,SD,268,251,-17,-6.3,530,553,-23,stage_A; stageB_curve_pool
Brayden Maynard,SD,640,657,17,2.7,325,329,-4,stage_A; stageB_engine
Oliver Francou,MID,548,565,17,3.1,362,359,3,stage_A; stageB_engine
Luker Kentfield,KPF,395,412,17,4.3,436,427,9,stage_A; stageB_engine
James O'Donnell,KPD,608,625,17,2.8,333,339,-6,stage_A; stageB_engine
Campbell Lake,SF,203,220,17,8.4,575,577,-2,stage_A; stageB_engine
Nick Larkey,KPF,661,678,17,2.6,319,325,-6,stage_A; stageB_engine
Patrick Lipinski,SF,912,928,16,1.8,259,264,-5,stage_A; stageB_engine
Cooper Sharman,KPF,673,689,16,2.4,312,322,-10,stageB_engine
Lachlan Smith,RUCK,700,716,16,2.3,308,311,-3,stageB_engine; stageB_curve_pool
Lachlan Schultz,SF,834,850,16,1.9,273,276,-3,stage_A; stageB_engine
Zac Walker,SD,280,264,-16,-5.7,520,539,-19,stage_A; stageB_engine
Lachlan Cowan,SD,804,820,16,2.0,281,284,-3,stage_A; stageB_engine
Matthew Flynn,RUCK,673,689,16,2.4,313,323,-10,stageB_engine
Ollie Greeves,MID,647,663,16,2.5,321,328,-7,stage_A; stageB_engine
Jayden Nguyen,SD,526,510,-16,-3.0,374,382,-8,stage_A; stageB_engine
Thomas Burton,SF,437,453,16,3.7,411,408,3,stage_A; stageB_engine
Malakai Champion,SF,402,418,16,4.0,431,426,5,stage_A; stageB_engine
Tom Cochrane,SF,254,270,16,6.3,541,536,5,stage_A; stageB_engine
Oscar Steene,RUCK,544,560,16,2.9,365,365,0,stageB_engine
Oscar Adams,KPD,80,96,16,20.0,693,672,21,stage_A; stageB_engine
Nathan O'Driscoll,MID,693,709,16,2.3,309,313,-4,stageB_engine
Xavier Taylor,SD,887,902,15,1.7,264,270,-6,stage_A; stageB_engine; stageB_curve_pool
Anthony Caminiti,KPF,1140,1155,15,1.3,210,222,-12,stage_A; stageB_engine
Jack Whitlock,KPF,1310,1325,15,1.1,193,201,-8,stage_A; stageB_engine
Ben Murphy,SD,301,286,-15,-5.0,501,516,-15,stage_A; stageB_engine
Kobe McDonald,SD,301,286,-15,-5.0,503,517,-14,stage_A; stageB_engine
Willem Drew,MID,721,736,15,2.1,301,303,-2,stage_A; stageB_engine
Ricky Mentha,SF,161,176,15,9.3,623,615,8,stage_A; stageB_engine
Benny Barrett,SF,161,176,15,9.3,621,613,8,stage_A; stageB_engine
Lennox Hoffman,SD,299,284,-15,-5.0,507,521,-14,stage_A; stageB_engine
Keighton Matofai-Forbes,SD,299,284,-15,-5.0,505,520,-15,stage_A; stageB_engine
Harry Charleson,SD,299,284,-15,-5.0,504,519,-15,stage_A; stageB_engine
Nathan Wardius,SF,161,176,15,9.3,622,614,8,stage_A; stageB_engine
Hudson O'Keeffe,KPF,286,301,15,5.2,517,503,14,stage_A; stageB_engine
Will McLachlan,SF,162,177,15,9.3,620,612,8,stage_A; stageB_engine
Logan McDonald,KPF,706,720,14,2.0,305,309,-4,stage_A; stageB_engine
Charlie Edwards,MID,733,747,14,1.9,298,301,-3,stage_A; stageB_engine; stageB_curve_pool
Isaac Quaynor,SD,587,601,14,2.4,339,346,-7,stageB_engine
Caleb Lewis,KPF,205,219,14,6.8,571,579,-8,stage_A; stageB_engine
Max Kondogiannis,SD,578,564,-14,-2.4,348,361,-13,stage_A; stageB_engine
Indy Cotton,SD,301,287,-14,-4.7,502,513,-11,stage_A; stageB_engine
Adam Saad,SD,601,615,14,2.3,336,341,-5,stage_A; stageB_engine
Calsher Dear,KPF,1002,1016,14,1.4,238,252,-14,stage_A; stageB_engine
Scott Pendlebury,MID,470,484,14,3.0,396,397,-1,stageB_engine
Josh Lai,SD,535,549,14,2.6,372,368,4,stage_A; stageB_engine
Billy Dowling,SF,191,205,14,7.3,591,591,0,stage_A; stageB_engine; stageB_curve_pool
Rhett Bazzo,KPD,584,598,14,2.4,343,348,-5,stageB_engine
Max Ramsden,KPF,233,247,14,6.0,557,557,0,stage_A; stageB_engine
Dylan Stephens,MID,491,505,14,2.9,385,383,2,stage_A; stageB_engine
Harry Kyle,SD,1097,1110,13,1.2,221,232,-11,stage_A; stageB_engine
Will Green,RUCK,659,672,13,2.0,320,326,-6,stageB_curve_pool
Jai Murray,MID,1330,1343,13,1.0,190,200,-10,stage_A; stageB_engine
Jack Dalton,SF,617,630,13,2.1,329,336,-7,stage_A; stageB_engine; stageB_curve_pool
Joshua Kelly,MID,536,549,13,2.4,371,369,2,stage_A; stageB_engine
Tobyn Murray,SF,399,412,13,3.3,434,428,6,stage_A; stageB_curve_pool
Balyn O'Brien,SD,362,349,-13,-3.6,455,466,-11,stage_A; stageB_engine
Jacob Molier,RUCK,489,502,13,2.7,387,386,1,stageB_curve_pool
Fred Rodriguez,MID,416,429,13,3.1,419,418,1,stageB_engine
Nick Driscoll,MID,416,429,13,3.1,420,419,1,stageB_engine
Tom Brown,SD,577,590,13,2.3,350,350,0,stageB_engine
Liam Baker,SD,558,571,13,2.3,359,356,3,stageB_engine
James Borlase,KPD,551,564,13,2.4,360,360,0,stageB_engine
Harry Sharp,MID,62,75,13,21.0,708,701,7,stage_A; stageB_engine
Jy Farrar,SD,11,24,13,118.2,789,775,14,stage_A; stageB_engine
Shaun Mannagh,SF,704,716,12,1.7,306,312,-6,stage_A; stageB_engine
Tai Hayes,SF,262,274,12,4.6,537,527,10,stage_A; stageB_curve_pool
Jaxon Artemis,SD,370,358,-12,-3.2,452,461,-9,stage_A; stageB_engine
Alex Dodson,RUCK,487,499,12,2.5,388,389,-1,stageB_curve_pool
Will Darcy,KPD,479,491,12,2.5,392,395,-3,stage_A; stageB_curve_pool
Matthew Jefferson,KPF,487,499,12,2.5,389,390,-1,stageB_engine
Max Gruzewski,KPF,549,561,12,2.2,361,364,-3,stage_A; stageB_engine
Cameron Rayner,SF,870,882,12,1.4,266,272,-6,stage_A; stageB_engine
Francis Evans,SF,468,480,12,2.6,397,398,-1,stageB_engine
Will Lorenz,MID,427,439,12,2.8,414,414,0,stage_A; stageB_engine; stageB_curve_pool
Josh Draper,KPD,525,537,12,2.3,375,374,1,stageB_engine
Alex Davies,MID,477,489,12,2.5,393,396,-3,stage_A; stageB_engine
Liam McMahon,KPF,197,209,12,6.1,583,587,-4,stage_A; stageB_engine; stageB_curve_pool
Sam Sturt,SF,53,65,12,22.6,720,711,9,stage_A; stageB_curve_pool
Koby Coulson,MID,422,433,11,2.6,415,416,-1,stage_A; stageB_curve_pool
Charlie Comben,KPD,1012,1023,11,1.1,237,249,-12,stageB_engine
Eamonn Armstrong,SD,196,185,-11,-5.6,585,607,-22,stage_A; stageB_engine
Michael Sellwood,SD,197,208,11,5.6,584,588,-4,stage_A; stageB_engine
Mitch Zadow,SF,86,97,11,12.8,685,670,15,stage_A; stageB_engine
Riley Hamilton,SF,329,340,11,3.3,482,476,6,stage_A; stageB_engine
Rob Monahan,SD,187,176,-11,-5.9,594,616,-22,stage_A; stageB_engine
Marc Pittonet,RUCK,541,552,11,2.0,368,366,2,stageB_engine
James Worpel,MID,490,501,11,2.2,386,387,-1,stageB_engine
Mitchell Hinge,SD,468,479,11,2.4,398,400,-2,stageB_engine
Jack Bowes,MID,105,116,11,10.5,657,647,10,stage_A; stageB_curve_pool
Josh Battle,KPD,2263,2273,10,0.4,95,102,-7,stage_A; stageB_engine
Sam Marshall,MID,866,876,10,1.2,268,273,-5,stage_A; stageB_engine
Max Beattie,SF,52,62,10,19.2,721,712,9,stage_A; stageB_engine
Kye Fincher,MID,391,401,10,2.6,437,434,3,stage_A; stageB_curve_pool
Riley Onley,MID,416,426,10,2.4,421,421,0,stageB_engine
Jack Viney,MID,359,369,10,2.8,459,454,5,stageB_engine
Nick Murray,KPD,438,448,10,2.3,408,411,-3,stageB_engine
Oliver Wines,MID,381,391,10,2.6,446,442,4,stageB_engine
Sam Butler,SF,100,110,10,10.0,663,657,6,stage_A; stageB_curve_pool
Judson Clarke,SF,88,98,10,11.4,679,668,11,stage_A; stageB_curve_pool
Hayden McLean,KPF,377,387,10,2.7,448,445,3,stageB_engine
Heath Chapman,SD,483,493,10,2.1,391,393,-2,stageB_engine
Ryan Angwin,MID,493,503,10,2.0,384,384,0,stage_A; stageB_engine
Samson Ryan,RUCK,410,420,10,2.4,424,424,0,stageB_engine
Jacob Hopper,MID,120,130,10,8.3,642,638,4,stage_A; stageB_curve_pool
Jade Gresham,SF,49,59,10,20.4,723,713,10,stage_A; stageB_curve_pool
Blake Thredgold,KPD,562,571,9,1.6,356,355,1,stage_A; stageB_curve_pool
Harry Barnett,RUCK,620,629,9,1.5,328,338,-10,stageB_curve_pool
Toby Conway,RUCK,568,577,9,1.6,354,353,1,stageB_curve_pool
Josh Gibcus,KPD,205,196,-9,-4.4,573,602,-29,stage_A; stageB_engine
Matthew LeRay,MID,381,390,9,2.4,445,444,1,stageB_curve_pool
Ashton Moir,SF,296,305,9,3.0,508,501,7,stage_A; stageB_engine; stageB_curve_pool
Liam Fawcett,KPF,517,526,9,1.7,378,377,1,stage_A; stageB_engine
Brennan Cox,KPD,376,385,9,2.4,450,447,3,stageB_engine
Mason Wood,SF,513,522,9,1.8,380,380,0,stage_A; stageB_engine
Jake Riccardi,KPF,387,396,9,2.3,440,436,4,stageB_engine
Brady Hough,SD,362,371,9,2.5,456,453,3,stageB_engine
Jeremy Howe,SD,358,367,9,2.5,460,456,4,stage_A; stageB_engine
Tom Atkins,MID,410,419,9,2.2,425,425,0,stage_A; stageB_engine
Mabior Chol,KPF,388,397,9,2.3,439,435,4,stageB_engine
Liam Duggan,SD,356,365,9,2.5,462,457,5,stage_A; stageB_engine
Judd McVee,SD,377,386,9,2.4,449,446,3,stageB_engine
Jaxon Prior,SD,381,390,9,2.4,444,443,1,stageB_engine
Callum Coleman-Jones,KPF,39,48,9,23.1,745,729,16,stage_A; stageB_curve_pool
Patrick Dangerfield,MID,82,91,9,11.0,690,683,7,stage_A; stageB_curve_pool
Jesse Mellor,MID,295,303,8,2.7,511,502,9,stageB_engine
Ben King,KPF,341,349,8,2.3,472,467,5,stageB_engine
Max Knobel,RUCK,508,516,8,1.6,382,381,1,stageB_curve_pool
Angus Hastie,SD,331,339,8,2.4,479,477,2,stageB_engine
Milan Murdock,SF,345,353,8,2.3,470,465,5,stageB_engine
Leek Aleer,KPD,279,287,8,2.9,521,514,7,stage_A; stageB_engine
Sam Clohesy,MID,262,270,8,3.1,535,535,0,stage_A; stageB_engine
Zane Zakostelsky,KPD,467,475,8,1.7,399,402,-3,stage_A; stageB_engine; stageB_curve_pool
Kye Annand,KPD,173,181,8,4.6,609,609,0,stage_A; stageB_engine
Tom Doedee,SD,353,361,8,2.3,465,460,5,stageB_engine
Kaleb Smith,SD,130,122,-8,-6.2,637,643,-6,stage_A; stageB_curve_pool
Corey Warner,SF,74,82,8,10.8,700,692,8,stage_A; stageB_curve_pool
Jarrod Berry,MID,324,332,8,2.5,484,484,0,stageB_engine
Jesse Hogan,KPF,321,329,8,2.5,487,489,-2,stageB_engine
Mitchell Knevitt,MID,169,177,8,4.7,610,610,0,stage_A; stageB_engine
Jack Williams,KPF,532,540,8,1.5,373,373,0,stage_A; stageB_engine
Zach Guthrie,SD,319,327,8,2.5,490,490,0,stageB_engine
Ned Reeves,RUCK,322,330,8,2.5,486,487,-1,stageB_engine
Liam Henry,SF,84,92,8,9.5,688,678,10,stage_A; stageB_curve_pool
Hunter Holmes,MID,577,584,7,1.2,349,351,-2,stage_A; stageB_curve_pool
Riley Bice,SD,333,340,7,2.1,477,475,2,stageB_engine
Lewis Hayes,KPD,372,379,7,1.9,451,449,2,stage_A; stageB_curve_pool
Archie May,KPF,471,478,7,1.5,395,401,-6,stage_A; stageB_engine
Ben Camporeale,MID,290,297,7,2.4,513,506,7,stage_A; stageB_curve_pool
Matt Hill,SF,116,123,7,6.0,645,642,3,stage_A; stageB_engine
Archie Perkins,SF,302,309,7,2.3,500,500,0,stageB_engine
Cillian Burke,SD,98,91,-7,-7.1,665,681,-16,stage_A; stageB_engine
Tom Gross,MID,637,644,7,1.1,326,332,-6,stage_A; stageB_engine
Clay Hall,MID,347,354,7,2.0,469,463,6,stageB_engine; stageB_curve_pool
Lucas Camporeale,MID,250,257,7,2.8,544,543,1,stageB_curve_pool
Brayden Fiorini,MID,278,285,7,2.5,522,518,4,stageB_engine
Tom Papley,SF,525,532,7,1.3,376,376,0,stage_A; stageB_engine
Edward Allan,MID,842,849,7,0.8,272,277,-5,stage_A; stageB_engine
Harvey Johnston,SD,250,257,7,2.8,543,542,1,stage_A; stageB_engine
Steely Green,SF,168,175,7,4.2,612,617,-5,stage_A; stageB_engine
Noah Long,SF,199,206,7,3.5,580,590,-10,stage_A; stageB_engine
Charlie Cameron,SF,288,295,7,2.4,515,508,7,stageB_engine
Finnbar Maley,KPF,305,312,7,2.3,499,498,1,stageB_engine
Toby Murray,KPF,284,291,7,2.5,518,512,6,stageB_engine
Ben Ainsworth,SF,312,319,7,2.2,494,492,2,stageB_engine
Conor Nash,MID,341,348,7,2.1,473,468,5,stageB_engine
Blake Acres,MID,244,251,7,2.9,553,551,2,stageB_engine
Bailey Laurie,SF,69,76,7,10.1,705,700,5,stage_A; stageB_curve_pool
Eric Hipwood,KPF,44,51,7,15.9,734,726,8,stage_A; stageB_curve_pool
Ryan Byrnes,MID,89,96,7,7.9,677,673,4,stage_A; stageB_engine
Jack Martin,SF,97,104,7,7.2,667,662,5,stage_A; stageB_curve_pool
Steele Sidebottom,MID,99,106,7,7.1,664,660,4,stage_A; stageB_curve_pool
Conor McKenna,SD,2,9,7,350.0,800,795,5,stage_A
Max King,KPF,332,338,6,1.8,478,479,-1,stageB_engine
Sam Allen,MID,687,693,6,0.9,310,320,-10,stage_A; stageB_curve_pool
Tyan Prindable,MID,601,607,6,1.0,337,344,-7,stage_A; stageB_curve_pool
Harrison Ramm,KPD,388,394,6,1.5,438,438,0,stage_A; stageB_engine
Cooper Bell,KPD,323,329,6,1.9,485,488,-3,stage_A; stageB_curve_pool
Luke Urquhart,MID,245,251,6,2.4,552,554,-2,stageB_curve_pool
Tylar Young,KPD,313,319,6,1.9,493,493,0,stageB_engine
Isaiah Dudley,SF,113,119,6,5.3,647,646,1,stage_A; stageB_engine
Jack Watkins,MID,3,9,6,200.0,799,796,3,stageB_engine
Toby McMullin,SF,149,155,6,4.0,631,629,2,stage_A; stageB_engine
Zac Banch,SF,42,48,6,14.3,741,731,10,stage_A; stageB_engine
Campbell Chesser,MID,351,357,6,1.7,466,462,4,stage_A; stageB_engine
Alex Neal-Bullen,SF,420,426,6,1.4,416,420,-4,stage_A; stageB_engine
Blake Howes,SD,334,340,6,1.8,476,474,2,stage_A; stageB_engine
Bailey Macdonald,SD,179,185,6,3.4,603,606,-3,stage_A; stageB_engine
Will Edwards,KPD,273,279,6,2.2,526,525,1,stageB_engine
Sam Powell-Pepper,SF,272,278,6,2.2,527,526,1,stageB_engine
Bayley Fritsch,SF,246,252,6,2.4,550,550,0,stageB_engine
Josh Goater,SD,102,96,-6,-5.9,659,671,-12,stage_A; stageB_curve_pool
Toby Bedford,SF,266,272,6,2.3,533,531,2,stageB_engine
Robert Hansen,SF,121,127,6,5.0,640,640,0,stage_A; stageB_engine
Tyson Stengle,SF,249,255,6,2.4,545,549,-4,stageB_engine
Harvey Harrison,SF,61,67,6,9.8,710,710,0,stage_A; stageB_curve_pool
Cody Weightman,SF,213,219,6,2.8,567,580,-13,stage_A; stageB_engine
Callum Ah Chee,SF,86,92,6,7.0,683,677,6,stage_A; stageB_curve_pool
Oskar Taylor,SD,754,759,5,0.7,290,298,-8,stage_A; stageB_curve_pool
Harry O'Farrell,KPD,937,932,-5,-0.5,251,263,-12,stage_A; stageB_engine
Joel Cochran,KPD,328,333,5,1.5,483,481,2,stage_A; stageB_curve_pool
Max Michalanney,SD,568,573,5,0.9,353,354,-1,stage_A; stageB_engine
Patrick Snell,KPD,246,251,5,2.0,551,555,-4,stage_A; stageB_curve_pool
Jaren Carr,SF,213,218,5,2.3,568,582,-14,stageB_curve_pool
Matt Duffy,SD,165,160,-5,-3.0,614,626,-12,stage_A; stageB_engine
Hugo Hall-Kahan,SD,229,234,5,2.2,559,568,-9,stage_A; stageB_engine
George Stevens,MID,405,410,5,1.2,429,430,-1,stage_A; stageB_engine; stageB_curve_pool
Campbell Gray,KPD,266,271,5,1.9,532,533,-1,stage_A; stageB_engine
Bodie Ryan,SD,337,342,5,1.5,475,472,3,stage_A; stageB_engine; stageB_curve_pool
Oliver Hayes-Brown,RUCK,274,279,5,1.8,525,524,1,stageB_engine
Ben Keays,SF,444,449,5,1.1,407,410,-3,stage_A; stageB_engine
Henry Hustwaite,MID,274,279,5,1.8,524,523,1,stage_A; stageB_engine; stageB_curve_pool
Darcy Moore,KPD,232,237,5,2.2,558,564,-6,stageB_engine
Sandy Brock,KPD,262,267,5,1.9,536,537,-1,stageB_engine
Shadeau Brain,SD,115,110,-5,-4.3,646,658,-12,stage_A; stageB_engine
Daniel McStay,KPF,234,239,5,2.1,556,561,-5,stageB_engine
Taylor Walker,KPF,214,219,5,2.3,566,581,-15,stage_A; stageB_engine
Will Hayward,SF,219,224,5,2.3,563,573,-10,stageB_engine
Tim Membrey,KPF,207,212,5,2.4,569,584,-15,stageB_engine
Jarrod Witts,RUCK,219,224,5,2.3,562,572,-10,stageB_engine
Beau McCreery,SF,194,199,5,2.6,588,598,-10,stageB_engine
Jack Payne,KPD,168,173,5,3.0,611,618,-7,stageB_engine
Jackson Archer,SD,80,75,-5,-6.2,692,702,-10,stage_A; stageB_curve_pool
Jai Culley,MID,240,245,5,2.1,554,558,-4,stageB_engine
Zac Fisher,SF,180,185,5,2.8,602,608,-6,stageB_engine
Rhylee West,SF,216,221,5,2.3,565,576,-11,stageB_engine
Xavier Duursma,MID,203,208,5,2.5,576,589,-13,stageB_engine
Tom Lynch,KPF,48,53,5,10.4,727,724,3,stage_A; stageB_curve_pool
Joel Hamling,KPD,38,33,-5,-13.2,748,758,-10,stage_A
Jake Melksham,SF,48,53,5,10.4,725,723,2,stage_A; stageB_curve_pool
Harley Barker,MID,745,749,4,0.5,293,300,-7,stage_A; stageB_curve_pool
James Barrat,KPD,387,391,4,1.0,441,440,1,stage_A; stageB_curve_pool
Ollie Murphy,KPD,288,292,4,1.4,516,511,5,stage_A; stageB_curve_pool
Harrison Coe,RUCK,163,167,4,2.5,618,620,-2,stageB_engine
Luke Lloyd,KPF,283,287,4,1.4,519,515,4,stage_A; stageB_curve_pool
Hugh Davies,KPD,310,314,4,1.3,495,497,-2,stage_A; stageB_curve_pool
Sam Davidson,SF,78,82,4,5.1,696,693,3,stage_A; stageB_curve_pool
Riak Andrew,KPD,296,300,4,1.4,510,504,6,stage_A; stageB_curve_pool
Billy Cootee,MID,101,105,4,4.0,660,661,-1,stage_A; stageB_curve_pool
Jed Adams,KPD,267,271,4,1.5,531,534,-3,stage_A; stageB_curve_pool
Reece Torrent,MID,198,202,4,2.0,581,595,-14,stageB_curve_pool
Will Lewis,KPF,12,16,4,33.3,788,785,3,stage_A; stageB_engine
Harvey Gallagher,SF,138,142,4,2.9,634,634,0,stageB_curve_pool
James Trezise,SD,163,167,4,2.5,619,621,-2,stageB_engine
Harrison Jones,KPF,205,209,4,2.0,572,586,-14,stage_A; stageB_engine
Jayden Laverde,KPD,294,298,4,1.4,512,505,7,stageB_engine
Hugh Bond,SD,194,198,4,2.1,590,599,-9,stage_A; stageB_engine
Paddy Dow,MID,165,169,4,2.4,615,619,-4,stageB_curve_pool
Jack Darling,KPF,199,203,4,2.0,579,593,-14,stageB_engine
Lachlan Jones,SD,152,156,4,2.6,628,628,0,stageB_engine
Tom McDonald,KPD,182,186,4,2.2,600,605,-5,stageB_engine
Jake Stringer,SF,138,142,4,2.9,635,635,0,stageB_engine
Jack Carroll,MID,96,100,4,4.2,668,667,1,stage_A; stageB_engine
Maurice Rioli,SF,42,46,4,9.5,740,734,6,stage_A; stageB_curve_pool
Griffin Logue,KPD,126,130,4,3.2,639,637,2,stageB_engine
Tyler Brockman,SF,76,80,4,5.3,699,697,2,stage_A; stageB_engine
Jack Scrimshaw,SD,154,158,4,2.6,627,627,0,stageB_engine
Finn Maginness,MID,34,38,4,11.8,758,750,8,stage_A; stageB_curve_pool
Harry Edwards,KPD,157,161,4,2.5,626,624,2,stageB_engine
Jackson Mead,MID,36,40,4,11.1,751,743,8,stage_A; stageB_curve_pool
Charlie Spargo,SF,34,38,4,11.8,757,749,8,stage_A; stageB_curve_pool
Lachlan Sholl,MID,216,220,4,1.9,564,578,-14,stageB_engine
Elijah Hewett,MID,779,782,3,0.4,288,293,-5,stage_A; stageB_engine
Riley Hardeman,SD,320,317,-3,-0.9,489,495,-6,stage_A; stageB_engine; stageB_curve_pool
Harry DeMattia,MID,476,479,3,0.6,394,399,-5,stage_A; stageB_curve_pool
Josh Sinn,SD,183,186,3,1.6,597,604,-7,stage_A; stageB_engine
Zac Taylor,SF,258,261,3,1.2,540,541,-1,stage_A; stageB_engine
Oliver Wiltshire,SF,98,101,3,3.1,666,666,0,stage_A; stageB_curve_pool
Luke Nankervis,SD,457,460,3,0.7,402,406,-4,stageB_engine
Nikolas Cox,MID,174,177,3,1.7,607,611,-4,stage_A; stageB_engine
James Tunstill,MID,108,111,3,2.8,656,653,3,stageB_engine
Esava Ratugolea,KPD,117,120,3,2.6,644,645,-1,stageB_engine
Cameron Zurhaar,SF,159,162,3,1.9,624,623,1,stageB_engine
Jack Higgins,SF,132,135,3,2.3,636,636,0,stageB_engine
Oscar Allen,KPF,158,161,3,1.9,625,625,0,stageB_engine
Jackson Macrae,MID,140,143,3,2.1,633,633,0,stageB_engine
Michael Frederick,SF,111,114,3,2.7,651,652,-1,stageB_engine
Lachlan Bramble,SF,94,97,3,3.2,670,669,1,stageB_engine
Harry Perryman,SD,120,123,3,2.5,641,641,0,stageB_engine
Tom Barrass,KPD,113,116,3,2.7,650,650,0,stageB_engine
Ollie Lord,KPF,151,154,3,2.0,630,630,0,stageB_engine
Riley Garcia,SF,113,116,3,2.7,648,649,-1,stageB_engine
Brandon Zerk-Thatcher,KPD,86,89,3,3.5,682,685,-3,stageB_engine
Jamie Cripps,SF,36,39,3,8.3,753,748,5,stage_A; stageB_curve_pool
James Leake,SD,544,546,2,0.4,364,370,-6,stage_A; stageB_engine
Joel Fitzgerald,MID,78,80,2,2.6,695,696,-1,stageB_engine
Bruce Reville,MID,72,74,2,2.8,701,703,-2,stageB_engine
Harry Rowston,MID,642,644,2,0.3,323,331,-8,stage_A; stageB_engine
Luke Kennedy,MID,523,525,2,0.4,377,378,-1,stage_A; stageB_engine
Ewan Mackinlay,SF,45,47,2,4.4,732,733,-1,stage_A; stageB_engine
Tom Edwards,KPF,89,91,2,2.2,678,684,-6,stageB_engine
Jack Hutchinson,MID,37,39,2,5.4,749,747,2,stageB_engine
Jack Buller,KPF,91,93,2,2.2,674,676,-2,stageB_engine
Wade Derksen,KPD,84,86,2,2.4,689,690,-1,stageB_engine
Charlie Ballard,KPD,84,86,2,2.4,687,688,-1,stageB_engine
Brandon Walker,SD,91,93,2,2.2,673,675,-2,stageB_engine
Nick Vlastuin,SD,109,111,2,1.8,655,654,1,stageB_engine
Nick Haynes,SD,101,103,2,2.0,662,663,-1,stageB_engine
Dougal Howard,KPD,87,89,2,2.3,681,686,-5,stageB_engine
Lachlan Fogarty,SF,71,73,2,2.8,702,704,-2,stageB_engine
Todd Marshall,KPF,113,115,2,1.8,649,651,-2,stageB_engine
Elliott Himmelberg,KPF,89,91,2,2.2,676,682,-6,stageB_engine
Harry Morrison,MID,53,55,2,3.8,719,719,0,stageB_engine
Caleb Graham,KPD,70,72,2,2.9,703,705,-2,stageB_engine
Matt Guelfi,SF,17,19,2,11.8,785,781,4,stage_A; stageB_engine
Nicholas Holman,SF,25,27,2,8.0,774,768,6,stage_A
Daniel Butler,SF,19,21,2,10.5,781,777,4,stage_A
Jed Bews,SD,36,34,-2,-5.6,754,755,-1,stage_A; stageB_engine
Lachlan Blakiston,KPD,19,20,1,5.3,782,779,3,stageB_engine
Cody Angove,MID,562,563,1,0.2,357,362,-5,stage_A; stageB_curve_pool
Charlie West,KPF,613,612,-1,-0.2,332,342,-10,stage_A; stageB_engine; stageB_curve_pool
Oscar Berry,KPD,93,92,-1,-1.1,671,679,-8,stage_A; stageB_engine
Xavier Walsh,KPD,262,263,1,0.4,538,540,-2,stage_A; stageB_engine
Luke Beecken,MID,20,21,1,5.0,779,778,1,stageB_engine
Jamarra Ugle-Hagan,KPF,354,353,-1,-0.3,463,464,-1,stage_A; stageB_engine
Paddy Cross,SF,35,36,1,2.9,756,754,2,stage_A
Liam Puncher,KPD,101,102,1,1.0,661,664,-3,stage_A; stageB_engine
Jesse Motlop,SF,109,110,1,0.9,654,656,-2,stage_A; stageB_engine
Flynn Young,SF,10,11,1,10.0,793,789,4,stage_A
Jack Henderson,SF,6,7,1,16.7,797,797,0,stageB_engine
Liam O'Connell,SD,41,42,1,2.4,742,741,1,stageB_engine
Mykelti Lefau,KPF,37,38,1,2.7,750,752,-2,stageB_engine
Arthur Jones,SF,128,129,1,0.8,638,639,-1,stage_A; stageB_engine
Luke Cleary,SD,77,78,1,1.3,698,698,0,stage_A; stageB_curve_pool
Nicholas Coffield,SD,54,55,1,1.9,718,721,-3,stage_A; stageB_curve_pool
Andy Moniz-Wakefield,SF,45,44,-1,-2.2,731,736,-5,stage_A
Corey Durdin,SF,67,68,1,1.5,706,707,-1,stageB_engine
Reef McInnes,KPD,80,81,1,1.2,694,695,-1,stage_A; stageB_curve_pool
Jacob Wehr,SD,24,25,1,4.2,775,772,3,stageB_curve_pool
Lachlan McNeil,SF,25,26,1,4.0,773,771,2,stageB_engine
Darcy Fort,RUCK,54,55,1,1.9,716,718,-2,stageB_engine
Lewis Melican,KPD,58,59,1,1.7,712,714,-2,stageB_engine
Corey Wagner,SD,42,43,1,2.4,738,740,-2,stageB_engine
Oscar McDonald,KPD,43,44,1,2.3,736,738,-2,stageB_engine
Jamie Elliott,SF,32,33,1,3.1,762,757,5,stage_A
Brody Mihocek,KPF,10,11,1,10.0,791,788,3,stageB_engine
Bradley Close,SF,38,39,1,2.6,746,746,0,stageB_engine
Sam Switkowski,SF,24,25,1,4.2,777,774,3,stageB_engine
Luke McDonald,SD,54,55,1,1.9,717,720,-3,stage_A; stageB_curve_pool
Lincoln McCarthy,SF,24,25,1,4.2,776,773,3,stageB_engine
Aidan Corr,KPD,51,52,1,2.0,722,725,-3,stageB_curve_pool
Changkuoth Jiath,SD,30,31,1,3.3,768,765,3,stageB_engine
Callum M. Brown,SF,66,67,1,1.5,707,709,-2,stageB_engine
Toby Pink,KPD,16,17,1,6.2,786,784,2,stageB_engine
Darcy Gardiner,KPD,47,48,1,2.1,728,730,-2,stageB_curve_pool
Bobby Hill,SF,46,47,1,2.2,730,732,-2,stageB_engine
Ben Long,SF,32,33,1,3.1,761,756,5,stage_A
Bailey Scott,MID,30,31,1,3.3,767,764,3,stageB_curve_pool
Malcolm Rosas,SF,31,32,1,3.2,765,762,3,stageB_engine
Noah Answerth,SD,31,32,1,3.2,766,763,3,stageB_curve_pool
Liam Ryan,SF,30,31,1,3.3,769,766,3,stageB_curve_pool
Darragh Joyce,KPD,12,13,1,8.3,787,787,0,stageB_engine
Hugo Ralphsmith,MID,44,45,1,2.3,735,735,0,stageB_engine
Liam Stocker,SD,42,41,-1,-2.4,739,742,-3,stage_A; stageB_curve_pool
Laitham Vandermeer,SF,32,33,1,3.1,763,759,4,stage_A
Oskar Baker,MID,32,33,1,3.1,764,760,4,stageB_curve_pool
Brandon Starcevich,SD,44,43,-1,-2.3,733,739,-6,stage_A; stageB_curve_pool
Dylan Patterson,SD,1137,1137,0,0.0,211,225,-14,unmoved
Lukas Cooke,KPD,151,151,0,0.0,629,631,-2,unmoved
Zak Evans,MID,4,4,0,0.0,798,799,-1,unmoved
Tom Blamires,SD,95,95,0,0.0,669,674,-5,unmoved
Flynn Perez,SD,10,10,0,0.0,792,791,1,unmoved
Roan Steele,MID,22,22,0,0.0,778,776,2,unmoved
Ben Jepson,MID,10,10,0,0.0,790,790,0,unmoved
Mani Liddy,MID,30,30,0,0.0,770,767,3,unmoved
Wil Parker,SD,27,27,0,0.0,772,770,2,unmoved
Saad El-Hawli,SD,19,19,0,0.0,783,782,1,unmoved
Lachie Sullivan,SF,1,1,0,0.0,803,803,0,unmoved
Oisin Mullin,SD,10,10,0,0.0,795,794,1,unmoved
James Blanck,KPD,36,36,0,0.0,752,753,-1,unmoved
Conor Stone,SF,87,87,0,0.0,680,687,-7,unmoved
Finlay Macrae,MID,110,110,0,0.0,653,655,-2,unmoved
Rhyan Mansell,SF,86,86,0,0.0,686,689,-3,unmoved
Jordan Boyd,SD,7,7,0,0.0,796,798,-2,unmoved
Lachlan Weller,MID,81,81,0,0.0,691,694,-3,unmoved
Joel Amartey,KPF,57,57,0,0.0,714,716,-2,unmoved
Hunter Clark,SD,57,57,0,0.0,713,715,-2,unmoved
Jordon Butts,KPD,17,17,0,0.0,784,783,1,unmoved
Mark O'Connor,SD,20,20,0,0.0,780,780,0,unmoved
Jaeger O'Meara,MID,196,196,0,0.0,586,601,-15,unmoved
Ben McKay,KPD,48,48,0,0.0,724,728,-4,unmoved
Rhys Stanley,RUCK,40,40,0,0.0,743,744,-1,unmoved
Nathan Broad,SD,10,10,0,0.0,794,793,1,unmoved
Ryan Gardner,KPD,33,33,0,0.0,759,761,-2,unmoved
Jake Kolodjashnij,KPD,38,38,0,0.0,747,751,-4,unmoved
Alex Pearce,KPD,39,39,0,0.0,744,745,-1,unmoved
Harry Schoenberg,MID,56,56,0,0.0,715,717,-2,unmoved
Jeremy Sharp,MID,77,77,0,0.0,697,699,-2,unmoved
Matt Owies,SF,1,1,0,0.0,804,804,0,unmoved
Mason Cox,KPF,2,2,0,0.0,801,801,0,unmoved
Harry Cunningham,SD,1,1,0,0.0,802,802,0,unmoved
