key,name,pk,games,shipped,b0,landed,stage1_storelag_engine,stage2_curve_surface,total,stage2_channel
harry-sheezel,"Harry Sheezel",3,79,10079,11881,11912,1802,31,1833,ruled_curve
nick-daicos,"Nick Daicos",4,106,9214,10705,10733,1491,28,1519,ruled_curve
luke-jackson,"Luke Jackson",3,131,8735,10073,10099,1338,26,1364,ruled_curve
nasiah-wanganeen-milera,"Nasiah Wanganeen-Milera",11,95,8375,9577,9602,1202,25,1227,ruled_curve
tristan-xerri,"Tristan Xerri",71,85,7414,8332,8354,918,22,940,pool_levels
max-holmes,"Max Holmes",21,115,7452,8366,8387,914,21,935,ruled_curve
will-ashcroft,"Will Ashcroft",2,71,6380,7032,7051,652,19,671,ruled_curve
zak-butters,"Zak Butters",12,151,6473,7057,7075,584,18,602,ruled_curve
josh-treacy,"Josh Treacy",4,92,6157,6665,6681,508,16,524,ruled_curve
dylan-patterson,"Dylan Patterson",5,0,1137,1659,1659,522,0,522,
bailey-smith,"Bailey Smith",7,139,6092,6581,6597,489,16,505,ruled_curve
daniel-annable,"Daniel Annable",6,1,1890,1434,1413,-456,-21,-477,year_zero_lens
lachy-dovaston,"Lachy Dovaston",16,6,1061,587,589,-474,2,-472,year_zero_lens
lachlan-ash,"Lachlan Ash",4,138,5682,6136,6153,454,17,471,ruled_curve
finn-callaghan,"Finn Callaghan",3,84,5592,6031,6046,439,15,454,ruled_curve
jason-horne-francis,"Jason Horne-Francis",1,92,5554,5960,5975,406,15,421,ruled_curve
errol-gulden,"Errol Gulden",34,105,5511,5908,5924,397,16,413,ruled_curve
sam-darcy,"Sam Darcy",2,51,4929,5291,5304,362,13,375,ruled_curve
samuel-grlj,"Samuel Grlj",8,12,2142,1775,1779,-367,4,-363,year_zero_lens
noah-anderson,"Noah Anderson",2,140,5257,5574,5589,317,15,332,ruled_curve
joe-berry,"Joe Berry",15,24,1397,1076,1078,-321,2,-319,year_zero_lens
jonty-faull,"Jonty Faull",14,26,1255,950,953,-305,3,-302,year_zero_lens
will-darcy,"Will Darcy",58,0,491,219,200,-272,-19,-291,year_zero_lens
jagga-smith,"Jagga Smith",3,12,4573,4842,4856,269,14,283,year_zero_lens
josh-smillie,"Josh Smillie",7,0,1276,1019,997,-257,-22,-279,year_zero_lens
caleb-windsor,"Caleb Windsor",7,47,1765,1496,1499,-269,3,-266,ruled_curve
zac-mccarthy,"Zac McCarthy",55,0,422,170,157,-252,-13,-265,year_zero_lens
archie-ludowyke,"Archie Ludowyke",50,0,434,192,180,-242,-12,-254,year_zero_lens
ty-gallop,"Ty Gallop",42,17,1598,1353,1357,-245,4,-241,year_zero_lens
caleb-serong,"Caleb Serong",8,137,4811,5033,5047,222,14,236,ruled_curve
harris-andrews,"Harris Andrews",60,249,1961,1721,1727,-240,6,-234,ruled_curve
harry-armstrong,"Harry Armstrong",23,11,1031,797,799,-234,2,-232,year_zero_lens
liam-reidy,"Liam Reidy",4,6,543,313,311,-230,-2,-232,year_zero_lens
colby-mckercher,"Colby McKercher",2,51,4073,4286,4297,213,11,224,ruled_curve
dayne-zorko,"Dayne Zorko",38,311,1250,1025,1027,-225,2,-223,ruled_curve
thomas-liberatore,"Thomas Liberatore",24,261,1607,1380,1384,-227,4,-223,ruled_curve
archie-roberts,"Archie Roberts",54,40,4675,4883,4895,208,12,220,ruled_curve
bradley-hill,"Bradley Hill",42,290,1371,1149,1151,-222,2,-220,ruled_curve
jack-gunston,"Jack Gunston",29,292,1187,965,967,-222,2,-220,ruled_curve
luke-parker,"Luke Parker",42,327,1670,1447,1451,-223,4,-219,ruled_curve
zach-reid,"Zach Reid",10,32,1434,1213,1216,-221,3,-218,ruled_curve
jordan-de-goey,"Jordan De Goey",6,193,1722,1502,1506,-220,4,-216,ruled_curve
adam-treloar,"Adam Treloar",14,262,1149,932,934,-217,2,-215,ruled_curve
alex-dodson,"Alex Dodson",53,1,499,306,284,-193,-22,-215,year_zero_lens
jack-steele,"Jack Steele",21,215,1689,1470,1474,-219,4,-215,ruled_curve
peter-wright,"Peter Wright",10,162,1767,1548,1552,-219,4,-215,ruled_curve
josh-dunkley,"Josh Dunkley",25,207,1431,1213,1217,-218,4,-214,ruled_curve
samuel-swadling,"Samuel Swadling",37,0,953,737,739,-216,2,-214,year_zero_lens
caleb-daniel,"Caleb Daniel",46,227,1551,1334,1338,-217,4,-213,ruled_curve
george-hewett,"George Hewett",32,210,1937,1719,1724,-218,5,-213,ruled_curve
james-rowbottom,"James Rowbottom",25,153,1420,1203,1207,-217,4,-213,ruled_curve
thomas-stewart,"Thomas Stewart",40,203,1271,1055,1058,-216,3,-213,ruled_curve
willem-duursma,"Willem Duursma",1,12,4498,4699,4711,201,12,213,year_zero_lens
aliir-aliir,"Aliir Aliir",44,190,993,779,781,-214,2,-212,ruled_curve
darcy-cameron,"Darcy Cameron",48,131,1588,1372,1376,-216,4,-212,ruled_curve
jacob-weitering,"Jacob Weitering",1,214,1232,1017,1020,-215,3,-212,ruled_curve
patrick-cripps,"Patrick Cripps",13,242,1881,1666,1670,-215,4,-211,ruled_curve
tom-mccarthy,"Tom McCarthy",1,22,1633,1418,1422,-215,4,-211,year_zero_lens
luke-ryan,"Luke Ryan",65,190,1608,1394,1398,-214,4,-210,pool_levels
charlie-west,"Charlie West",50,3,612,404,403,-208,-1,-209,year_zero_lens
jacob-molier,"Jacob Molier",52,0,502,315,293,-187,-22,-209,year_zero_lens
jayden-short,"Jayden Short",9,202,1306,1095,1097,-211,2,-209,ruled_curve
will-brodie,"Will Brodie",9,55,1038,827,829,-211,2,-209,ruled_curve
josh-battle,"Josh Battle",39,161,2273,2059,2065,-214,6,-208,ruled_curve
sam-draper,"Sam Draper",1,90,1307,1097,1099,-210,2,-208,ruled_curve
jeremy-cameron,"Jeremy Cameron",12,292,1021,812,814,-209,2,-207,ruled_curve
tom-mccartin,"Tom McCartin",33,162,1937,1726,1730,-211,4,-207,ruled_curve
brent-daniels,"Brent Daniels",27,120,1418,1211,1212,-207,1,-206,ruled_curve
james-sicily,"James Sicily",52,190,1910,1700,1705,-210,5,-205,ruled_curve
tom-green,"Tom Green",10,115,4682,4876,4887,194,11,205,ruled_curve
toby-greene,"Toby Greene",17,274,1040,833,836,-207,3,-204,ruled_curve
jarman-impey,"Jarman Impey",21,233,1134,929,931,-205,2,-203,ruled_curve
mason-redman,"Mason Redman",30,149,1636,1429,1433,-207,4,-203,ruled_curve
jevan-phillipou,"Jevan Phillipou",35,0,494,298,292,-196,-6,-202,year_zero_lens
joe-richards,"Joe Richards",48,43,1120,916,918,-204,2,-202,ruled_curve
dan-houston,"Dan Houston",30,201,1357,1153,1156,-204,3,-201,ruled_curve
finnegan-davis,"Finnegan Davis",51,0,382,192,181,-190,-11,-201,year_zero_lens
ed-langdon,"Ed Langdon",54,215,1080,878,880,-202,2,-200,ruled_curve
hugh-mccluggage,"Hugh McCluggage",3,218,1791,1586,1591,-205,5,-200,ruled_curve
lachie-whitfield,"Lachie Whitfield",1,269,2232,2027,2032,-205,5,-200,ruled_curve
rory-laird,"Rory Laird",8,279,955,754,755,-201,1,-200,ruled_curve
wayne-milera,"Wayne Milera",11,135,2003,1799,1803,-204,4,-200,ruled_curve
tim-kelly,"Tim Kelly",24,176,1377,1175,1178,-202,3,-199,ruled_curve
jordan-ridley,"Jordan Ridley",22,107,904,704,706,-200,2,-198,ruled_curve
blake-thredgold,"Blake Thredgold",26,0,571,382,374,-189,-8,-197,year_zero_lens
charlie-curnow,"Charlie Curnow",12,161,1626,1425,1429,-201,4,-197,ruled_curve
dylan-moore,"Dylan Moore",66,137,1396,1196,1199,-200,3,-197,pool_levels
sam-taylor,"Sam Taylor",28,133,1479,1279,1282,-200,3,-197,ruled_curve
toby-nankervis,"Toby Nankervis",35,181,2197,1995,2000,-202,5,-197,ruled_curve
ben-miller,"Ben Miller",62,82,1171,972,975,-199,3,-196,ruled_curve
lachie-neale,"Lachie Neale",66,307,2353,2152,2157,-201,5,-196,pool_levels
darcy-byrne-jones,"Darcy Byrne-Jones",50,233,846,650,651,-196,1,-195,ruled_curve
harry-mckay,"Harry McKay",10,151,1872,1672,1677,-200,5,-195,ruled_curve
jake-waterman,"Jake Waterman",76,125,1421,1223,1226,-198,3,-195,pool_levels
sean-darcy,"Sean Darcy",38,132,947,750,753,-197,3,-194,ruled_curve
jy-simpkin,"Jy Simpkin",12,185,1389,1193,1196,-196,3,-193,ruled_curve
samuel-collins,"Samuel Collins",54,161,814,620,621,-194,1,-193,ruled_curve
touk-miller,"Touk Miller",29,226,2370,2171,2177,-199,6,-193,ruled_curve
thomas-matthews,"Thomas Matthews",30,0,551,366,359,-185,-7,-192,year_zero_lens
wil-powell,"Wil Powell",19,141,956,762,764,-194,2,-192,ruled_curve
jack-silvagni,"Jack Silvagni",53,141,906,713,715,-193,2,-191,ruled_curve
sam-de-koning,"Sam De Koning",19,98,1045,852,854,-193,2,-191,ruled_curve
adam-cerra,"Adam Cerra",5,157,1125,933,935,-192,2,-190,ruled_curve
aidan-schubert,"Aidan Schubert",23,0,696,513,506,-183,-7,-190,year_zero_lens
lachlan-mcandrew,"Lachlan McAndrew",,14,1432,1238,1242,-194,4,-190,year_zero_lens
charlie-comben,"Charlie Comben",31,59,1023,832,834,-191,2,-189,ruled_curve
kade-chandler,"Kade Chandler",10,92,1134,944,945,-190,1,-189,ruled_curve
darcy-fogarty,"Darcy Fogarty",12,132,1051,862,864,-189,2,-187,ruled_curve
marcus-herbert,"Marcus Herbert",13,1,837,648,650,-189,2,-187,year_zero_lens
nick-watson,"Nick Watson",5,55,3710,3886,3897,176,11,187,ruled_curve
aaron-naughton,"Aaron Naughton",9,179,1482,1293,1296,-189,3,-186,ruled_curve
john-noble,"John Noble",8,149,2201,2010,2015,-191,5,-186,ruled_curve
tom-sparrow,"Tom Sparrow",27,130,1790,1600,1604,-190,4,-186,ruled_curve
jye-caldwell,"Jye Caldwell",11,99,1166,978,981,-188,3,-185,ruled_curve
koby-evans,"Koby Evans",38,0,458,282,273,-176,-9,-185,year_zero_lens
mark-keane,"Mark Keane",,56,1819,1631,1634,-188,3,-185,pool_levels
callum-mills,"Callum Mills",3,186,2272,2083,2088,-189,5,-184,ruled_curve
kane-farrell,"Kane Farrell",51,126,1492,1306,1308,-186,2,-184,ruled_curve
karl-worner,"Karl Worner",4,43,1103,917,919,-186,2,-184,ruled_curve
reilly-o-brien,"Reilly O'Brien",8,147,1064,879,880,-185,1,-184,ruled_curve
billy-wilson,"Billy Wilson",34,8,984,798,801,-186,3,-183,year_zero_lens
patrick-lipinski,"Patrick Lipinski",28,152,928,743,745,-185,2,-183,ruled_curve
mitch-georgiades,"Mitch Georgiades",18,104,1521,1335,1339,-186,4,-182,ruled_curve
nic-newman,"Nic Newman",24,143,813,629,631,-184,2,-182,ruled_curve
daniel-turner,"Daniel Turner",20,48,1767,1582,1586,-185,4,-181,ruled_curve
jack-buckley,"Jack Buckley",,94,740,558,559,-182,1,-181,pool_levels
lachlan-schultz,"Lachlan Schultz",57,138,850,667,669,-183,2,-181,ruled_curve
tyler-welsh,"Tyler Welsh",59,0,266,94,85,-172,-9,-181,year_zero_lens
gryan-miers,"Gryan Miers",57,163,1964,1780,1784,-184,4,-180,ruled_curve
cooper-duff-tytler,"Cooper Duff-Tytler",4,10,1638,1455,1459,-183,4,-179,year_zero_lens
daniel-curtin,"Daniel Curtin",8,37,2609,2424,2430,-185,6,-179,ruled_curve
lloyd-meek,"Lloyd Meek",68,89,1476,1293,1297,-183,4,-179,pool_levels
tylah-williams,"Tylah Williams",39,0,447,277,268,-170,-9,-179,year_zero_lens
bailey-dale,"Bailey Dale",45,191,2439,2255,2261,-184,6,-178,ruled_curve
rowan-marshall,"Rowan Marshall",8,168,2291,2108,2113,-183,5,-178,ruled_curve
sam-cumming,"Sam Cumming",7,7,3047,2861,2869,-186,8,-178,year_zero_lens
shai-bolton,"Shai Bolton",29,170,2444,2261,2266,-183,5,-178,ruled_curve
andrew-mcgrath,"Andrew McGrath",1,191,1160,981,983,-179,2,-177,ruled_curve
adam-sweid,"Adam Sweid",25,0,598,429,422,-169,-7,-176,year_zero_lens
archer-reid,"Archer Reid",30,20,872,694,696,-178,2,-176,year_zero_lens
bailey-williams-wb,"Bailey Williams",48,184,791,613,615,-178,2,-176,ruled_curve
cameron-rayner,"Cameron Rayner",1,180,882,704,706,-178,2,-176,ruled_curve
jack-graham,"Jack Graham",53,154,727,550,551,-177,1,-176,ruled_curve
kyle-langford,"Kyle Langford",18,175,727,550,551,-177,1,-176,ruled_curve
jye-amiss,"Jye Amiss",8,83,1753,1574,1578,-179,4,-175,ruled_curve
oliver-florent,"Oliver Florent",11,196,767,590,592,-177,2,-175,ruled_curve
daniel-rioli,"Daniel Rioli",15,215,808,631,634,-177,3,-174,ruled_curve
will-setterfield,"Will Setterfield",5,87,806,631,632,-175,1,-174,ruled_curve
matthew-kennedy-1,"Matthew Kennedy",13,154,771,596,598,-175,2,-173,ruled_curve
tim-taranto,"Tim Taranto",2,184,2465,2286,2292,-179,6,-173,ruled_curve
mitchell-marsh,"Mitchell Marsh",22,0,705,540,533,-165,-7,-172,year_zero_lens
shaun-mannagh,"Shaun Mannagh",36,48,716,543,544,-173,1,-172,ruled_curve
brodie-kemp,"Brodie Kemp",17,61,753,582,582,-171,0,-171,
darcy-parish,"Darcy Parish",5,176,731,559,561,-172,2,-170,ruled_curve
hugo-mikunda,"Hugo Mikunda",48,0,362,204,193,-158,-11,-169,year_zero_lens
james-peatling,"James Peatling",8,80,1469,1297,1300,-172,3,-169,ruled_curve
jedd-busslinger,"Jedd Busslinger",13,11,1048,876,879,-172,3,-169,year_zero_lens
kalani-white,"Kalani White",,0,446,276,277,-170,1,-169,year_zero_lens
willem-drew,"Willem Drew",33,142,736,565,567,-171,2,-169,ruled_curve
blake-hardwick,"Blake Hardwick",44,210,692,524,525,-168,1,-167,ruled_curve
cooper-bell,"Cooper Bell",49,0,329,173,162,-156,-11,-167,year_zero_lens
josh-daicos,"Josh Daicos",57,163,2268,2095,2101,-173,6,-167,ruled_curve
jack-lukosius,"Jack Lukosius",2,127,635,468,469,-167,1,-166,ruled_curve
keidean-coleman,"Keidean Coleman",36,78,920,752,754,-168,2,-166,ruled_curve
brayden-maynard,"Brayden Maynard",30,241,657,491,492,-166,1,-165,ruled_curve
louis-emmett,"Louis Emmett",27,5,970,803,805,-167,2,-165,year_zero_lens
neil-erasmus,"Neil Erasmus",10,51,1065,897,900,-168,3,-165,ruled_curve
charlie-nicholls,"Charlie Nicholls",34,0,373,214,209,-159,-5,-164,year_zero_lens
phoenix-gothard,"Phoenix Gothard",12,13,1963,1794,1799,-169,5,-164,year_zero_lens
jai-serong,"Jai Serong",53,22,1107,941,944,-166,3,-163,year_zero_lens
peter-ladhams,"Peter Ladhams",7,64,706,541,543,-165,2,-163,ruled_curve
ned-long,"Ned Long",3,48,1524,1359,1362,-165,3,-162,ruled_curve
joel-cochran,"Joel Cochran",47,0,333,182,172,-151,-10,-161,year_zero_lens
mitchell-lewis,"Mitchell Lewis",75,90,700,538,539,-162,1,-161,pool_levels
adam-saad,"Adam Saad",19,219,615,454,455,-161,1,-160,ruled_curve
clayton-oliver,"Clayton Oliver",4,218,2636,2470,2476,-166,6,-160,ruled_curve
tobyn-murray,"Tobyn Murray",40,0,412,261,252,-151,-9,-160,year_zero_lens
billy-cootee,"Billy Cootee",42,4,105,275,263,170,-12,158,year_zero_lens
josaia-delana,"Josaia Delana",,7,421,263,263,-158,0,-158,
kayle-gerreyn,"Kayle Gerreyn",37,0,345,193,187,-152,-6,-158,year_zero_lens
miles-bergman,"Miles Bergman",14,110,849,690,692,-159,2,-157,ruled_curve
nick-larkey,"Nick Larkey",72,146,678,520,521,-158,1,-157,pool_levels
jack-crisp,"Jack Crisp",34,286,592,435,436,-157,1,-156,ruled_curve
matt-whitlock,"Matt Whitlock",27,2,609,455,453,-154,-2,-156,year_zero_lens
trent-rivers,"Trent Rivers",32,129,1759,1598,1603,-161,5,-156,ruled_curve
cooper-sharman,"Cooper Sharman",18,83,689,532,534,-157,2,-155,ruled_curve
seth-campbell,"Seth Campbell",3,56,1124,967,970,-157,3,-154,ruled_curve
jhye-clark,"Jhye Clark",8,29,925,770,772,-155,2,-153,year_zero_lens
paul-curtis,"Paul Curtis",35,90,1522,1365,1369,-157,4,-153,ruled_curve
riak-andrew,"Riak Andrew",55,0,300,159,147,-141,-12,-153,year_zero_lens
tom-papley,"Tom Papley",11,207,532,378,379,-154,1,-153,ruled_curve
darcy-jones,"Darcy Jones",21,37,1494,1339,1342,-155,3,-152,ruled_curve
james-barrat,"James Barrat",32,0,391,242,239,-149,-3,-152,year_zero_lens
finn-o-sullivan,"Finn O'Sullivan",2,31,3449,3591,3600,142,9,151,ruled_curve
isaac-quaynor,"Isaac Quaynor",13,145,601,449,450,-152,1,-151,ruled_curve
matthew-leray,"Matthew LeRay",56,0,390,259,239,-131,-20,-151,year_zero_lens
christian-salem,"Christian Salem",9,204,569,418,419,-151,1,-150,ruled_curve
jaren-carr,"Jaren Carr",63,0,218,79,68,-139,-11,-150,year_zero_lens
joshua-kelly,"Joshua Kelly",2,230,549,398,399,-151,1,-150,ruled_curve
karl-amon,"Karl Amon",59,206,561,410,411,-151,1,-150,ruled_curve
liam-baker,"Liam Baker",11,163,571,420,421,-151,1,-150,ruled_curve
noah-balta,"Noah Balta",25,129,569,418,419,-151,1,-150,ruled_curve
zachary-merrett,"Zachary Merrett",26,264,2823,2665,2673,-158,8,-150,ruled_curve
zachary-williams,"Zachary Williams",,183,524,372,374,-152,2,-150,pool_levels
cameron-nairn,"Cameron Nairn",20,2,784,635,635,-149,0,-149,
dion-prestia,"Dion Prestia",9,246,502,352,353,-150,1,-149,ruled_curve
liam-hetherton,"Liam Hetherton",,0,392,243,243,-149,0,-149,
brayden-cook,"Brayden Cook",26,42,1128,977,980,-151,3,-148,ruled_curve
elijah-hollands,"Elijah Hollands",7,47,864,715,716,-149,1,-148,ruled_curve
joshua-weddle,"Joshua Weddle",18,72,1689,1537,1541,-152,4,-148,ruled_curve
justin-mcinerney,"Justin McInerney",44,121,2284,2130,2136,-154,6,-148,ruled_curve
kai-lohmann,"Kai Lohmann",20,66,805,655,657,-150,2,-148,ruled_curve
sam-flanders,"Sam Flanders",11,101,2208,2054,2060,-154,6,-148,ruled_curve
joseph-fonti,"Joseph Fonti",44,34,840,691,693,-149,2,-147,ruled_curve
mason-wood,"Mason Wood",44,168,522,374,375,-148,1,-147,ruled_curve
matthew-flynn,"Matthew Flynn",41,59,689,540,542,-149,2,-147,ruled_curve
christian-petracca,"Christian Petracca",2,222,2702,2550,2556,-152,6,-146,ruled_curve
noah-mraz,"Noah Mraz",35,0,4006,4143,4152,137,9,146,year_zero_lens
jai-newcombe,"Jai Newcombe",2,114,4286,4419,4431,133,12,145,ruled_curve
jacob-van-rooyen,"Jacob Van Rooyen",19,70,1951,1803,1807,-148,4,-144,ruled_curve
max-hall,"Max Hall",4,36,2542,2392,2398,-150,6,-144,ruled_curve
zane-peucker,"Zane Peucker",31,0,633,492,489,-141,-3,-144,year_zero_lens
matthew-roberts,"Matthew Roberts",34,58,2042,1894,1899,-148,5,-143,ruled_curve
jake-soligo,"Jake Soligo",36,95,2164,2017,2022,-147,5,-142,ruled_curve
patrick-voss,"Patrick Voss",5,38,1841,1694,1699,-147,5,-142,ruled_curve
hussien-el-achkar,"Hussien El Achkar",53,4,492,350,351,-142,1,-141,year_zero_lens
max-king-syd,"Maxwell King",49,0,296,165,155,-131,-10,-141,year_zero_lens
scott-pendlebury,"Scott Pendlebury",5,402,484,342,343,-142,1,-141,ruled_curve
james-worpel,"James Worpel",45,154,501,360,362,-141,2,-139,ruled_curve
jordon-sweet,"Jordon Sweet",14,58,2576,2431,2437,-145,6,-139,ruled_curve
xavier-lindsay,"Xavier Lindsay",11,23,2184,2039,2045,-145,6,-139,year_zero_lens
james-borlase,"James Borlase",,23,564,426,427,-138,1,-137,year_zero_lens
logan-evans,"Logan Evans",12,35,1506,1366,1370,-140,4,-136,ruled_curve
massimo-d-ambrosio,"Massimo D'Ambrosio",3,78,1669,1529,1533,-140,4,-136,ruled_curve
cody-anderson,"Cody Anderson",64,0,200,77,65,-123,-12,-135,year_zero_lens
ben-keays,"Ben Keays",24,173,449,315,315,-134,0,-134,
cooper-trembath,"Cooper Trembath",9,15,2140,2000,2006,-140,6,-134,year_zero_lens
levi-ashcroft,"Levi Ashcroft",5,40,3405,3530,3539,125,9,134,ruled_curve
patrick-snell,"Patrick Snell",53,0,251,125,117,-126,-8,-134,year_zero_lens
rory-lobb,"Rory Lobb",29,209,431,296,297,-135,1,-134,ruled_curve
isaac-kako,"Isaac Kako",13,29,1462,1326,1329,-136,3,-133,year_zero_lens
marc-pittonet,"Marc Pittonet",50,91,552,418,419,-134,1,-133,ruled_curve
alex-neal-bullen,"Alex Neal-Bullen",40,212,426,294,294,-132,0,-132,
lawson-humphries,"Lawson Humphries",63,49,1972,1835,1840,-137,5,-132,ruled_curve
sam-banks,"Sam Banks",29,51,1225,1090,1093,-135,3,-132,ruled_curve
joel-jeffrey,"Joel Jeffrey",30,64,2029,1893,1898,-136,5,-131,ruled_curve
mitchito-owens,"Mitchito Owens",33,82,2056,1920,1925,-136,5,-131,ruled_curve
noah-howes,"Noah Howes",14,0,348,217,217,-131,0,-131,
connor-budarick,"Connor Budarick",9,65,409,278,279,-131,1,-130,ruled_curve
reuben-ginbey,"Reuben Ginbey",9,75,2458,2322,2328,-136,6,-130,ruled_curve
cody-curtin,"Cody Curtin",43,4,703,575,574,-128,-1,-129,year_zero_lens
hayden-young,"Hayden Young",7,94,2073,1939,1944,-134,5,-129,ruled_curve
kye-fincher,"Kye Fincher",52,0,401,292,272,-109,-20,-129,year_zero_lens
lachlan-cowan,"Lachlan Cowan",30,49,820,690,691,-130,1,-129,ruled_curve
lewis-hayes,"Lewis Hayes",25,1,379,256,250,-123,-6,-129,year_zero_lens
james-o-donnell,"James O'Donnell",,57,625,495,497,-130,2,-128,pool_levels
marcus-windhager,"Marcus Windhager",47,88,2189,2055,2061,-134,6,-128,ruled_curve
noah-roberts-thomson,"Noah Roberts-Thomson",54,3,469,346,341,-123,-5,-128,year_zero_lens
shannon-neale,"Shannon Neale",35,58,2357,2223,2229,-134,6,-128,ruled_curve
francis-evans,"Francis Evans",40,54,480,352,353,-128,1,-127,ruled_curve
hugh-davies,"Hugh Davies",33,2,314,191,187,-123,-4,-127,year_zero_lens
tom-atkins,"Tom Atkins",7,166,419,291,292,-128,1,-127,ruled_curve
connor-idun,"Connor Idun",61,130,2490,2357,2364,-133,7,-126,ruled_curve
mabior-chol,"Mabior Chol",25,115,397,270,271,-127,1,-126,ruled_curve
brennan-cox,"Brennan Cox",41,145,385,260,260,-125,0,-125,
josh-rachele,"Josh Rachele",6,82,2150,2020,2026,-130,6,-124,ruled_curve
nick-murray,"Nick Murray",,76,448,323,324,-125,1,-124,pool_levels
rhys-unwin,"Rhys Unwin",61,3,203,88,79,-115,-9,-124,year_zero_lens
riley-thilthorpe,"Riley Thilthorpe",2,89,4164,4278,4288,114,10,124,ruled_curve
xavier-bamert,"Xavier Bamert",5,1,470,345,346,-125,1,-124,year_zero_lens
jack-ross,"Jack Ross",43,105,2602,2473,2479,-129,6,-123,ruled_curve
oliver-wines,"Oliver Wines",10,282,391,267,268,-124,1,-123,ruled_curve
rhett-bazzo,"Rhett Bazzo",37,32,598,474,475,-124,1,-123,ruled_curve
lucca-grego,"Lucca Grego",48,1,251,137,129,-114,-8,-122,year_zero_lens
luke-lloyd,"Luke Lloyd",42,0,287,173,165,-114,-8,-122,year_zero_lens
ollie-murphy,"Ollie Murphy",41,0,292,177,170,-115,-7,-122,year_zero_lens
liam-duggan,"Liam Duggan",12,213,365,243,244,-122,1,-121,ruled_curve
mitchell-hinge,"Mitchell Hinge",16,90,479,357,358,-122,1,-121,ruled_curve
patrick-said,"Patrick Said",60,0,205,93,84,-112,-9,-121,year_zero_lens
reece-torrent,"Reece Torrent",64,0,202,96,81,-106,-15,-121,year_zero_lens
thomas-sims,"Thomas Sims",28,11,1151,1027,1030,-124,3,-121,year_zero_lens
tom-doedee,"Tom Doedee",17,83,361,239,240,-122,1,-121,ruled_curve
jeremy-howe,"Jeremy Howe",35,280,367,247,247,-120,0,-120,
milan-murdock,"Milan Murdock",,10,353,232,233,-121,1,-120,year_zero_lens
cooper-harvey,"Cooper Harvey",56,11,663,542,544,-121,2,-119,year_zero_lens
harvey-thomas,"Harvey Thomas",59,53,2217,2092,2098,-125,6,-119,ruled_curve
jack-ginnivan,"Jack Ginnivan",8,102,2504,2379,2385,-125,6,-119,ruled_curve
jake-riccardi,"Jake Riccardi",50,98,396,277,277,-119,0,-119,
ned-bowman,"Ned Bowman",26,0,391,277,272,-114,-5,-119,year_zero_lens
jack-viney,"Jack Viney",13,237,369,251,251,-118,0,-118,
bailey-williams-wc,"Bailey J. Williams",35,97,2493,2370,2376,-123,6,-117,ruled_curve
hayden-mclean,"Hayden McLean",,101,387,270,270,-117,0,-117,
hugh-boxshall,"Hugh Boxshall",45,16,1019,899,902,-120,3,-117,year_zero_lens
tom-de-koning,"Tom De Koning",30,114,2078,1957,1962,-121,5,-116,ruled_curve
tom-powell,"Tom Powell",13,99,2262,2140,2146,-122,6,-116,ruled_curve
henry-smith,"Henry Smith",50,6,197,87,82,-110,-5,-115,year_zero_lens
jesse-dattoli,"Jesse Dattoli",22,3,450,339,335,-111,-4,-115,year_zero_lens
jed-adams,"Jed Adams",38,1,271,162,157,-109,-5,-114,year_zero_lens
jesse-hogan,"Jesse Hogan",5,189,329,215,215,-114,0,-114,
jobe-shanahan,"Jobe Shanahan",30,22,1853,1735,1739,-118,4,-114,year_zero_lens
logan-mcdonald,"Logan McDonald",4,83,720,604,606,-116,2,-114,ruled_curve
tom-brown,"Tom Brown",17,50,590,474,476,-116,2,-114,ruled_curve
tyler-sonsie,"Tyler Sonsie",28,51,1184,1067,1070,-117,3,-114,ruled_curve
jack-dalton,"Jack Dalton",34,2,630,517,517,-113,0,-113,
anthony-caminiti,"Anthony Caminiti",,66,1155,1041,1043,-114,2,-112,pool_levels
conor-nash,"Conor Nash",,130,348,236,237,-112,1,-111,pool_levels
elliot-yeo,"Elliot Yeo",36,223,316,204,205,-112,1,-111,ruled_curve
harrison-himmelberg,"Harrison Himmelberg",16,214,344,232,233,-112,1,-111,ruled_curve
luke-kennedy,"Luke Kennedy",62,1,525,417,414,-108,-3,-111,year_zero_lens
jack-henry,"Jack Henry",13,173,310,200,200,-110,0,-110,
jake-rogers,"Jake Rogers",14,23,647,536,537,-111,1,-110,year_zero_lens
jarrod-berry,"Jarrod Berry",17,192,332,221,222,-111,1,-110,ruled_curve
chris-scerri,"Chris Scerri",,7,407,298,298,-109,0,-109,
zach-guthrie,"Zach Guthrie",22,141,327,217,218,-110,1,-109,ruled_curve
ben-ainsworth,"Ben Ainsworth",4,170,319,211,211,-108,0,-108,
jase-burgoyne,"Jase Burgoyne",60,68,2281,2167,2173,-114,6,-108,ruled_curve
charlie-cameron,"Charlie Cameron",6,267,295,188,188,-107,0,-107,
jayden-laverde,"Jayden Laverde",20,158,298,190,191,-108,1,-107,ruled_curve
riley-bice,"Riley Bice",41,29,340,233,233,-107,0,-107,
ryley-sanders,"Ryley Sanders",6,47,3686,3784,3793,98,9,107,ruled_curve
zak-johnson,"Zak Johnson",70,14,644,536,537,-108,1,-107,year_zero_lens
kane-mcauliffe,"Kane McAuliffe",40,20,1406,1296,1300,-110,4,-106,year_zero_lens
matt-carroll,"Matt Carroll",7,27,1007,899,901,-108,2,-106,year_zero_lens
ben-king,"Ben King",6,132,349,244,244,-105,0,-105,
cameron-mackenzie,"Cameron Mackenzie",7,56,2064,1955,1959,-109,4,-105,ruled_curve
harley-reid,"Harley Reid",1,52,3663,3548,3558,-115,10,-105,ruled_curve
jake-lever,"Jake Lever",15,198,339,234,234,-105,0,-105,
matt-johnson-1,"Matt Johnson",21,67,1076,968,971,-108,3,-105,ruled_curve
max-knobel,"Max Knobel",42,0,516,430,411,-86,-19,-105,year_zero_lens
oliver-hollands,"Oliver Hollands",11,74,1815,1707,1710,-108,3,-105,ruled_curve
tanner-bruhn,"Tanner Bruhn",12,78,2214,2104,2109,-110,5,-105,ruled_curve
thomas-burton,"Thomas Burton",,5,453,348,349,-105,1,-104,year_zero_lens
zeke-uwland,"Zeke Uwland",2,10,2769,2659,2665,-110,6,-104,year_zero_lens
brayden-fiorini,"Brayden Fiorini",20,125,285,181,182,-104,1,-103,ruled_curve
jacob-moss,"Jacob Moss",,0,293,190,190,-103,0,-103,
luke-urquhart,"Luke Urquhart",57,0,251,162,148,-89,-14,-103,year_zero_lens
brayden-george,"Brayden George",26,0,337,239,235,-98,-4,-102,year_zero_lens
heath-chapman,"Heath Chapman",14,77,493,390,391,-103,1,-102,ruled_curve
isaac-keeler,"Isaac Keeler",44,13,317,219,215,-98,-4,-102,year_zero_lens
kieren-briggs,"Kieren Briggs",34,80,2544,2435,2442,-109,7,-102,ruled_curve
brodie-grundy,"Brodie Grundy",22,254,4481,4571,4582,90,11,101,ruled_curve
sam-powell-pepper,"Sam Powell-Pepper",18,158,278,177,177,-101,0,-101,
sullivan-robey,"Sullivan Robey",9,9,3122,3012,3021,-110,9,-101,year_zero_lens
dylan-stephens,"Dylan Stephens",5,93,505,405,406,-100,1,-99,ruled_curve
jordan-croft,"Jordan Croft",15,10,1051,950,952,-101,2,-99,year_zero_lens
ollie-dempsey,"Ollie Dempsey",7,71,2211,2108,2112,-103,4,-99,ruled_curve
oskar-taylor,"Oskar Taylor",15,0,759,667,660,-92,-7,-99,year_zero_lens
william-mccabe,"William McCabe",19,1,775,676,677,-99,1,-98,year_zero_lens
koltyn-tholstrup,"Koltyn Tholstrup",13,32,1671,1570,1574,-101,4,-97,ruled_curve
murphy-reid,"Murphy Reid",17,36,4305,4391,4402,86,11,97,ruled_curve
toby-bedford,"Toby Bedford",75,92,272,174,175,-98,1,-97,pool_levels
tylar-young,"Tylar Young",9,49,319,222,222,-97,0,-97,
luke-nankervis,"Luke Nankervis",1,37,460,364,364,-96,0,-96,
nick-madden,"Nick Madden",,6,1932,1831,1836,-101,5,-96,year_zero_lens
sandy-brock,"Sandy Brock",,18,267,171,171,-96,0,-96,
stephen-coniglio,"Stephen Coniglio",3,238,255,159,159,-96,0,-96,
angus-sheldrick,"Angus Sheldrick",18,41,838,741,743,-97,2,-95,ruled_curve
bayley-fritsch,"Bayley Fritsch",31,183,252,157,157,-95,0,-95,
cooper-lord,"Cooper Lord",9,26,1169,1071,1074,-98,3,-95,year_zero_lens
jaxon-prior,"Jaxon Prior",58,74,390,294,295,-96,1,-95,ruled_curve
max-gawn,"Max Gawn",33,260,3426,3323,3331,-103,8,-95,ruled_curve
ryan-maric,"Ryan Maric",1,59,1500,1403,1405,-97,2,-95,ruled_curve
blake-acres,"Blake Acres",19,188,251,157,157,-94,0,-94,
max-michalanney,"Max Michalanney",17,78,573,477,479,-96,2,-94,ruled_curve
zac-bailey,"Zac Bailey",15,178,3207,3105,3113,-102,8,-94,ruled_curve
callum-wilkie,"Callum Wilkie",1,168,3699,3597,3606,-102,9,-93,ruled_curve
harry-kyle,"Harry Kyle",14,2,1110,1200,1203,90,3,93,year_zero_lens
izak-rankine,"Izak Rankine",3,115,3063,2963,2970,-100,7,-93,ruled_curve
lachie-jaques,"Lachie Jaques",29,8,891,795,798,-96,3,-93,year_zero_lens
tyson-stengle,"Tyson Stengle",4,109,255,162,162,-93,0,-93,
will-lorenz,"Will Lorenz",57,9,439,350,346,-89,-4,-93,year_zero_lens
connor-rozee,"Connor Rozee",5,152,2930,2832,2838,-98,6,-92,ruled_curve
daniel-mcstay,"Daniel McStay",25,210,239,147,147,-92,0,-92,
lewis-young,"Lewis Young",49,86,239,147,147,-92,0,-92,
luke-trainor,"Luke Trainor",21,28,1482,1570,1574,88,4,92,year_zero_lens
hamish-davis,"Hamish Davis",65,20,974,881,883,-93,2,-91,year_zero_lens
lucas-camporeale,"Lucas Camporeale",54,3,257,179,166,-78,-13,-91,year_zero_lens
oliver-hannaford,"Oliver Hannaford",18,5,463,372,372,-91,0,-91,
mattaes-phillipou,"Mattaes Phillipou",10,56,2462,2365,2372,-97,7,-90,ruled_curve
max-heath,"Max Heath",7,10,720,628,630,-92,2,-90,year_zero_lens
talor-byrne,"Talor Byrne",45,7,915,822,825,-93,3,-90,year_zero_lens
jack-ison,"Jack Ison",47,3,623,533,534,-90,1,-89,year_zero_lens
jake-bowey,"Jake Bowey",22,89,4048,4127,4137,79,10,89,ruled_curve
koby-coulson,"Koby Coulson",46,0,433,365,344,-68,-21,-89,year_zero_lens
lachlan-smith,"Lachlan Smith",47,2,716,636,627,-80,-9,-89,year_zero_lens
max-king-stk,"Max King",4,83,338,248,249,-90,1,-89,ruled_curve
darcy-moore,"Darcy Moore",8,199,237,149,149,-88,0,-88,
nathan-o-driscoll,"Nathan O'Driscoll",28,43,709,620,621,-89,1,-88,ruled_curve
patrick-retschko,"Patrick Retschko",8,8,1348,1257,1260,-91,3,-88,year_zero_lens
caiden-cleary,"Caiden Cleary",24,21,534,446,447,-88,1,-87,year_zero_lens
nick-blakey,"Nick Blakey",10,164,4094,4170,4181,76,11,87,ruled_curve
will-hayward,"Will Hayward",21,195,224,137,137,-87,0,-87,
andrew-brayshaw,"Andrew Brayshaw",2,182,3187,3093,3101,-94,8,-86,ruled_curve
campbell-gray,"Campbell Gray",15,12,271,185,185,-86,0,-86,
brady-hough,"Brady Hough",31,88,371,285,286,-86,1,-85,ruled_curve
ned-reeves,"Ned Reeves",,54,330,244,245,-86,1,-85,pool_levels
ryan-angwin,"Ryan Angwin",19,40,503,417,418,-86,1,-85,ruled_curve
tim-membrey,"Tim Membrey",49,210,212,127,127,-85,0,-85,
will-green,"Will Green",16,0,672,589,587,-83,-2,-85,year_zero_lens
angus-anderson,"Angus Anderson",57,7,240,165,156,-75,-9,-84,year_zero_lens
harrison-petty,"Harrison Petty",37,113,226,142,142,-84,0,-84,
jarrod-witts,"Jarrod Witts",74,214,224,140,140,-84,0,-84,
judd-mcvee,"Judd McVee",9,76,386,301,302,-85,1,-84,ruled_curve
taylor-walker,"Taylor Walker",64,309,219,134,135,-85,1,-84,ruled_curve
george-stevens,"George Stevens",58,3,410,332,327,-78,-5,-83,year_zero_lens
hugo-hall-kahan,"Hugo Hall-Kahan",10,2,234,151,151,-83,0,-83,
latrelle-pickett,"Latrelle Pickett",12,11,630,555,547,-75,-8,-83,year_zero_lens
oliver-francou,"Oliver Francou",3,0,565,481,482,-84,1,-83,year_zero_lens
sam-durham,"Sam Durham",9,103,2710,2621,2627,-89,6,-83,ruled_curve
sam-berry,"Sam Berry",29,88,3702,3774,3784,72,10,82,ruled_curve
connor-macdonald,"Connor MacDonald",26,102,2869,2781,2788,-88,7,-81,ruled_curve
jack-darling,"Jack Darling",28,331,203,122,122,-81,0,-81,
jack-williams,"Jack Williams",57,45,540,457,459,-83,2,-81,ruled_curve
rhylee-west,"Rhylee West",26,94,221,140,140,-81,0,-81,
will-edwards,"Will Edwards",,7,279,199,199,-80,0,-80,
blake-howes,"Blake Howes",39,41,340,261,261,-79,0,-79,
jaspa-fletcher,"Jaspa Fletcher",12,81,2683,2597,2604,-86,7,-79,ruled_curve
josh-lai,"Josh Lai",,8,549,469,470,-80,1,-79,year_zero_lens
archie-perkins,"Archie Perkins",9,110,309,230,231,-79,1,-78,ruled_curve
bodhi-uwland,"Bodhi Uwland",,61,3883,3952,3961,69,9,78,pool_levels
bodie-ryan,"Bodie Ryan",46,3,342,264,264,-78,0,-78,
jack-sinclair,"Jack Sinclair",1,223,3408,3321,3330,-87,9,-78,ruled_curve
jake-lloyd,"Jake Lloyd",16,284,191,113,113,-78,0,-78,
beau-addinsall,"Beau Addinsall",18,0,1321,1394,1398,73,4,77,year_zero_lens
campbell-lake,"Campbell Lake",7,1,220,143,143,-77,0,-77,
elijah-tsatas,"Elijah Tsatas",5,21,1362,1281,1285,-81,4,-77,year_zero_lens
zac-fisher,"Zac Fisher",27,132,185,109,109,-76,0,-76,
avery-thomas,"Avery Thomas",28,0,494,428,419,-66,-9,-75,year_zero_lens
darcy-wilmot,"Darcy Wilmot",16,96,3739,3804,3814,65,10,75,ruled_curve
harrison-oliver,"Harrison Oliver",19,2,683,607,608,-76,1,-75,year_zero_lens
tom-mcdonald,"Tom McDonald",54,252,186,110,111,-76,1,-75,ruled_curve
alex-davies,"Alex Davies",17,46,489,414,415,-75,1,-74,ruled_curve
alex-van-wyk,"Alex Van Wyk",14,0,332,259,258,-73,-1,-74,year_zero_lens
caleb-may,"Caleb May",9,0,332,259,258,-73,-1,-74,year_zero_lens
christian-moraes,"Christian Moraes",38,20,984,908,910,-76,2,-74,year_zero_lens
flynn-riley,"Flynn Riley",4,0,364,291,290,-73,-1,-74,year_zero_lens
james-jordon,"James Jordon",33,127,236,161,162,-75,1,-74,ruled_curve
max-mapley,"Max Mapley",18,0,332,259,258,-73,-1,-74,year_zero_lens
patrick-carr,"Patrick Carr",,0,332,259,258,-73,-1,-74,year_zero_lens
bailey-humphrey,"Bailey Humphrey",6,72,2394,2316,2321,-78,5,-73,ruled_curve
nick-bryan,"Nick Bryan",37,28,837,762,764,-75,2,-73,year_zero_lens
sam-marshall,"Sam Marshall",25,13,876,800,803,-76,3,-73,year_zero_lens
toby-conway,"Toby Conway",24,6,577,511,504,-66,-7,-73,year_zero_lens
angus-clarke,"Angus Clarke",39,14,807,734,735,-73,1,-72,year_zero_lens
caleb-lewis,"Caleb Lewis",13,0,219,147,147,-72,0,-72,
michael-sellwood,"Michael Sellwood",5,13,208,136,136,-72,0,-72,
oscar-steene,"Oscar Steene",,8,560,487,488,-73,1,-72,year_zero_lens
tew-jiath,"Tew Jiath",37,1,241,173,169,-68,-4,-72,year_zero_lens
toby-murray,"Toby Murray",7,7,291,219,219,-72,0,-72,
bo-allan,"Bo Allan",16,16,1224,1149,1153,-75,4,-71,year_zero_lens
cooper-simpson,"Cooper Simpson",35,5,251,183,180,-68,-3,-71,year_zero_lens
harley-barker,"Harley Barker",24,0,749,692,678,-57,-14,-71,year_zero_lens
harry-barnett,"Harry Barnett",23,2,629,563,558,-66,-5,-71,year_zero_lens
thomas-anastasopoulos,"Tom Anastasopoulos",48,2,341,273,270,-68,-3,-71,year_zero_lens
beau-mccreery,"Beau McCreery",46,107,199,128,129,-71,1,-70,ruled_curve
buku-khamis,"Buku Khamis",,54,217,147,147,-70,0,-70,
leon-kickett,"Leon Kickett",4,0,406,336,337,-70,1,-69,year_zero_lens
zane-zakostelsky,"Zane Zakostelsky",51,3,475,409,406,-66,-3,-69,year_zero_lens
alix-tauru,"Alix Tauru",10,17,1571,1635,1639,64,4,68,year_zero_lens
cameron-zurhaar,"Cameron Zurhaar",9,155,162,94,94,-68,0,-68,
deven-robertson,"Deven Robertson",22,51,247,179,179,-68,0,-68,
jack-payne,"Jack Payne",54,81,173,105,105,-68,0,-68,
riley-hamilton,"Riley Hamilton",,0,340,272,272,-68,0,-68,
braeden-campbell,"Braeden Campbell",5,94,377,309,310,-68,1,-67,ruled_curve
campbell-chesser,"Campbell Chesser",14,39,357,289,290,-68,1,-67,ruled_curve
jack-ough,"Jack Ough",36,0,724,658,658,-66,0,-66,
nate-caddy,"Nate Caddy",10,39,1812,1743,1746,-69,3,-66,ruled_curve
sam-walsh,"Sam Walsh",1,145,3296,3221,3230,-75,9,-66,ruled_curve
archie-may,"Archie May",6,17,478,413,414,-65,1,-64,year_zero_lens
billy-dowling,"Billy Dowling",43,10,205,143,141,-62,-2,-64,year_zero_lens
cody-weightman,"Cody Weightman",15,77,219,155,155,-64,0,-64,
jai-murray,"Jai Murray",17,1,1343,1276,1279,-67,3,-64,year_zero_lens
luker-kentfield,"Luker Kentfield",11,2,412,347,348,-65,1,-64,year_zero_lens
sam-clohesy,"Sam Clohesy",3,42,270,206,206,-64,0,-64,
tai-hayes,"Tai Hayes",44,0,274,219,210,-55,-9,-64,year_zero_lens
xavier-duursma,"Xavier Duursma",18,123,208,143,144,-65,1,-64,ruled_curve
zac-taylor,"Zac Taylor",44,36,261,197,197,-64,0,-64,
ethan-read,"Ethan Read",9,34,1024,959,961,-65,2,-63,ruled_curve
jack-scrimshaw,"Jack Scrimshaw",7,129,158,95,95,-63,0,-63,
jake-stringer,"Jake Stringer",7,240,142,79,80,-63,1,-62,ruled_curve
leek-aleer,"Leek Aleer",15,30,287,225,225,-62,0,-62,
oliver-hayes-brown,"Oliver Hayes-Brown",,7,279,216,217,-63,1,-62,year_zero_lens
xavier-taylor,"Xavier Taylor",11,2,902,967,964,65,-3,62,year_zero_lens
jamarra-ugle-hagan,"Jamarra Ugle-Hagan",1,70,353,291,292,-62,1,-61,ruled_curve
josh-draper,"Josh Draper",,31,537,475,476,-62,1,-61,pool_levels
matt-rowell,"Matt Rowell",1,117,4046,4096,4107,50,11,61,ruled_curve
aidan-johnson,"Aidan Johnson",68,5,91,31,31,-60,0,-60,
jack-higgins,"Jack Higgins",17,153,135,75,75,-60,0,-60,
oscar-allen,"Oscar Allen",21,112,161,101,101,-60,0,-60,
edward-allan,"Edward Allan",19,22,849,788,790,-61,2,-59,year_zero_lens
jordan-dawson,"Jordan Dawson",55,165,3502,3434,3443,-68,9,-59,ruled_curve
liam-mcmahon,"Liam McMahon",33,7,209,151,150,-58,-1,-59,year_zero_lens
lachlan-sholl,"Lachlan Sholl",64,79,220,162,162,-58,0,-58,
griffin-logue,"Griffin Logue",8,107,130,73,73,-57,0,-57,
harrison-jones,"Harrison Jones",30,61,209,151,152,-58,1,-57,ruled_curve
taj-hotton,"Taj Hotton",12,7,2245,2183,2188,-62,5,-57,year_zero_lens
tom-edwards,"Tom Edwards",,9,91,34,34,-57,0,-57,
will-day,"Will Day",13,77,2966,2900,2909,-66,9,-57,ruled_curve
will-graham,"Will Graham",26,35,1727,1666,1670,-61,4,-57,ruled_curve
aiden-riddle,"Aiden Riddle",2,0,255,200,199,-55,-1,-56,year_zero_lens
jaime-uhr-henry,"Jaime Uhr-Henry",,0,255,200,199,-55,-1,-56,year_zero_lens
joe-pike,"Joe Pike",9,0,255,200,199,-55,-1,-56,year_zero_lens
kaleb-smith,"Kaleb Smith",49,12,122,68,66,-54,-2,-56,year_zero_lens
logan-smith,"Logan Smith",71,0,255,200,199,-55,-1,-56,year_zero_lens
angus-hastie,"Angus Hastie",33,15,339,284,284,-55,0,-55,
harry-edwards,"Harry Edwards",12,57,161,106,106,-55,0,-55,
harry-perryman,"Harry Perryman",14,162,123,68,68,-55,0,-55,
harvey-gallagher,"Harvey Gallagher",39,28,142,89,87,-53,-2,-55,year_zero_lens
james-leake,"James Leake",17,8,546,489,491,-57,2,-55,year_zero_lens
charlie-banfield,"Charlie Banfield",41,3,694,648,640,-46,-8,-54,year_zero_lens
harry-dean,"Harry Dean",3,10,2567,2508,2513,-59,5,-54,year_zero_lens
jai-culley,"Jai Culley",1,23,245,191,191,-54,0,-54,
kysaiah-pickett,"Kysaiah Pickett",12,139,3943,3986,3997,43,11,54,ruled_curve
will-hayes-b,"Will Hayes",56,8,368,421,422,53,1,54,year_zero_lens
archer-day-wicks,"Archer Day-Wicks",1,16,541,593,594,52,1,53,year_zero_lens
esava-ratugolea,"Esava Ratugolea",43,117,120,67,67,-53,0,-53,
iliro-smit,"Iliro Smit",10,0,237,185,184,-52,-1,-53,year_zero_lens
jacob-konstanty,"Jacob Konstanty",20,29,211,158,158,-53,0,-53,
vigo-visentini,"Vigo Visentini",5,2,237,185,184,-52,-1,-53,year_zero_lens
cody-angove,"Cody Angove",24,4,563,522,511,-41,-11,-52,year_zero_lens
josh-gibcus,"Josh Gibcus",9,22,196,143,144,-53,1,-52,year_zero_lens
lance-collard,"Lance Collard",28,15,239,189,187,-50,-2,-52,year_zero_lens
max-gruzewski,"Max Gruzewski",22,19,561,508,509,-53,1,-52,year_zero_lens
michael-frederick,"Michael Frederick",60,109,114,62,62,-52,0,-52,
oliver-wiltshire,"Oliver Wiltshire",61,7,101,55,49,-46,-6,-52,year_zero_lens
tom-barrass,"Tom Barrass",43,184,116,64,64,-52,0,-52,
finnbar-maley,"Finnbar Maley",2,12,312,260,261,-52,1,-51,year_zero_lens
luke-pedlar,"Luke Pedlar",11,49,163,114,112,-49,-2,-51,ruled_curve
marcus-bontempelli,"Marcus Bontempelli",4,271,4278,4318,4329,40,11,51,ruled_curve
nick-vlastuin,"Nick Vlastuin",12,267,111,60,60,-51,0,-51,
james-trezise,"James Trezise",10,33,167,117,117,-50,0,-50,
josh-worrell,"Josh Worrell",28,67,3783,3823,3833,40,10,50,ruled_curve
max-ramsden,"Max Ramsden",6,11,247,196,197,-51,1,-50,year_zero_lens
mitchell-knevitt,"Mitchell Knevitt",25,22,177,131,127,-46,-4,-50,year_zero_lens
toby-whan,"Toby Whan",,0,272,222,222,-50,0,-50,
jai-saxena,"Jai Saxena",,0,272,222,223,-50,1,-49,year_zero_lens
ned-moyle,"Ned Moyle",5,18,2119,2163,2168,44,5,49,year_zero_lens
nick-haynes,"Nick Haynes",10,242,103,54,54,-49,0,-49,
oliver-griffin,"Oliver Griffin",6,0,272,222,223,-50,1,-49,year_zero_lens
ryan-lester,"Ryan Lester",30,243,106,56,57,-50,1,-49,ruled_curve
ryda-luke,"Ryda Luke",,0,272,222,223,-50,1,-49,year_zero_lens
sid-draper,"Sid Draper",4,10,1204,1153,1155,-51,2,-49,year_zero_lens
tom-cole,"Tom Cole",36,138,102,53,53,-49,0,-49,
tom-gross,"Tom Gross",46,9,644,594,595,-50,1,-49,year_zero_lens
harvey-johnston,"Harvey Johnston",49,11,257,209,209,-48,0,-48,
jackson-archer,"Jackson Archer",59,26,75,29,27,-46,-2,-48,year_zero_lens
todd-marshall,"Todd Marshall",16,123,115,66,67,-49,1,-48,ruled_curve
harry-demattia,"Harry DeMattia",25,0,479,442,432,-37,-10,-47,year_zero_lens
jack-whitlock,"Jack Whitlock",33,16,1325,1276,1279,-49,3,-46,year_zero_lens
lachlan-bramble,"Lachlan Bramble",,90,97,51,51,-46,0,-46,
lachlan-jones,"Lachlan Jones",16,84,156,110,110,-46,0,-46,
matt-cottrell,"Matt Cottrell",,76,116,70,70,-46,0,-46,
will-mclachlan,"Will McLachlan",6,7,177,130,131,-47,1,-46,year_zero_lens
elliot-himmelberg,"Elliott Himmelberg",51,50,91,46,46,-45,0,-45,
josh-lindsay,"Josh Lindsay",19,12,2463,2412,2418,-51,6,-45,year_zero_lens
oliver-henry,"Oliver Henry",18,97,121,75,76,-46,1,-45,ruled_curve
george-wardlaw,"George Wardlaw",4,48,3215,3251,3259,36,8,44,ruled_curve
calsher-dear,"Calsher Dear",56,30,1016,971,973,-45,2,-43,year_zero_lens
hudson-o-keeffe,"Hudson O'Keeffe",,8,301,258,258,-43,0,-43,
isaac-heeney,"Isaac Heeney",4,235,3637,3584,3594,-53,10,-43,ruled_curve
jakob-ryan,"Jakob Ryan",28,1,282,244,239,-38,-5,-43,year_zero_lens
lukas-cooke,"Lukas Cooke",11,1,151,108,108,-43,0,-43,
riley-garcia,"Riley Garcia",61,39,116,73,73,-43,0,-43,
arthur-jones,"Arthur Jones",43,26,129,87,87,-42,0,-42,
dougal-howard,"Dougal Howard",56,144,89,47,47,-42,0,-42,
mitch-mcgovern,"Mitch McGovern",43,157,85,43,43,-42,0,-42,
ollie-greeves,"Ollie Greeves",5,0,663,620,621,-43,1,-42,year_zero_lens
charlie-ballard,"Charlie Ballard",42,139,86,45,45,-41,0,-41,
hugh-bond,"Hugh Bond",50,19,198,157,157,-41,0,-41,
josh-sinn,"Josh Sinn",12,30,186,146,145,-40,-1,-41,year_zero_lens
kye-annand,"Kye Annand",2,1,181,139,140,-42,1,-41,year_zero_lens
mitch-podhajski,"Mitch Podhajski",17,1,49,8,8,-41,0,-41,
nikolas-cox,"Nikolas Cox",8,58,177,136,136,-41,0,-41,
noah-chamberlain,"Noah Chamberlain",,0,227,185,186,-42,1,-41,year_zero_lens
asher-eastham,"Asher Eastham",7,0,222,181,182,-41,1,-40,year_zero_lens
bailey-macdonald,"Bailey Macdonald",51,10,185,145,145,-40,0,-40,
oscar-ryan,"Oscar Ryan",27,0,293,258,253,-35,-5,-40,year_zero_lens
river-stevens,"River Stevens",67,0,222,181,182,-41,1,-40,year_zero_lens
jackson-macrae,"Jackson Macrae",8,278,143,106,104,-37,-2,-39,ruled_curve
luke-cleary,"Luke Cleary",61,24,78,40,39,-38,-1,-39,year_zero_lens
brandon-zerk-thatcher,"Brandon Zerk-Thatcher",65,90,89,51,51,-38,0,-38,
cooper-hynes,"Cooper Hynes",20,19,1306,1340,1344,34,4,38,year_zero_lens
max-beattie,"Max Beattie",12,0,62,24,24,-38,0,-38,
tobie-travaglia,"Tobie Travaglia",8,12,728,688,690,-40,2,-38,year_zero_lens
tom-blamires,"Tom Blamires",,10,95,57,57,-38,0,-38,
jasper-alger,"Jasper Alger",58,8,395,431,432,36,1,37,year_zero_lens
matt-hill,"Matt Hill",,0,123,86,86,-37,0,-37,
ben-camporeale,"Ben Camporeale",43,0,297,275,261,-22,-14,-36,year_zero_lens
joel-freijah,"Joel Freijah",45,49,2891,2849,2855,-42,6,-36,ruled_curve
lachlan-fogarty,"Lachlan Fogarty",22,92,73,37,37,-36,0,-36,
mitch-zadow,"Mitch Zadow",,1,97,61,61,-36,0,-36,
sam-allen,"Sam Allen",29,0,693,673,657,-20,-16,-36,year_zero_lens
ashton-moir,"Ashton Moir",29,13,305,272,270,-33,-2,-35,year_zero_lens
jayden-nguyen,"Jayden Nguyen",,10,510,474,475,-36,1,-35,year_zero_lens
ryan-byrnes,"Ryan Byrnes",51,85,96,61,61,-35,0,-35,
jack-buller,"Jack Buller",11,15,93,59,59,-34,0,-34,
jordan-clark,"Jordan Clark",15,138,3777,3802,3811,25,9,34,ruled_curve
judson-clarke,"Judson Clarke",30,17,98,65,64,-33,-1,-34,year_zero_lens
riley-hardeman,"Riley Hardeman",23,21,317,284,283,-33,-1,-34,year_zero_lens
tom-hanily,"Tom Hanily",14,10,200,165,166,-35,1,-34,year_zero_lens
xavier-o-halloran,"Xavier O'Halloran",22,98,72,38,38,-34,0,-34,
connor-o-sullivan,"Connor O'Sullivan",11,39,2974,2933,2941,-41,8,-33,ruled_curve
mac-andrew,"Mac Andrew",5,77,4054,4076,4087,22,11,33,ruled_curve
ollie-lord,"Ollie Lord",51,35,154,120,121,-34,1,-33,ruled_curve
rhyan-mansell,"Rhyan Mansell",,74,86,52,53,-34,1,-33,pool_levels
riley-onley,"Riley Onley",2,0,426,392,393,-34,1,-33,year_zero_lens
benny-barrett,"Benny Barrett",,0,176,144,144,-32,0,-32,
corey-warner,"Corey Warner",40,27,82,51,50,-31,-1,-32,year_zero_lens
hunter-holmes,"Hunter Holmes",33,0,584,564,552,-20,-12,-32,year_zero_lens
joel-fitzgerald,"Joel Fitzgerald",16,1,80,48,48,-32,0,-32,
ricky-mentha,"Ricky Mentha",,0,176,144,144,-32,0,-32,
wade-derksen,"Wade Derksen",5,3,86,53,54,-33,1,-32,year_zero_lens
fred-rodriguez,"Fred Rodriguez",1,0,429,396,398,-33,2,-31,year_zero_lens
henry-hustwaite,"Henry Hustwaite",37,11,279,254,248,-25,-6,-31,year_zero_lens
jaeger-o-meara,"Jaeger O'Meara",1,203,196,166,165,-30,-1,-31,ruled_curve
lewis-melican,"Lewis Melican",32,110,59,28,28,-31,0,-31,
malakai-champion,"Malakai Champion",,9,418,386,387,-32,1,-31,year_zero_lens
nick-driscoll,"Nick Driscoll",6,0,429,396,398,-33,2,-31,year_zero_lens
oscar-berry,"Oscar Berry",,0,92,61,61,-31,0,-31,
harrison-ramm,"Harrison Ramm",3,2,394,363,364,-31,1,-30,year_zero_lens
nathan-wardius,"Nathan Wardius",,0,176,145,146,-31,1,-30,year_zero_lens
caleb-graham,"Caleb Graham",71,37,72,43,43,-29,0,-29,
callum-brown-ire,"Callum M. Brown",,68,67,37,38,-30,1,-29,pool_levels
isaiah-dudley,"Isaiah Dudley",,28,119,147,148,28,1,29,year_zero_lens
james-tunstill,"James Tunstill",41,18,111,86,82,-25,-4,-29,year_zero_lens
jay-polkinghorne,"Jay Polkinghorne",44,0,373,404,402,31,-2,29,year_zero_lens
liam-henry,"Liam Henry",9,66,92,64,63,-28,-1,-29,ruled_curve
sam-butler-1,"Sam Butler",23,32,110,82,81,-28,-1,-29,ruled_curve
brandon-walker,"Brandon Walker",52,67,93,65,65,-28,0,-28,
darcy-fort,"Darcy Fort",65,69,55,27,27,-28,0,-28,
harvey-harrison,"Harvey Harrison",52,17,67,39,39,-28,0,-28,
jacob-hopper,"Jacob Hopper",7,177,130,104,102,-26,-2,-28,ruled_curve
noah-long,"Noah Long",57,36,206,177,178,-29,1,-28,ruled_curve
patrick-dangerfield,"Patrick Dangerfield",10,371,91,63,63,-28,0,-28,
tyan-prindable,"Tyan Prindable",32,0,607,592,579,-15,-13,-28,year_zero_lens
bruce-reville,"Bruce Reville",,38,74,46,47,-28,1,-27,pool_levels
reef-mcinnes,"Reef McInnes",24,23,81,55,54,-26,-1,-27,year_zero_lens
steely-green,"Steely Green",55,38,175,147,148,-28,1,-27,ruled_curve
callum-ah-chee,"Callum Ah Chee",8,172,92,67,66,-25,-1,-26,ruled_curve
harry-morrison,"Harry Morrison",73,126,55,29,29,-26,0,-26,
harry-sharp,"Harry Sharp",45,47,75,48,49,-27,1,-26,ruled_curve
joel-amartey,"Joel Amartey",17,74,57,31,31,-26,0,-26,
robert-hansen,"Robert Hansen",2,20,127,101,101,-26,0,-26,
toby-mcmullin,"Toby McMullin",34,34,155,129,129,-26,0,-26,
tyler-brockman,"Tyler Brockman",48,56,80,54,54,-26,0,-26,
chad-warner,"Chad Warner",38,121,3624,3640,3649,16,9,25,ruled_curve
oscar-adams,"Oscar Adams",51,17,96,71,71,-25,0,-25,
sam-sturt,"Sam Sturt",17,31,65,41,40,-24,-1,-25,ruled_curve
tyrell-dewar,"Tyrell Dewar",,23,149,123,124,-26,1,-25,year_zero_lens
lachlan-gulbin,"Lachlan Gulbin",,8,411,386,387,-25,1,-24,year_zero_lens
oscar-mcdonald,"Oscar McDonald",53,98,44,20,20,-24,0,-24,
charlie-edwards,"Charlie Edwards",21,2,747,725,724,-22,-1,-23,year_zero_lens
corey-wagner,"Corey Wagner",43,68,43,20,20,-23,0,-23,
luke-davies-uniacke,"Luke Davies-Uniacke",4,142,3550,3518,3527,-32,9,-23,ruled_curve
wil-dawson,"Wil Dawson",22,11,605,580,582,-25,2,-23,year_zero_lens
zane-duursma,"Zane Duursma",4,35,779,754,756,-25,2,-23,ruled_curve
jesse-mellor,"Jesse Mellor",,0,303,280,281,-23,1,-22,year_zero_lens
jesse-motlop,"Jesse Motlop",27,63,110,88,88,-22,0,-22,
max-kondogiannis,"Max Kondogiannis",36,4,564,540,542,-24,2,-22,year_zero_lens
shadeau-brain,"Shadeau Brain",,10,110,88,88,-22,0,-22,
bradley-close,"Bradley Close",8,137,39,18,18,-21,0,-21,
clay-hall,"Clay Hall",38,16,354,336,333,-18,-3,-21,year_zero_lens
corey-durdin,"Corey Durdin",39,76,68,47,47,-21,0,-21,
jack-carroll,"Jack Carroll",43,36,100,79,79,-21,0,-21,
jacob-farrow,"Jacob Farrow",10,11,2666,2680,2687,14,7,21,year_zero_lens
liam-fawcett,"Liam Fawcett",43,7,526,504,505,-22,1,-21,year_zero_lens
bailey-laurie,"Bailey Laurie",23,21,76,56,56,-20,0,-20,
billy-frampton,"Billy Frampton",74,86,67,47,47,-20,0,-20,
dante-visentini,"Dante Visentini",56,20,1227,1244,1247,17,3,20,year_zero_lens
elijah-hewett,"Elijah Hewett",14,39,782,760,762,-22,2,-20,ruled_curve
jade-gresham,"Jade Gresham",18,184,59,40,39,-19,-1,-20,ruled_curve
mykelti-lefau,"Mykelti Lefau",,22,38,18,18,-20,0,-20,
noah-answerth,"Noah Answerth",55,93,32,13,12,-19,-1,-20,ruled_curve
ryan-gardner,"Ryan Gardner",58,55,33,15,13,-18,-2,-20,ruled_curve
samson-ryan,"Samson Ryan",42,27,420,399,400,-21,1,-20,year_zero_lens
jack-bowes,"Jack Bowes",10,149,116,98,97,-18,-1,-19,ruled_curve
mitchell-edwards,"Mitchell Edwards",32,11,2055,2032,2036,-23,4,-19,year_zero_lens
oskar-baker,"Oskar Baker",48,57,33,15,14,-18,-1,-19,ruled_curve
zac-banch,"Zac Banch",2,6,48,29,29,-19,0,-19,
bobby-hill,"Bobby Hill",24,102,47,29,29,-18,0,-18,
maurice-rioli-1,"Maurice Rioli",53,56,46,28,28,-18,0,-18,
sam-lalor,"Sam Lalor",1,18,4102,4110,4120,8,10,18,year_zero_lens
changkuoth-jiath,"Changkuoth Jiath",,84,31,14,14,-17,0,-17,
dyson-sharp,"Dyson Sharp",13,6,2621,2597,2604,-24,7,-17,year_zero_lens
ed-richards,"Ed Richards",16,160,3845,3852,3862,7,10,17,ruled_curve
harrison-coe,"Harrison Coe",8,0,167,149,150,-18,1,-17,year_zero_lens
alex-pearce,"Alex Pearce",37,148,39,24,23,-15,-1,-16,ruled_curve
jake-kolodjashnij,"Jake Kolodjashnij",41,205,38,23,22,-15,-1,-16,ruled_curve
jaxon-artemis,"Jaxon Artemis",1,0,358,341,342,-17,1,-16,year_zero_lens
jeremy-sharp,"Jeremy Sharp",27,62,77,60,61,-17,1,-16,ruled_curve
paddy-cross,"Paddy Cross",,7,36,20,20,-16,0,-16,
darcy-gardiner,"Darcy Gardiner",22,189,48,33,33,-15,0,-15,
joel-hamling,"Joel Hamling",41,108,33,19,18,-14,-1,-15,ruled_curve
nicholas-martin,"Nicholas Martin",,83,3573,3578,3588,5,10,15,pool_levels
sam-switkowski,"Sam Switkowski",72,117,25,10,10,-15,0,-15,
sam-wicks,"Sam Wicks",,100,27,12,12,-15,0,-15,
aidan-corr,"Aidan Corr",18,178,52,38,38,-14,0,-14,
andy-moniz-wakefield,"Andy Moniz-Wakefield",,8,44,30,30,-14,0,-14,
james-blanck,"James Blanck",14,24,36,22,22,-14,0,-14,
jamie-elliott,"Jamie Elliott",39,230,33,20,19,-13,-1,-14,ruled_curve
laitham-vandermeer,"Laitham Vandermeer",37,88,33,20,19,-13,-1,-14,ruled_curve
liam-o-connell,"Liam O'Connell",,12,42,28,28,-14,0,-14,
ben-mckay,"Ben McKay",21,115,48,35,35,-13,0,-13,
josh-dolan,"Josh Dolan",31,15,501,487,488,-14,1,-13,year_zero_lens
jy-farrar,"Jy Farrar",59,44,24,11,11,-13,0,-13,
nicholas-holman,"Nicholas Holman",49,149,27,15,14,-12,-1,-13,ruled_curve
tom-cochrane,"Tom Cochrane",5,4,270,256,257,-14,1,-13,year_zero_lens
will-lewis,"Will Lewis",,9,16,29,29,13,0,13,
balyn-o-brien,"Balyn O'Brien",,0,349,337,337,-12,0,-12,
charlie-spargo,"Charlie Spargo",29,116,38,26,26,-12,0,-12,
finn-maginness,"Finn Maginness",29,63,38,26,26,-12,0,-12,
jack-hutchinson,"Jack Hutchinson",3,25,39,27,27,-12,0,-12,
lachlan-blakiston,"Lachlan Blakiston",12,24,20,8,8,-12,0,-12,
malcolm-rosas,"Malcolm Rosas",14,60,32,20,20,-12,0,-12,
mark-o-connor,"Mark O'Connor",,158,20,8,8,-12,0,-12,
rhys-stanley,"Rhys Stanley",47,230,40,29,28,-11,-1,-12,ruled_curve
conor-stone,"Conor Stone",15,23,87,77,76,-10,-1,-11,year_zero_lens
harry-charleson,"Harry Charleson",3,0,284,273,273,-11,0,-11,
hugo-ralphsmith,"Hugo Ralphsmith",45,67,45,34,34,-11,0,-11,
indy-cotton,"Indy Cotton",,0,287,275,276,-12,1,-11,year_zero_lens
jackson-mead,"Jackson Mead",25,67,40,29,29,-11,0,-11,
jacob-newton,"Jacob Newton",8,5,224,213,213,-11,0,-11,
jacob-wehr,"Jacob Wehr",61,49,25,16,14,-9,-2,-11,ruled_curve
jamie-cripps,"Jamie Cripps",26,277,39,28,28,-11,0,-11,
lennox-hoffman,"Lennox Hoffman",66,0,284,273,273,-11,0,-11,
leo-lombard,"Leo Lombard",9,16,1603,1610,1614,7,4,11,year_zero_lens
paddy-dow,"Paddy Dow",3,83,169,159,158,-10,-1,-11,ruled_curve
timothy-english,"Timothy English",19,162,3776,3776,3787,0,11,11,ruled_curve
ben-murphy,"Ben Murphy",,0,286,275,276,-11,1,-10,year_zero_lens
harry-o-farrell,"Harry O'Farrell",40,6,932,940,942,8,2,10,year_zero_lens
jordon-butts,"Jordon Butts",17,93,17,7,7,-10,0,-10,
keighton-matofai-forbes,"Keighton Matofai-Forbes",69,0,284,273,274,-11,1,-10,year_zero_lens
kobe-mcdonald,"Kobe McDonald",,0,286,275,276,-11,1,-10,year_zero_lens
steele-sidebottom,"Steele Sidebottom",11,365,106,97,96,-9,-1,-10,ruled_curve
callum-coleman-jones,"Callum Coleman-Jones",20,36,48,39,39,-9,0,-9,
eric-hipwood,"Eric Hipwood",14,200,51,43,42,-8,-1,-9,ruled_curve
hunter-clark,"Hunter Clark",7,114,57,48,48,-9,0,-9,
lachlan-mcneil,"Lachlan McNeil",6,81,26,17,17,-9,0,-9,
roan-steele,"Roan Steele",7,17,22,13,13,-9,0,-9,
toby-pink,"Toby Pink",34,37,17,8,8,-9,0,-9,
bailey-scott,"Bailey Scott",49,113,31,24,23,-7,-1,-8,ruled_curve
darragh-joyce,"Darragh Joyce",,26,13,5,5,-8,0,-8,
ewan-mackinlay,"Ewan Mackinlay",10,13,47,39,39,-8,0,-8,
harry-rowston,"Harry Rowston",16,21,644,634,636,-10,2,-8,year_zero_lens
luke-beecken,"Luke Beecken",16,1,21,13,13,-8,0,-8,
mani-liddy,"Mani Liddy",15,9,30,22,22,-8,0,-8,
matt-duffy,"Matt Duffy",,0,160,152,152,-8,0,-8,
xavier-walsh,"Xavier Walsh",6,0,263,271,271,8,0,8,
brody-mihocek,"Brody Mihocek",14,168,11,4,4,-7,0,-7,
jack-watkins,"Jack Watkins",3,9,9,2,2,-7,0,-7,
jed-walter,"Jed Walter",3,37,1174,1164,1167,-10,3,-7,ruled_curve
lachlan-weller,"Lachlan Weller",14,171,81,75,74,-6,-1,-7,ruled_curve
liam-ryan,"Liam Ryan",26,133,31,25,24,-6,-1,-7,ruled_curve
luke-mcdonald,"Luke McDonald",8,230,55,49,48,-6,-1,-7,ruled_curve
mark-blicavs,"Mark Blicavs",,305,10,3,3,-7,0,-7,
matt-guelfi,"Matt Guelfi",75,124,19,11,12,-8,1,-7,pool_levels
nicholas-coffield,"Nicholas Coffield",8,70,55,49,48,-6,-1,-7,ruled_curve
saad-el-hawli,"Saad El-Hawli",13,15,19,12,12,-7,0,-7,
wil-parker,"Wil Parker",,14,27,20,20,-7,0,-7,
bailey-banfield,"Bailey Banfield",3,118,13,7,7,-6,0,-6,
cillian-burke,"Cillian Burke",,0,91,85,85,-6,0,-6,
conor-mckenna,"Conor McKenna",,135,9,3,3,-6,0,-6,
eamonn-armstrong,"Eamonn Armstrong",,0,185,178,179,-7,1,-6,year_zero_lens
harry-schoenberg,"Harry Schoenberg",24,67,56,52,50,-4,-2,-6,ruled_curve
jack-henderson,"Jack Henderson",,5,7,1,1,-6,0,-6,
liam-puncher,"Liam Puncher",15,0,102,108,108,6,0,6,
lincoln-mccarthy,"Lincoln McCarthy",73,159,25,19,19,-6,0,-6,
matthew-jefferson,"Matthew Jefferson",15,14,499,491,493,-8,2,-6,year_zero_lens
nathan-broad,"Nathan Broad",65,182,10,4,4,-6,0,-6,
ben-long,"Ben Long",25,146,33,29,28,-4,-1,-5,ruled_curve
chayce-jones,"Chayce Jones",9,100,53,49,48,-4,-1,-5,ruled_curve
cillian-bourke,"Cillian Bourke",,0,325,320,320,-5,0,-5,
jordan-boyd,"Jordan Boyd",17,40,7,2,2,-5,0,-5,
oisin-mullin,"Oisin Mullin",,56,10,5,5,-5,0,-5,
ben-jepson,"Ben Jepson",,3,10,6,6,-4,0,-4,
daniel-butler,"Daniel Butler",65,157,21,17,17,-4,0,-4,
hugo-garcia,"Hugo Garcia",50,39,3038,3034,3042,-4,8,4,ruled_curve
isaac-cumming,"Isaac Cumming",20,114,44,41,40,-3,-1,-4,ruled_curve
jake-melksham,"Jake Melksham",10,251,53,50,49,-3,-1,-4,ruled_curve
josh-ward,"Josh Ward",7,79,2749,2739,2745,-10,6,-4,ruled_curve
aaron-cadman,"Aaron Cadman",1,67,1876,1874,1879,-2,5,3,ruled_curve
flynn-perez,"Flynn Perez",,28,10,7,7,-3,0,-3,
jack-martin,"Jack Martin",3,175,104,107,107,3,0,3,
josh-goater,"Josh Goater",22,12,96,94,93,-2,-1,-3,year_zero_lens
logan-morris,"Logan Morris",31,57,3158,3153,3161,-5,8,3,ruled_curve
rob-monahan,"Rob Monahan",,0,176,173,173,-3,0,-3,
taylor-goad,"Taylor Goad",20,1,1034,1030,1031,-4,1,-3,year_zero_lens
tom-lynch-1,"Tom Lynch",11,243,53,50,50,-3,0,-3,
brandon-starcevich,"Brandon Starcevich",18,133,43,42,41,-1,-1,-2,ruled_curve
flynn-young,"Flynn Young",4,10,11,9,9,-2,0,-2,
harvey-langford,"Harvey Langford",6,35,2470,2461,2468,-9,7,-2,ruled_curve
lachlan-carmichael,"Lachlan Carmichael",21,0,577,582,579,5,-3,2,year_zero_lens
mason-cox,"Mason Cox",,146,2,0,0,-2,0,-2,
sam-davidson,"Sam Davidson",51,28,82,86,80,4,-6,-2,year_zero_lens
zak-evans,"Zak Evans",,0,4,2,2,-2,0,-2,
dane-rampe,"Dane Rampe",23,280,2,1,1,-1,0,-1,
darcy-wilson,"Darcy Wilson",18,53,3407,3400,3408,-7,8,1,ruled_curve
harry-cunningham,"Harry Cunningham",,227,1,0,0,-1,0,-1,
jed-bews,"Jed Bews",77,175,34,33,33,-1,0,-1,
lachie-sullivan,"Lachie Sullivan",,25,1,0,0,-1,0,-1,
matt-owies,"Matt Owies",,91,1,0,0,-1,0,-1,
zac-walker,"Zac Walker",11,0,264,264,265,0,1,1,year_zero_lens
finlay-macrae,"Finlay Macrae",20,21,110,111,110,1,-1,0,year_zero_lens
liam-stocker,"Liam Stocker",19,92,41,41,41,0,0,0,
