player,afl_club,pos,rank_r21,rank_r22,rank_change,value_r21,value_r22,delta,pct,key
Izak Rankine,Adelaide,SF,50,23,27,3558,4748,1190,33.446,izak-rankine
Timothy English,Western Bulldogs,RUCK,32,47,-15,4220,3584,-636,-15.071,timothy-english
Matt Rowell,Gold Coast,MID,30,20,10,4259,4837,578,13.571,matt-rowell
Luke Davies-Uniacke,North Melbourne,MID,49,36,13,3580,4127,547,15.279,luke-davies-uniacke
Luke Jackson,Fremantle,RUCK,3,3,0,9860,10347,487,4.939,luke-jackson
Sam Lalor,Richmond,SF,23,34,-11,4638,4155,-483,-10.414,sam-lalor
Errol Gulden,Sydney,MID,10,8,2,6891,7338,447,6.487,errol-gulden
Noah Anderson,Gold Coast,MID,15,16,-1,5776,5329,-447,-7.739,noah-anderson
Chad Warner,Sydney,SF,36,26,10,4038,4472,434,10.748,chad-warner
Oscar Ryan,Adelaide,SD,422,289,133,304,701,397,130.592,oscar-ryan
Dyson Sharp,Essendon,SF,69,60,9,2794,3182,388,13.887,dyson-sharp
Will Day,Hawthorn,MID,70,87,-17,2777,2418,-359,-12.928,will-day
Shannon Neale,Geelong,KPF,86,72,14,2413,2748,335,13.883,shannon-neale
Nick Watson,Hawthorn,SF,33,41,-8,4212,3889,-323,-7.669,nick-watson
Touk Miller,Gold Coast,SF,115,88,27,2089,2411,322,15.414,touk-miller
Lachlan Ash,GWS,SD,14,14,0,6130,5813,-317,-5.171,lachlan-ash
Jai Serong,Sydney,KPD,224,185,39,981,1290,309,31.498,jai-serong
Noah Mraz,Hawthorn,KPD,40,49,-9,3847,3555,-292,-7.59,noah-mraz
Thomas Liberatore,Western Bulldogs,MID,184,223,-39,1324,1032,-292,-22.054,thomas-liberatore
Jordan Clark,Fremantle,SD,48,55,-7,3591,3312,-279,-7.769,jordan-clark
Christian Petracca,Gold Coast,SF,93,115,-22,2324,2066,-258,-11.102,christian-petracca
Murphy Reid,Fremantle,SF,25,33,-8,4441,4188,-253,-5.697,murphy-reid
Francis Evans,Carlton,SF,457,346,111,254,500,246,96.85,francis-evans
Paul Curtis,North Melbourne,SF,174,151,23,1382,1627,245,17.728,paul-curtis
Kysaiah Pickett,Melbourne,SF,35,30,5,4064,4307,243,5.979,kysaiah-pickett
Jhye Clark,Geelong,SF,258,216,42,834,1074,240,28.777,jhye-clark
Tom De Koning,St Kilda,RUCK,114,127,-13,2090,1856,-234,-11.196,tom-de-koning
Kai Lohmann,Brisbane,SF,293,251,42,661,888,227,34.342,kai-lohmann
Charlie West,Collingwood,KPF,364,294,70,446,671,225,50.448,charlie-west
Nick Madden,GWS,RUCK,107,123,-16,2142,1917,-225,-10.504,nick-madden
Cameron Rayner,Brisbane,SF,288,361,-73,687,463,-224,-32.606,cameron-rayner
Logan Morris,Brisbane,KPF,61,56,5,3085,3308,223,7.229,logan-morris
Jagga Smith,Carlton,SF,18,19,-1,5086,4877,-209,-4.109,jagga-smith
Lachie Neale,Brisbane,MID,103,89,14,2171,2380,209,9.627,lachie-neale
Dylan Stephens,North Melbourne,MID,380,307,73,423,628,205,48.463,dylan-stephens
Sam Berry,Adelaide,MID,41,37,4,3843,4048,205,5.334,sam-berry
James Peatling,Adelaide,MID,186,212,-26,1318,1116,-202,-15.326,james-peatling
Harry Sheezel,North Melbourne,SF,1,1,0,12124,11925,-199,-1.641,harry-sheezel
Willem Duursma,West Coast,MID,29,35,-6,4338,4149,-189,-4.357,willem-duursma
Ned Moyle,Gold Coast,RUCK,121,103,18,2053,2236,183,8.914,ned-moyle
Jase Burgoyne,Port Adelaide,SD,88,78,10,2403,2581,178,7.407,jase-burgoyne
Riley Thilthorpe,Adelaide,KPF,22,24,-2,4840,4664,-176,-3.636,riley-thilthorpe
Harvey Thomas,GWS,SF,102,92,10,2171,2346,175,8.061,harvey-thomas
Tristan Xerri,North Melbourne,RUCK,6,6,0,8109,7934,-175,-2.158,tristan-xerri
Matt Johnson,Fremantle,MID,229,209,20,969,1141,172,17.75,matt-johnson-1
Jack Silvagni,St Kilda,KPD,265,309,-44,792,624,-168,-21.212,jack-silvagni
Tyler Sonsie,Richmond,SF,193,214,-21,1262,1098,-164,-12.995,tyler-sonsie
Marcus Herbert,West Coast,MID,199,218,-19,1223,1060,-163,-13.328,marcus-herbert
Mabior Chol,Hawthorn,KPF,400,494,-94,367,209,-158,-43.052,mabior-chol
Mason Redman,Essendon,SD,177,203,-26,1352,1194,-158,-11.686,mason-redman
Cameron Mackenzie,Hawthorn,MID,112,101,11,2094,2247,153,7.307,cameron-mackenzie
Bailey Humphrey,Gold Coast,SF,85,79,6,2422,2572,150,6.193,bailey-humphrey
Callum Wilkie,St Kilda,KPD,42,44,-2,3826,3679,-147,-3.842,callum-wilkie
Levi Ashcroft,Brisbane,MID,55,50,5,3350,3493,143,4.269,levi-ashcroft
Christian Salem,Melbourne,SD,479,633,-154,232,93,-139,-59.914,christian-salem
Tim Taranto,Richmond,MID,79,84,-5,2596,2457,-139,-5.354,tim-taranto
Will Ashcroft,Brisbane,MID,7,7,0,7310,7448,138,1.888,will-ashcroft
Cooper Lord,Carlton,MID,208,187,21,1150,1285,135,11.739,cooper-lord
Archie Roberts,Essendon,SD,19,22,-3,4941,4809,-132,-2.672,archie-roberts
Milan Murdock,West Coast,SF,405,489,-84,346,214,-132,-38.15,milan-murdock
Jarman Impey,Hawthorn,SD,222,255,-33,987,858,-129,-13.07,jarman-impey
Shaun Mannagh,Geelong,SF,332,293,39,543,672,129,23.757,shaun-mannagh
Daniel McStay,Collingwood,KPF,491,409,82,216,344,128,59.259,daniel-mcstay
Edward Allan,Collingwood,MID,261,243,18,815,942,127,15.583,edward-allan
James Sicily,Hawthorn,SD,155,169,-14,1568,1442,-126,-8.036,james-sicily
Kade Chandler,Melbourne,SF,235,259,-24,950,825,-125,-13.158,kade-chandler
Nick Daicos,Collingwood,MID,2,2,0,10971,11096,125,1.139,nick-daicos
Reilly O'Brien,Adelaide,RUCK,253,230,23,870,995,125,14.368,reilly-o-brien
Zach Reid,Essendon,KPD,202,215,-13,1212,1088,-124,-10.231,zach-reid
Kieren Briggs,GWS,RUCK,108,122,-14,2140,2018,-122,-5.701,kieren-briggs
John Noble,Gold Coast,SD,95,104,-9,2313,2192,-121,-5.231,john-noble
Sam Walsh,Carlton,MID,58,62,-4,3201,3082,-119,-3.718,sam-walsh
Max Hall,St Kilda,SF,71,67,4,2738,2855,117,4.273,max-hall
Koltyn Tholstrup,Melbourne,SF,150,139,11,1603,1717,114,7.112,koltyn-tholstrup
Patrick Voss,Fremantle,KPF,162,152,10,1493,1607,114,7.636,patrick-voss
Tanner Bruhn,Geelong,SD,91,102,-11,2357,2244,-113,-4.794,tanner-bruhn
Jack Gunston,Hawthorn,KPF,250,268,-18,896,784,-112,-12.5,jack-gunston
Oliver Florent,Carlton,SD,304,281,23,633,743,110,17.378,oliver-florent
Josh Worrell,Adelaide,SD,44,43,1,3663,3772,109,2.976,josh-worrell
Peter Wright,Essendon,KPF,137,145,-8,1788,1679,-109,-6.096,peter-wright
Joe Berry,Port Adelaide,SF,214,198,16,1102,1209,107,9.71,joe-berry
Darcy Cameron,Collingwood,RUCK,152,142,10,1586,1692,106,6.683,darcy-cameron
Harvey Langford,Melbourne,MID,87,81,6,2409,2514,105,4.359,harvey-langford
Jordon Sweet,Port Adelaide,RUCK,83,93,-10,2435,2330,-105,-4.312,jordon-sweet
Josh Treacy,Fremantle,KPF,9,10,-1,7018,7123,105,1.496,josh-treacy
Vigo Visentini,Essendon,RUCK,534,442,92,167,272,105,62.874,vigo-visentini
Samuel Grlj,Richmond,SD,127,135,-8,1869,1765,-104,-5.564,samuel-grlj
Harry Sharp,Brisbane,SF,704,549,155,54,157,103,190.741,harry-sharp
Archie Ludowyke,Adelaide,KPF,492,419,73,215,317,102,47.442,archie-ludowyke
Lachlan Schultz,Fremantle,SF,294,277,17,649,751,102,15.716,lachlan-schultz
Max Gawn,Melbourne,RUCK,52,52,0,3482,3384,-98,-2.814,max-gawn
Sam Durham,Essendon,SF,75,80,-5,2667,2569,-98,-3.675,sam-durham
Ben Miller,Richmond,KPD,231,219,12,958,1055,97,10.125,ben-miller
Ed Langdon,Melbourne,SF,248,263,-15,903,807,-96,-10.631,ed-langdon
James O'Donnell,Western Bulldogs,KPD,316,295,21,572,668,96,16.783,james-o-donnell
Jesse Dattoli,Sydney,SF,415,379,36,326,422,96,29.448,jesse-dattoli
Patrick Retschko,Geelong,MID,176,168,8,1353,1449,96,7.095,patrick-retschko
Colby McKercher,North Melbourne,SD,26,28,-2,4434,4339,-95,-2.143,colby-mckercher
Andrew McGrath,Essendon,SD,238,222,16,945,1038,93,9.841,andrew-mcgrath
Wil Powell,Gold Coast,SD,287,266,21,694,787,93,13.401,wil-powell
Cooper Sharman,St Kilda,KPF,333,366,-33,542,450,-92,-16.974,cooper-sharman
Josaia Delana,GWS,SF,427,394,33,296,388,92,31.081,josaia-delana
Aliir Aliir,Port Adelaide,KPD,252,269,-17,874,783,-91,-10.412,aliir-aliir
Brodie Kemp,Carlton,KPF,267,290,-23,768,678,-90,-11.719,brodie-kemp
Oscar McDonald,Fremantle,KPD,545,677,-132,158,69,-89,-56.329,oscar-mcdonald
Daniel Annable,Brisbane,MID,175,167,8,1364,1452,88,6.452,daniel-annable
Bailey Smith,Geelong,MID,11,11,0,6689,6776,87,1.301,bailey-smith
Jason Horne-Francis,Port Adelaide,SF,12,13,-1,6200,6113,-87,-1.403,jason-horne-francis
Aaron Naughton,Western Bulldogs,KPF,188,194,-6,1309,1223,-86,-6.57,aaron-naughton
George Hewett,Carlton,MID,123,113,10,2002,2085,83,4.146,george-hewett
Cooper Duff-Tytler,West Coast,KPF,161,153,8,1514,1596,82,5.416,cooper-duff-tytler
Jack Williams,West Coast,KPF,388,354,34,398,480,82,20.603,jack-williams
Sam De Koning,Geelong,KPD,255,242,13,867,946,79,9.112,sam-de-koning
Luke Ryan,Fremantle,SD,167,179,-12,1412,1334,-78,-5.524,luke-ryan
Seth Campbell,Richmond,SF,247,229,18,918,996,78,8.497,seth-campbell
Sam Clohesy,Gold Coast,MID,496,433,63,207,283,76,36.715,sam-clohesy
Finn O'Sullivan,North Melbourne,SD,46,48,-2,3642,3567,-75,-2.059,finn-o-sullivan
Nick Larkey,North Melbourne,KPF,338,362,-24,537,462,-75,-13.966,nick-larkey
Jacob Van Rooyen,Melbourne,KPF,125,124,1,1977,1903,-74,-3.743,jacob-van-rooyen
Tom Gross,West Coast,SF,319,300,19,569,642,73,12.83,tom-gross
Bradley Hill,St Kilda,SF,207,191,16,1169,1241,72,6.159,bradley-hill
Connor MacDonald,Hawthorn,SF,67,70,-3,2849,2777,-72,-2.527,connor-macdonald
Jack Ross,Richmond,SF,72,69,3,2727,2799,72,2.64,jack-ross
Will Green,Sydney,RUCK,315,298,17,587,659,72,12.266,will-green
Harry Rowston,GWS,MID,280,264,16,727,798,71,9.766,harry-rowston
Andrew Brayshaw,Fremantle,MID,59,59,0,3113,3182,69,2.217,andrew-brayshaw
Josh Battle,St Kilda,KPD,111,118,-7,2122,2053,-69,-3.252,josh-battle
Neil Erasmus,Fremantle,MID,216,226,-10,1082,1013,-69,-6.377,neil-erasmus
Jay Polkinghorne,Geelong,KPF,371,405,-34,431,363,-68,-15.777,jay-polkinghorne
Bailey J. Williams,West Coast,KPF,82,82,0,2437,2504,67,2.749,bailey-williams-wc
Jack Steele,Melbourne,MID,189,199,-10,1275,1208,-67,-5.255,jack-steele
Karl Amon,Hawthorn,SD,381,408,-27,416,349,-67,-16.106,karl-amon
Will Setterfield,Essendon,MID,305,323,-18,633,566,-67,-10.585,will-setterfield
Isaac Heeney,Sydney,MID,45,46,-1,3652,3586,-66,-1.807,isaac-heeney
Josh Lai,Port Adelaide,SD,342,367,-25,513,447,-66,-12.865,josh-lai
Connor Rozee,Port Adelaide,SD,68,71,-3,2830,2765,-65,-2.297,connor-rozee
Liam Duggan,West Coast,SD,440,491,-51,277,212,-65,-23.466,liam-duggan
Toby Nankervis,Richmond,RUCK,110,116,-6,2123,2058,-65,-3.062,toby-nankervis
Adam Cerra,Carlton,MID,225,220,5,980,1044,64,6.531,adam-cerra
Ben Keays,Adelaide,SF,448,501,-53,263,199,-64,-24.335,ben-keays
Noah Howes,Collingwood,KPF,585,506,79,128,192,64,50.0,noah-howes
Braeden Campbell,Sydney,SF,406,384,22,345,408,63,18.261,braeden-campbell
Oliver Wines,Port Adelaide,MID,416,449,-33,321,258,-63,-19.626,oliver-wines
Alex Neal-Bullen,Adelaide,SF,417,399,18,313,375,62,19.808,alex-neal-bullen
Bodhi Uwland,Gold Coast,SD,34,32,2,4137,4199,62,1.499,bodhi-uwland
Jack Henry,Geelong,KPF,503,452,51,193,255,62,32.124,jack-henry
Jayden Short,Richmond,SD,230,250,-20,962,900,-62,-6.445,jayden-short
Matthew Roberts,Sydney,SD,126,129,-3,1904,1842,-62,-3.256,matthew-roberts
Tom McCartin,Sydney,KPD,138,140,-2,1771,1710,-61,-3.444,tom-mccartin
Daniel Turner,Melbourne,KPD,149,157,-8,1607,1547,-60,-3.734,daniel-turner
Heath Chapman,Fremantle,SD,387,363,24,402,461,59,14.677,heath-chapman
Nicholas Martin,Essendon,SF,47,45,2,3598,3655,57,1.584,nicholas-martin
Harrison Ramm,Port Adelaide,KPD,409,392,17,338,394,56,16.568,harrison-ramm
Tom Green,GWS,MID,21,21,0,4883,4827,-56,-1.147,tom-green
Jack Ginnivan,Collingwood,SF,92,98,-6,2330,2277,-53,-2.275,jack-ginnivan
Oliver Henry,Geelong,KPF,563,500,63,147,200,53,36.054,oliver-henry
Jake Lloyd,Sydney,SF,593,522,71,124,176,52,41.935,jake-lloyd
Jye Amiss,Fremantle,KPF,164,163,1,1456,1508,52,3.571,jye-amiss
Ned Long,Collingwood,SF,178,172,6,1349,1401,52,3.855,ned-long
Rory Laird,Adelaide,SD,271,284,-13,764,712,-52,-6.806,rory-laird
Tim Membrey,St Kilda,KPF,658,582,76,78,130,52,66.667,tim-membrey
Rhett Bazzo,West Coast,KPD,382,360,22,415,466,51,12.289,rhett-bazzo
Elijah Tsatas,Essendon,MID,190,195,-5,1272,1222,-50,-3.931,elijah-tsatas
Wil Dawson,North Melbourne,KPD,324,343,-19,559,509,-50,-8.945,wil-dawson
Joshua Weddle,Hawthorn,SD,153,159,-6,1578,1529,-49,-3.105,joshua-weddle
Samson Ryan,Richmond,RUCK,403,425,-22,349,300,-49,-14.04,samson-ryan
Jake Lever,Melbourne,SD,506,564,-58,192,144,-48,-25.0,jake-lever
Tom McDonald,Melbourne,KPD,596,662,-66,124,76,-48,-38.71,tom-mcdonald
Dylan Patterson,Gold Coast,SD,141,146,-5,1719,1672,-47,-2.734,dylan-patterson
Marc Pittonet,Carlton,RUCK,377,357,20,425,472,47,11.059,marc-pittonet
Aaron Cadman,GWS,KPF,135,136,-1,1802,1756,-46,-2.553,aaron-cadman
Jordan Croft,Western Bulldogs,KPF,227,225,2,975,1021,46,4.718,jordan-croft
Marcus Windhager,St Kilda,SD,130,125,5,1844,1890,46,2.495,marcus-windhager
Rhys Unwin,Essendon,SF,611,547,64,112,158,46,41.071,rhys-unwin
Riley Bice,Sydney,SD,471,432,39,237,283,46,19.409,riley-bice
Zac Taylor,Adelaide,SF,458,496,-38,254,208,-46,-18.11,zac-taylor
Bayley Fritsch,Melbourne,SF,549,498,51,156,201,45,28.846,bayley-fritsch
Sam Taylor,GWS,KPD,191,193,-2,1272,1227,-45,-3.538,sam-taylor
Marcus Bontempelli,Western Bulldogs,MID,37,40,-3,3974,3930,-44,-1.107,marcus-bontempelli
Tom McCarthy,West Coast,SD,166,164,2,1437,1481,44,3.062,tom-mccarthy
Tom Papley,Sydney,SF,418,407,11,313,357,44,14.058,tom-papley
Harry Dean,Carlton,KPD,76,74,2,2660,2703,43,1.617,harry-dean
Hussien El Achkar,Essendon,SF,365,389,-24,444,401,-43,-9.685,hussien-el-achkar
Charlie Curnow,Carlton,KPF,171,170,1,1389,1431,42,3.024,charlie-curnow
George Wardlaw,North Melbourne,MID,56,57,-1,3308,3266,-42,-1.27,george-wardlaw
Josh Rachele,Adelaide,SF,124,119,5,1990,2032,42,2.111,josh-rachele
Clay Hall,West Coast,MID,432,461,-29,286,245,-41,-14.336,clay-hall
Dion Prestia,Richmond,SF,425,451,-26,296,255,-41,-13.851,dion-prestia
Elliot Yeo,West Coast,SF,428,413,15,294,335,41,13.946,elliot-yeo
Ethan Read,Gold Coast,KPF,232,228,4,957,998,41,4.284,ethan-read
Isaac Kako,Essendon,SF,180,176,4,1337,1378,41,3.067,isaac-kako
Patrick Cripps,Carlton,MID,158,162,-4,1550,1509,-41,-2.645,patrick-cripps
Blake Hardwick,Hawthorn,SD,352,335,17,491,531,40,8.147,blake-hardwick
Jy Simpkin,North Melbourne,SF,200,204,-4,1220,1180,-40,-3.279,jy-simpkin
Mark Keane,Adelaide,KPD,154,160,-6,1569,1529,-40,-2.549,mark-keane
Matthew Jefferson,Melbourne,KPF,376,359,17,426,466,40,9.39,matthew-jefferson
Matthew Kennedy,Western Bulldogs,MID,356,376,-20,469,429,-40,-8.529,matthew-kennedy-1
Billy Wilson,Carlton,SD,243,236,7,923,962,39,4.225,billy-wilson
Samuel Swadling,Collingwood,MID,279,271,8,732,771,39,5.328,samuel-swadling
Wade Derksen,Carlton,KPD,647,596,51,84,123,39,46.429,wade-derksen
Ollie Dempsey,Geelong,MID,84,83,1,2432,2470,38,1.562,ollie-dempsey
Trent Rivers,Melbourne,SD,131,126,5,1841,1879,38,2.064,trent-rivers
Jacob Farrow,Essendon,SD,78,75,3,2651,2688,37,1.396,jacob-farrow
Caleb Windsor,Melbourne,SD,146,144,2,1647,1683,36,2.186,caleb-windsor
Campbell Lake,St Kilda,SF,553,600,-47,153,117,-36,-23.529,campbell-lake
Daniel Curtin,Adelaide,MID,80,85,-5,2487,2451,-36,-1.448,daniel-curtin
Hugh Boxshall,St Kilda,MID,242,235,7,929,965,36,3.875,hugh-boxshall
Jack Crisp,Collingwood,MID,360,381,-21,453,417,-36,-7.947,jack-crisp
Sam Banks,Richmond,SD,223,241,-18,983,947,-36,-3.662,sam-banks
Caleb Serong,Fremantle,MID,17,17,0,5132,5097,-35,-0.682,caleb-serong
Joseph Fonti,GWS,SD,300,318,-18,636,601,-35,-5.503,joseph-fonti
Jonty Faull,Richmond,KPF,237,232,5,948,982,34,3.586,jonty-faull
Billy Dowling,Adelaide,SF,487,508,-21,219,186,-33,-15.068,billy-dowling
Darcy Jones,GWS,SF,185,186,-1,1321,1288,-33,-2.498,darcy-jones
Darcy Wilson,St Kilda,SF,57,58,-1,3293,3260,-33,-1.002,darcy-wilson
James Jordon,Sydney,SF,566,515,51,145,178,33,22.759,james-jordon
Massimo D'Ambrosio,Hawthorn,MID,157,155,2,1550,1583,33,2.129,massimo-d-ambrosio
Taj Hotton,Richmond,SF,99,95,4,2263,2296,33,1.458,taj-hotton
Tom Brown,Richmond,SD,351,339,12,492,525,33,6.707,tom-brown
Xavier Lindsay,Melbourne,SD,119,112,7,2059,2092,33,1.603,xavier-lindsay
Cameron Zurhaar,North Melbourne,SF,632,591,41,94,126,32,34.043,cameron-zurhaar
Clayton Oliver,GWS,MID,89,90,-1,2398,2366,-32,-1.334,clayton-oliver
Jack Whitlock,Port Adelaide,KPF,196,189,7,1233,1265,32,2.595,jack-whitlock
Jai Newcombe,Hawthorn,MID,20,18,2,4922,4954,32,0.65,jai-newcombe
Talor Byrne,Carlton,SF,244,238,6,923,955,32,3.467,talor-byrne
Thomas Stewart,Geelong,SD,215,211,4,1085,1117,32,2.949,thomas-stewart
Bo Allan,West Coast,SD,213,207,6,1121,1152,31,2.765,bo-allan
Daniel Rioli,Gold Coast,SD,310,299,11,620,651,31,5.0,daniel-rioli
Hayden Young,Fremantle,MID,134,134,0,1815,1784,-31,-1.708,hayden-young
Leo Lombard,Gold Coast,SF,144,141,3,1677,1708,31,1.849,leo-lombard
Shai Bolton,Fremantle,SF,101,105,-4,2211,2180,-31,-1.402,shai-bolton
Alex Van Wyk,Port Adelaide,RUCK,473,444,29,235,265,30,12.766,alex-van-wyk
Ed Richards,Western Bulldogs,MID,38,38,0,3949,3979,30,0.76,ed-richards
Isaac Quaynor,Collingwood,SD,303,317,-14,634,604,-30,-4.732,isaac-quaynor
Judd McVee,Fremantle,SD,420,434,-14,309,279,-30,-9.709,judd-mcvee
Darcy Byrne-Jones,Port Adelaide,SF,285,292,-7,703,674,-29,-4.125,darcy-byrne-jones
Harrison Petty,Melbourne,KPF,514,492,22,181,210,29,16.022,harrison-petty
Jaxon Artemis,Essendon,SD,421,414,7,305,334,29,9.508,jaxon-artemis
Nick Vlastuin,Richmond,SD,702,645,57,55,84,29,52.727,nick-vlastuin
Ollie Greeves,Hawthorn,MID,320,333,-13,568,539,-29,-5.106,ollie-greeves
Thomas Sims,Richmond,KPF,219,217,2,1040,1069,29,2.788,thomas-sims
Tom Powell,North Melbourne,SF,106,109,-3,2160,2131,-29,-1.343,tom-powell
Zachary Merrett,Essendon,MID,73,73,0,2713,2742,29,1.069,zachary-merrett
Dante Visentini,Port Adelaide,KPF,192,184,8,1262,1290,28,2.219,dante-visentini
Dayne Zorko,Brisbane,SD,218,227,-9,1040,1012,-28,-2.692,dayne-zorko
Harry McKay,Carlton,KPF,128,131,-3,1859,1831,-28,-1.506,harry-mckay
Mitchito Owens,St Kilda,KPF,117,110,7,2071,2099,28,1.352,mitchito-owens
Brayden Cook,Adelaide,SF,268,265,3,766,793,27,3.525,brayden-cook
Hayden McLean,Sydney,KPF,463,485,-22,245,218,-27,-11.02,hayden-mclean
Josh Dolan,Western Bulldogs,SF,343,334,9,505,532,27,5.347,josh-dolan
Josh Draper,Fremantle,KPD,359,372,-13,460,433,-27,-5.87,josh-draper
Zeke Uwland,Gold Coast,SD,74,76,-2,2687,2660,-27,-1.005,zeke-uwland
Connor Idun,GWS,SD,98,99,-1,2283,2257,-26,-1.139,connor-idun
Will Hayward,Carlton,SF,497,474,23,206,232,26,12.621,will-hayward
Cooper Trembath,North Melbourne,KPF,120,120,0,2053,2028,-25,-1.218,cooper-trembath
Dylan Moore,Hawthorn,SF,205,200,5,1174,1199,25,2.129,dylan-moore
Harry Kyle,Sydney,SD,209,205,4,1149,1174,25,2.176,harry-kyle
Luke Parker,North Melbourne,SD,172,177,-5,1384,1359,-25,-1.806,luke-parker
Tylar Young,West Coast,KPD,485,460,25,221,246,25,11.312,tylar-young
Zach Guthrie,Geelong,SD,469,490,-21,239,214,-25,-10.46,zach-guthrie
Cody Curtin,Brisbane,KPF,328,340,-12,548,524,-24,-4.38,cody-curtin
Jake Rogers,Gold Coast,SF,335,324,11,539,563,24,4.453,jake-rogers
Josh Lindsay,West Coast,SD,81,86,-5,2452,2428,-24,-0.979,josh-lindsay
Zac Bailey,Brisbane,SF,64,64,0,2930,2954,24,0.819,zac-bailey
Bailey Williams,Western Bulldogs,SD,313,312,1,598,621,23,3.846,bailey-williams-wb
Josh Dunkley,Brisbane,MID,206,208,-2,1173,1150,-23,-1.961,josh-dunkley
Josh Ward,Hawthorn,MID,66,68,-2,2873,2850,-23,-0.801,josh-ward
Lachlan Gulbin,Gold Coast,SF,394,387,7,382,405,23,6.021,lachlan-gulbin
Max Gruzewski,GWS,KPF,317,319,-2,571,594,23,4.028,max-gruzewski
Oliver Francou,West Coast,MID,379,388,-9,425,402,-23,-5.412,oliver-francou
Rory Lobb,Western Bulldogs,KPD,424,435,-11,302,279,-23,-7.616,rory-lobb
William McCabe,Hawthorn,KPD,295,310,-15,647,624,-23,-3.555,william-mccabe
Alix Tauru,St Kilda,KPF,148,149,-1,1628,1650,22,1.351,alix-tauru
Hugo Hall-Kahan,Adelaide,SD,528,559,-31,171,149,-22,-12.865,hugo-hall-kahan
Lachie Whitfield,GWS,SD,100,100,0,2235,2257,22,0.984,lachie-whitfield
Will Hayes,Collingwood,SF,370,383,-13,432,410,-22,-5.093,will-hayes-b
Angus Anderson,Collingwood,SF,542,512,30,161,182,21,13.043,angus-anderson
Luke Trainor,Richmond,SD,159,158,1,1525,1546,21,1.377,luke-trainor
Nick Blakey,Sydney,SD,28,29,-1,4358,4337,-21,-0.482,nick-blakey
Cooper Hynes,Western Bulldogs,SF,173,171,2,1382,1402,20,1.447,cooper-hynes
Darcy Wilmot,Brisbane,SD,53,54,-1,3379,3359,-20,-0.592,darcy-wilmot
Jack Darling,North Melbourne,KPF,575,544,31,138,158,20,14.493,jack-darling
Karl Worner,Fremantle,SD,195,188,7,1246,1266,20,1.605,karl-worner
Logan McDonald,Sydney,KPF,289,287,2,683,703,20,2.928,logan-mcdonald
Luke Kennedy,Western Bulldogs,MID,390,403,-13,392,372,-20,-5.102,luke-kennedy
Michael Frederick,Fremantle,SF,674,711,-37,70,50,-20,-28.571,michael-frederick
Toby Greene,GWS,SF,256,254,2,839,859,20,2.384,toby-greene
Jack Dalton,Hawthorn,MID,345,353,-8,502,483,-19,-3.785,jack-dalton
Liam Baker,West Coast,SD,375,385,-10,427,408,-19,-4.45,liam-baker
Zak Johnson,Essendon,SD,325,321,4,556,575,19,3.417,zak-johnson
Liam Reidy,Carlton,KPF,413,422,-9,328,310,-18,-5.488,liam-reidy
Sam Allen,West Coast,SF,301,313,-12,636,618,-18,-2.83,sam-allen
Tom Anastasopoulos,Port Adelaide,SF,445,429,16,269,287,18,6.691,thomas-anastasopoulos
Gryan Miers,Geelong,SF,143,147,-4,1689,1672,-17,-1.007,gryan-miers
Isaiah Dudley,Fremantle,SF,572,541,31,142,159,17,11.972,isaiah-dudley
Jaxon Prior,Brisbane,SD,429,421,8,293,310,17,5.802,jaxon-prior
Lachlan Bramble,Western Bulldogs,SF,669,637,32,73,90,17,23.288,lachlan-bramble
Ned Reeves,Hawthorn,RUCK,461,473,-12,249,232,-17,-6.827,ned-reeves
Ryan Angwin,GWS,MID,355,349,6,471,488,17,3.609,ryan-angwin
Tobie Travaglia,St Kilda,SD,278,276,2,736,753,17,2.31,tobie-travaglia
Tyan Prindable,Collingwood,MID,323,331,-8,560,543,-17,-3.036,tyan-prindable
Hunter Holmes,Geelong,MID,339,341,-2,533,517,-16,-3.002,hunter-holmes
Josh Smillie,Richmond,MID,226,237,-11,978,962,-16,-1.636,josh-smillie
Mitchell Hinge,Adelaide,SD,402,415,-13,349,333,-16,-4.585,mitchell-hinge
Nathan O'Driscoll,Fremantle,MID,309,316,-7,622,606,-16,-2.572,nathan-o-driscoll
Jed Walter,Gold Coast,KPF,187,181,6,1315,1330,15,1.141,jed-walter
Lachlan Carmichael,Western Bulldogs,SD,322,327,-5,563,548,-15,-2.664,lachlan-carmichael
Rowan Marshall,St Kilda,KPF,118,117,1,2070,2055,-15,-0.725,rowan-marshall
Sid Draper,Adelaide,SF,210,206,4,1144,1159,15,1.311,sid-draper
Adam Saad,Carlton,SD,363,373,-10,446,432,-14,-3.139,adam-saad
Dan Houston,Collingwood,SD,212,213,-1,1127,1113,-14,-1.242,dan-houston
Jack Ough,GWS,MID,290,296,-6,678,664,-14,-2.065,jack-ough
Jobe Shanahan,West Coast,KPF,139,137,2,1769,1755,-14,-0.791,jobe-shanahan
Joshua Kelly,GWS,MID,392,400,-8,389,375,-14,-3.599,joshua-kelly
Koby Coulson,Gold Coast,MID,410,420,-10,330,316,-14,-4.242,koby-coulson
Lachlan Cowan,Carlton,SD,282,282,0,722,736,14,1.939,lachlan-cowan
Oscar Allen,West Coast,KPF,603,622,-19,115,101,-14,-12.174,oscar-allen
Oskar Taylor,GWS,SD,296,306,-10,643,629,-14,-2.177,oskar-taylor
Riley Hamilton,GWS,SF,455,462,-7,255,241,-14,-5.49,riley-hamilton
Connor O'Sullivan,Geelong,KPD,63,65,-2,2947,2934,-13,-0.441,connor-o-sullivan
Liam Puncher,Collingwood,KPD,600,619,-19,116,103,-13,-11.207,liam-puncher
Louis Emmett,Western Bulldogs,RUCK,266,267,-1,773,786,13,1.682,louis-emmett
Max Kondogiannis,Essendon,SD,357,356,1,464,477,13,2.802,max-kondogiannis
Mitchell Marsh,Adelaide,KPF,341,344,-3,518,505,-13,-2.51,mitchell-marsh
Sean Darcy,Fremantle,RUCK,272,280,-8,757,744,-13,-1.717,sean-darcy
Aidan Schubert,Hawthorn,KPF,340,342,-2,521,509,-12,-2.303,aidan-schubert
Avery Thomas,Gold Coast,SD,386,391,-5,406,394,-12,-2.956,avery-thomas
Balyn O'Brien,Port Adelaide,SD,435,428,7,282,294,12,4.255,balyn-o-brien
Bodie Ryan,Hawthorn,SD,459,463,-4,252,240,-12,-4.762,bodie-ryan
Caleb Daniel,North Melbourne,SD,179,178,1,1346,1358,12,0.892,caleb-daniel
Campbell Chesser,Carlton,MID,439,445,-6,277,265,-12,-4.332,campbell-chesser
Cody Angove,GWS,SF,348,352,-4,495,483,-12,-2.424,cody-angove
Isaac Keeler,St Kilda,KPF,505,513,-8,192,180,-12,-6.25,isaac-keeler
Lance Collard,St Kilda,SF,529,542,-13,171,159,-12,-7.018,lance-collard
Lewis Young,Carlton,KPF,580,599,-19,130,118,-12,-9.231,lewis-young
Phoenix Gothard,GWS,SF,133,130,3,1821,1833,12,0.659,phoenix-gothard
Adam Sweid,Fremantle,MID,385,390,-5,408,397,-11,-2.696,adam-sweid
Ashton Moir,Carlton,SF,452,458,-6,258,247,-11,-4.264,ashton-moir
Charlie Cameron,Brisbane,SF,537,553,-16,164,153,-11,-6.707,charlie-cameron
Charlie Comben,North Melbourne,KPD,263,260,3,804,815,11,1.368,charlie-comben
Hamish Davis,West Coast,MID,249,249,0,898,909,11,1.225,hamish-davis
Jasper Alger,Richmond,SF,366,365,1,444,455,11,2.477,jasper-alger
Liam McMahon,Essendon,KPF,561,576,-15,149,138,-11,-7.383,liam-mcmahon
Matthew Flynn,West Coast,RUCK,336,337,-1,538,527,-11,-2.045,matthew-flynn
Nick Haynes,Carlton,SD,712,693,19,50,61,11,22.0,nick-haynes
Peter Ladhams,Sydney,KPF,337,338,-1,538,527,-11,-2.045,peter-ladhams
Reuben Ginbey,West Coast,SD,90,91,-1,2359,2348,-11,-0.466,reuben-ginbey
Riley Hardeman,North Melbourne,SD,444,447,-3,274,263,-11,-4.015,riley-hardeman
Taylor Walker,Adelaide,KPF,587,574,13,128,139,11,8.594,taylor-walker
Tom Barrass,Hawthorn,KPD,752,770,-18,32,21,-11,-34.375,tom-barrass
Zane Duursma,North Melbourne,SF,269,270,-1,765,776,11,1.438,zane-duursma
Adam Treloar,Western Bulldogs,SF,240,246,-6,935,925,-10,-1.07,adam-treloar
Ben Ainsworth,Carlton,SF,500,497,3,197,207,10,5.076,ben-ainsworth
Flynn Riley,Carlton,RUCK,442,443,-1,276,266,-10,-3.623,flynn-riley
James Worpel,Geelong,MID,374,380,-6,429,419,-10,-2.331,james-worpel
Joel Freijah,Western Bulldogs,SF,65,66,-1,2917,2927,10,0.343,joel-freijah
Kye Fincher,St Kilda,SD,451,456,-5,259,249,-10,-3.861,kye-fincher
Kyle Langford,Essendon,KPF,327,330,-3,554,544,-10,-1.805,kyle-langford
Lachlan Sholl,Adelaide,MID,554,569,-15,153,143,-10,-6.536,lachlan-sholl
Matt Carroll,Carlton,SD,239,239,0,941,951,10,1.063,matt-carroll
Michael Sellwood,Western Bulldogs,SD,562,545,17,148,158,10,6.757,michael-sellwood
Mitchell Lewis,Hawthorn,KPF,334,336,-2,540,530,-10,-1.852,mitchell-lewis
Noah Long,West Coast,SF,539,555,-16,163,153,-10,-6.135,noah-long
Riley Garcia,Western Bulldogs,SF,682,697,-15,67,57,-10,-14.925,riley-garcia
Sam Draper,Brisbane,KPF,211,210,1,1139,1129,-10,-0.878,sam-draper
Thomas Matthews,Melbourne,SF,404,412,-8,347,337,-10,-2.882,thomas-matthews
Caiden Cleary,Sydney,SF,361,369,-8,450,441,-9,-2.0,caiden-cleary
Calsher Dear,Hawthorn,KPF,234,234,0,956,965,9,0.941,calsher-dear
Hugo Garcia,St Kilda,MID,60,61,-1,3113,3104,-9,-0.289,hugo-garcia
Jack Viney,Melbourne,MID,464,471,-7,242,233,-9,-3.719,jack-viney
Joel Jeffrey,Gold Coast,SD,151,154,-3,1587,1596,9,0.567,joel-jeffrey
Koby Evans,Brisbane,MID,449,453,-4,263,254,-9,-3.422,koby-evans
Lloyd Meek,Hawthorn,RUCK,181,183,-2,1329,1320,-9,-0.677,lloyd-meek
Matthew LeRay,Hawthorn,MID,483,484,-1,228,219,-9,-3.947,matthew-leray
Ryan Lester,Brisbane,SD,724,742,-18,48,39,-9,-18.75,ryan-lester
Sam Marshall,Brisbane,MID,260,257,3,821,830,9,1.096,sam-marshall
Tom Atkins,Geelong,MID,419,423,-4,311,302,-9,-2.894,tom-atkins
Tylah Williams,West Coast,SF,453,457,-4,258,249,-9,-3.488,tylah-williams
Xavier O'Halloran,GWS,SF,742,724,18,39,48,9,23.077,xavier-o-halloran
Angus Clarke,Essendon,SD,276,275,1,746,754,8,1.072,angus-clarke
Brady Hough,West Coast,SD,430,426,4,290,298,8,2.759,brady-hough
Brayden Fiorini,Essendon,MID,522,530,-8,177,169,-8,-4.52,brayden-fiorini
Caleb Lewis,Gold Coast,KPF,564,575,-11,146,138,-8,-5.479,caleb-lewis
Callum Mills,Sydney,SD,122,121,1,2032,2024,-8,-0.394,callum-mills
Darcy Fogarty,Adelaide,KPF,254,253,1,868,876,8,0.922,darcy-fogarty
Deven Robertson,West Coast,SF,530,538,-8,170,162,-8,-4.706,deven-robertson
Elijah Hewett,West Coast,MID,275,279,-4,753,745,-8,-1.062,elijah-hewett
Elijah Hollands,Carlton,SF,283,285,-2,716,708,-8,-1.117,elijah-hollands
Finnbar Maley,Adelaide,KPF,456,459,-3,254,246,-8,-3.15,finnbar-maley
Harrison Himmelberg,GWS,SD,560,572,-12,149,141,-8,-5.369,harrison-himmelberg
Harry O'Farrell,Carlton,KPD,233,240,-7,957,949,-8,-0.836,harry-o-farrell
Jamarra Ugle-Hagan,Gold Coast,KPF,433,437,-4,285,277,-8,-2.807,jamarra-ugle-hagan
Jevan Phillipou,Sydney,MID,436,441,-5,282,274,-8,-2.837,jevan-phillipou
Kye Annand,Richmond,KPD,543,554,-11,161,153,-8,-4.969,kye-annand
Lewis Melican,Sydney,KPD,755,769,-14,29,21,-8,-27.586,lewis-melican
Liam O'Connell,St Kilda,SD,745,730,15,37,45,8,21.622,liam-o-connell
Lukas Cooke,Melbourne,KPD,555,566,-11,152,144,-8,-5.263,lukas-cooke
Max Beattie,Hawthorn,SF,518,525,-7,180,172,-8,-4.444,max-beattie
Oliver Griffin,North Melbourne,SF,519,526,-7,180,172,-8,-4.444,oliver-griffin
Robert Hansen,North Melbourne,SF,636,647,-11,91,83,-8,-8.791,robert-hansen
Tim Kelly,West Coast,SF,197,192,5,1228,1236,8,0.651,tim-kelly
Tobyn Murray,Fremantle,SF,466,470,-4,242,234,-8,-3.306,tobyn-murray
Tyrell Dewar,West Coast,SD,608,615,-7,113,105,-8,-7.08,tyrell-dewar
Will Lorenz,Port Adelaide,MID,369,375,-6,438,430,-8,-1.826,will-lorenz
Xavier Taylor,Melbourne,SD,236,244,-8,950,942,-8,-0.842,xavier-taylor
Zac Fisher,North Melbourne,SF,616,602,14,107,115,8,7.477,zac-fisher
Alex Davies,Gold Coast,MID,383,386,-3,412,405,-7,-1.699,alex-davies
Archer Day-Wicks,Essendon,SF,299,305,-6,636,629,-7,-1.101,archer-day-wicks
Brodie Grundy,Sydney,RUCK,24,25,-1,4559,4552,-7,-0.154,brodie-grundy
Finnegan Davis,GWS,SD,527,535,-8,172,165,-7,-4.07,finnegan-davis
Fred Rodriguez,West Coast,SF,510,517,-7,184,177,-7,-3.804,fred-rodriguez
Harry Armstrong,Richmond,KPF,264,262,2,804,811,7,0.871,harry-armstrong
Henry Hustwaite,Hawthorn,MID,462,465,-3,246,239,-7,-2.846,henry-hustwaite
Hugo Mikunda,North Melbourne,SF,511,518,-7,184,177,-7,-3.804,hugo-mikunda
Jai Murray,Gold Coast,MID,204,202,2,1189,1196,7,0.589,jai-murray
Jake Waterman,West Coast,KPF,203,201,2,1191,1198,7,0.588,jake-waterman
Lachy Dovaston,North Melbourne,SF,312,315,-3,601,608,7,1.165,lachy-dovaston
Leek Aleer,GWS,KPD,494,499,-5,208,201,-7,-3.365,leek-aleer
Malakai Champion,West Coast,SF,389,395,-6,393,386,-7,-1.781,malakai-champion
Max King,St Kilda,KPF,465,468,-3,242,235,-7,-2.893,max-king-stk
Max Ramsden,Hawthorn,KPF,520,527,-7,178,171,-7,-3.933,max-ramsden
Nick Driscoll,Geelong,SF,512,520,-8,184,177,-7,-3.804,nick-driscoll
Oliver Hollands,Carlton,SD,140,138,2,1728,1735,7,0.405,oliver-hollands
Riley Onley,Melbourne,MID,513,521,-8,184,177,-7,-3.804,riley-onley
Tai Hayes,Brisbane,SF,499,504,-5,201,194,-7,-3.483,tai-hayes
Thomas Burton,Richmond,MID,408,411,-3,344,337,-7,-2.035,thomas-burton
Tom Doedee,Brisbane,SD,472,478,-6,236,229,-7,-2.966,tom-doedee
Angus Hastie,St Kilda,SD,507,509,-2,191,185,-6,-3.141,angus-hastie
Beau McCreery,Collingwood,SF,579,578,1,130,136,6,4.615,beau-mccreery
Ben Camporeale,Carlton,MID,454,455,-1,255,249,-6,-2.353,ben-camporeale
Ben King,Gold Coast,KPF,470,472,-2,238,232,-6,-2.521,ben-king
Blake Acres,Carlton,MID,653,640,13,81,87,6,7.407,blake-acres
Callum M. Brown,GWS,SF,748,752,-4,35,29,-6,-17.143,callum-brown-ire
Christian Moraes,Port Adelaide,SF,246,248,-2,921,915,-6,-0.651,christian-moraes
Harrison Oliver,GWS,SD,314,320,-6,588,582,-6,-1.02,harrison-oliver
Hugh Bond,Adelaide,SD,552,561,-9,154,148,-6,-3.896,hugh-bond
Hugo Ralphsmith,Richmond,MID,708,696,12,51,57,6,11.765,hugo-ralphsmith
Jacob Weitering,Carlton,KPD,220,224,-4,1031,1025,-6,-0.582,jacob-weitering
James Barrat,St Kilda,KPF,480,480,0,231,225,-6,-2.597,james-barrat
Jedd Busslinger,Western Bulldogs,KPD,251,252,-1,888,882,-6,-0.676,jedd-busslinger
Joel Fitzgerald,Melbourne,MID,678,692,-14,67,61,-6,-8.955,joel-fitzgerald
Jordan De Goey,Collingwood,SF,165,166,-1,1447,1453,6,0.415,jordan-de-goey
Leon Kickett,Fremantle,SF,567,573,-6,145,139,-6,-4.138,leon-kickett
Max Holmes,Geelong,MID,5,5,0,8517,8523,6,0.07,max-holmes
Nasiah Wanganeen-Milera,St Kilda,SD,4,4,0,9816,9822,6,0.061,nasiah-wanganeen-milera
Nate Caddy,Essendon,KPF,136,133,3,1800,1806,6,0.333,nate-caddy
Ned Bowman,Sydney,SF,450,450,0,263,257,-6,-2.281,ned-bowman
Sam Darcy,Western Bulldogs,KPF,16,15,1,5356,5350,-6,-0.112,sam-darcy
Will Darcy,Western Bulldogs,KPF,504,507,-3,193,187,-6,-3.109,will-darcy
Zane Peucker,Richmond,SF,349,351,-2,493,487,-6,-1.217,zane-peucker
Archer Reid,West Coast,KPF,286,288,-2,697,702,5,0.717,archer-reid
Charlie Banfield,St Kilda,SF,297,302,-5,639,634,-5,-0.782,charlie-banfield
Cooper Bell,Gold Coast,KPF,548,557,-9,157,152,-5,-3.185,cooper-bell
Darcy Fort,Geelong,RUCK,770,777,-7,21,16,-5,-23.81,darcy-fort
Finn Callaghan,GWS,MID,13,12,1,6140,6145,5,0.081,finn-callaghan
George Stevens,Geelong,MID,414,418,-4,326,321,-5,-1.534,george-stevens
Harrison Jones,Essendon,KPF,525,531,-6,174,169,-5,-2.874,harrison-jones
Harry Edwards,West Coast,KPD,621,628,-7,103,98,-5,-4.854,harry-edwards
Hudson O'Keeffe,Carlton,KPF,481,481,0,229,224,-5,-2.183,hudson-o-keeffe
Jack Payne,Brisbane,KPD,627,631,-4,100,95,-5,-5.0,jack-payne
Jacob Molier,Geelong,RUCK,431,431,0,288,283,-5,-1.736,jacob-molier
Jake Bowey,Melbourne,SD,27,27,0,4386,4381,-5,-0.114,jake-bowey
James Leake,GWS,SF,353,355,-2,482,477,-5,-1.037,james-leake
Jayden Nguyen,GWS,SD,368,371,-3,438,433,-5,-1.142,jayden-nguyen
Jesse Motlop,Carlton,SF,651,660,-9,82,77,-5,-6.098,jesse-motlop
Joel Cochran,Collingwood,SD,535,540,-5,166,161,-5,-3.012,joel-cochran
Jordan Ridley,Essendon,SD,284,286,-2,709,704,-5,-0.705,jordan-ridley
Kane McAuliffe,Richmond,MID,182,180,2,1328,1333,5,0.377,kane-mcauliffe
Matt Hill,Hawthorn,SD,701,710,-9,55,50,-5,-9.091,matt-hill
Mattaes Phillipou,St Kilda,SF,96,96,0,2298,2293,-5,-0.218,mattaes-phillipou
Ollie Lord,Port Adelaide,KPF,599,610,-11,117,112,-5,-4.274,ollie-lord
Oscar Steene,Collingwood,KPF,350,350,0,492,487,-5,-1.016,oscar-steene
Sam Powell-Pepper,Port Adelaide,SF,526,532,-6,174,169,-5,-2.874,sam-powell-pepper
Sandy Brock,West Coast,KPD,524,528,-4,176,171,-5,-2.841,sandy-brock
Tyson Stengle,Richmond,SF,547,556,-9,158,153,-5,-3.165,tyson-stengle
Will Brodie,Port Adelaide,MID,257,256,1,836,831,-5,-0.598,will-brodie
Zac McCarthy,Collingwood,KPF,556,562,-6,152,147,-5,-3.289,zac-mccarthy
Zak Butters,Port Adelaide,MID,8,9,-1,7185,7190,5,0.07,zak-butters
Zane Zakostelsky,Brisbane,KPD,391,396,-5,391,386,-5,-1.279,zane-zakostelsky
Alex Dodson,St Kilda,KPF,437,440,-3,278,274,-4,-1.439,alex-dodson
Anthony Caminiti,St Kilda,KPF,228,233,-5,974,970,-4,-0.411,anthony-caminiti
Ben Murphy,Brisbane,SD,643,651,-8,84,80,-4,-4.762,ben-murphy
Caleb May,Western Bulldogs,RUCK,474,475,-1,235,231,-4,-1.702,caleb-may
Cameron Nairn,Hawthorn,SF,302,304,-2,634,630,-4,-0.631,cameron-nairn
Charlie Ballard,Gold Coast,KPD,731,727,4,42,46,4,9.524,charlie-ballard
Charlie Edwards,Adelaide,SD,281,283,-2,725,721,-4,-0.552,charlie-edwards
Charlie Nicholls,Fremantle,KPF,498,502,-4,203,199,-4,-1.97,charlie-nicholls
Cillian Bourke,Essendon,SD,644,652,-8,84,80,-4,-4.762,cillian-bourke
Cody Weightman,Western Bulldogs,SF,557,550,7,151,155,4,2.649,cody-weightman
Cooper Harvey,North Melbourne,SF,330,332,-2,544,540,-4,-0.735,cooper-harvey
Harrison Coe,Collingwood,RUCK,475,476,-1,235,231,-4,-1.702,harrison-coe
Jack Buckley,GWS,KPD,321,325,-4,563,559,-4,-0.71,jack-buckley
Jai Culley,Melbourne,MID,508,511,-3,189,185,-4,-2.116,jai-culley
Jarrod Berry,Brisbane,MID,501,505,-4,196,192,-4,-2.041,jarrod-berry
Kayle Gerreyn,Essendon,RUCK,515,519,-4,181,177,-4,-2.21,kayle-gerreyn
Kobe McDonald,St Kilda,SD,646,654,-8,84,80,-4,-4.762,kobe-mcdonald
Lachlan Smith,Western Bulldogs,RUCK,308,311,-3,627,623,-4,-0.638,lachlan-smith
Lawson Humphries,Geelong,SD,129,128,1,1849,1845,-4,-0.216,lawson-humphries
Matt Whitlock,North Melbourne,KPF,362,368,-6,448,444,-4,-0.893,matt-whitlock
Max Mapley,Melbourne,RUCK,476,477,-1,235,231,-4,-1.702,max-mapley
Riak Andrew,Sydney,KPD,574,577,-3,142,138,-4,-2.817,riak-andrew
Taylor Goad,North Melbourne,RUCK,217,221,-4,1044,1040,-4,-0.383,taylor-goad
Tom Hanily,Sydney,SF,541,548,-7,162,158,-4,-2.469,tom-hanily
Aiden Riddle,Fremantle,RUCK,521,523,-2,177,174,-3,-1.695,aiden-riddle
Brent Daniels,GWS,SF,201,197,4,1212,1215,3,0.248,brent-daniels
Campbell Gray,Richmond,KPD,516,516,0,180,177,-3,-1.667,campbell-gray
Darcy Moore,Collingwood,KPD,565,568,-3,146,143,-3,-2.055,darcy-moore
Harley Reid,West Coast,MID,43,42,1,3811,3814,3,0.079,harley-reid
Harry Charleson,Carlton,SD,620,624,-4,103,100,-3,-2.913,harry-charleson
Indy Cotton,Adelaide,SF,686,691,-5,65,62,-3,-4.615,indy-cotton
Jack Lukosius,Port Adelaide,KPF,354,358,-4,472,469,-3,-0.636,jack-lukosius
Jack Scrimshaw,Hawthorn,SD,633,636,-3,93,90,-3,-3.226,jack-scrimshaw
Jack Sinclair,St Kilda,SD,54,53,1,3368,3371,3,0.089,jack-sinclair
Jai Saxena,Collingwood,SF,659,666,-7,77,74,-3,-3.896,jai-saxena
Jake Stringer,GWS,SF,615,617,-2,107,104,-3,-2.804,jake-stringer
Jaspa Fletcher,Brisbane,SD,77,77,0,2652,2649,-3,-0.113,jaspa-fletcher
Jeremy Sharp,Fremantle,MID,696,705,-9,56,53,-3,-5.357,jeremy-sharp
Jesse Hogan,GWS,KPF,489,487,2,218,215,-3,-1.376,jesse-hogan
Jesse Mellor,Geelong,SF,660,667,-7,77,74,-3,-3.896,jesse-mellor
Joe Pike,Geelong,RUCK,523,524,-1,177,174,-3,-1.695,joe-pike
Joe Richards,Port Adelaide,SF,245,247,-2,922,925,3,0.325,joe-richards
Lachie Jaques,Western Bulldogs,SD,262,261,1,809,812,3,0.371,lachie-jaques
Lucas Camporeale,Carlton,MID,540,543,-3,162,159,-3,-1.852,lucas-camporeale
Luke Cleary,Western Bulldogs,SD,741,745,-4,39,36,-3,-7.692,luke-cleary
Luke Urquhart,North Melbourne,MID,568,571,-3,145,142,-3,-2.069,luke-urquhart
Mac Andrew,Gold Coast,KPD,31,31,0,4223,4220,-3,-0.071,mac-andrew
Matt Cottrell,Carlton,SF,673,671,2,70,73,3,4.286,matt-cottrell
Oliver Hayes-Brown,Richmond,RUCK,490,488,2,218,215,-3,-1.376,oliver-hayes-brown
Patrick Lipinski,Collingwood,SF,277,278,-1,743,746,3,0.404,patrick-lipinski
Ryan Maric,West Coast,SD,168,173,-5,1397,1400,3,0.215,ryan-maric
Ryda Luke,Fremantle,SF,664,669,-5,77,74,-3,-3.896,ryda-luke
Sam Cumming,Richmond,MID,94,94,0,2315,2312,-3,-0.13,sam-cumming
Sam Flanders,St Kilda,SF,113,111,2,2091,2094,3,0.143,sam-flanders
Sam Switkowski,Fremantle,SF,780,788,-8,15,12,-3,-20.0,sam-switkowski
Samuel Collins,Gold Coast,KPD,307,308,-1,629,626,-3,-0.477,samuel-collins
Sullivan Robey,Essendon,SF,62,63,-1,3070,3067,-3,-0.098,sullivan-robey
Toby Whan,Fremantle,MID,665,670,-5,77,74,-3,-3.896,toby-whan
Tyler Welsh,Adelaide,KPF,648,657,-9,83,80,-3,-3.614,tyler-welsh
Willem Drew,Port Adelaide,MID,311,314,-3,620,617,-3,-0.484,willem-drew
Aidan Johnson,Melbourne,KPF,670,672,-2,72,70,-2,-2.778,aidan-johnson
Andy Moniz-Wakefield,Melbourne,SD,757,760,-3,28,26,-2,-7.143,andy-moniz-wakefield
Asher Eastham,Gold Coast,SF,630,632,-2,96,94,-2,-2.083,asher-eastham
Bailey Dale,Western Bulldogs,SD,97,97,0,2287,2289,2,0.087,bailey-dale
Brandon Walker,Fremantle,SD,693,694,-1,62,60,-2,-3.226,brandon-walker
Brennan Cox,Fremantle,KPD,447,448,-1,264,262,-2,-0.758,brennan-cox
Changkuoth Jiath,Melbourne,SD,792,785,7,10,12,2,20.0,changkuoth-jiath
Elliott Himmelberg,Adelaide,KPF,729,731,-2,44,42,-2,-4.545,elliot-himmelberg
Griffin Logue,North Melbourne,KPD,667,659,8,76,78,2,2.632,griffin-logue
Harry Barnett,West Coast,RUCK,326,326,0,555,553,-2,-0.36,harry-barnett
Harvey Harrison,Collingwood,SF,720,709,11,48,50,2,4.167,harvey-harrison
Hugh McCluggage,Brisbane,MID,156,156,0,1563,1565,2,0.128,hugh-mccluggage
Jack Graham,West Coast,SF,292,297,-5,662,660,-2,-0.302,jack-graham
Jack Henderson,Melbourne,SF,618,618,0,105,103,-2,-1.905,jack-henderson
Jack Higgins,St Kilda,SF,699,704,-5,55,53,-2,-3.636,jack-higgins
Jacob Konstanty,North Melbourne,SF,544,539,5,159,161,2,1.258,jacob-konstanty
Jacob Moss,Port Adelaide,KPD,727,729,-2,47,45,-2,-4.255,jacob-moss
Jacob Newton,West Coast,SF,493,493,0,208,210,2,0.962,jacob-newton
Jake Riccardi,GWS,KPF,438,438,0,278,276,-2,-0.719,jake-riccardi
Jaren Carr,Fremantle,SF,677,684,-7,67,65,-2,-2.985,jaren-carr
Jordan Dawson,Adelaide,MID,51,51,0,3492,3490,-2,-0.057,jordan-dawson
Josh Daicos,Collingwood,SD,109,108,1,2134,2136,2,0.094,josh-daicos
Justin McInerney,Sydney,SF,104,106,-2,2170,2172,2,0.092,justin-mcinerney
Jy Farrar,Gold Coast,KPF,790,798,-8,11,9,-2,-18.182,jy-farrar
Keighton Matofai-Forbes,Geelong,SF,661,663,-2,77,75,-2,-2.597,keighton-matofai-forbes
Lachlan Fogarty,Carlton,SF,746,748,-2,36,34,-2,-5.556,lachlan-fogarty
Lachlan McAndrew,Adelaide,RUCK,194,190,4,1254,1252,-2,-0.159,lachlan-mcandrew
Lennox Hoffman,Geelong,SD,662,664,-2,77,75,-2,-2.597,lennox-hoffman
Liam Fawcett,Richmond,KPF,358,364,-6,461,459,-2,-0.434,liam-fawcett
Logan Smith,GWS,RUCK,601,603,-2,116,114,-2,-1.724,logan-smith
Lucca Grego,West Coast,SD,591,594,-3,126,124,-2,-1.587,lucca-grego
Mark O'Connor,Geelong,SD,797,799,-2,10,8,-2,-20.0,mark-o-connor
Mason Wood,St Kilda,SF,393,393,0,387,389,2,0.517,mason-wood
Mitch Podhajski,Collingwood,KPF,622,621,1,103,101,-2,-1.942,mitch-podhajski
Nikolas Cox,Essendon,MID,576,580,-4,137,135,-2,-1.46,nikolas-cox
Oscar Berry,Melbourne,KPD,671,675,-4,72,70,-2,-2.778,oscar-berry
Patrick Carr,Richmond,RUCK,642,646,-4,85,83,-2,-2.353,patrick-carr
Patrick Said,St Kilda,SF,652,655,-3,82,80,-2,-2.439,patrick-said
Rhyan Mansell,Richmond,SF,709,718,-9,51,49,-2,-3.922,rhyan-mansell
River Stevens,North Melbourne,SF,663,665,-2,77,75,-2,-2.597,river-stevens
Ryan Byrnes,St Kilda,SD,689,682,7,64,66,2,3.125,ryan-byrnes
Ryley Sanders,Western Bulldogs,SF,39,39,0,3934,3932,-2,-0.051,ryley-sanders
Sam Wicks,Sydney,SD,788,797,-9,12,10,-2,-16.667,sam-wicks
Stephen Coniglio,GWS,SF,486,486,0,220,218,-2,-0.909,stephen-coniglio
Toby McMullin,GWS,MID,595,597,-2,124,122,-2,-1.613,toby-mcmullin
Tom Cochrane,Port Adelaide,SF,484,482,2,221,223,2,0.905,tom-cochrane
Tom Sparrow,Melbourne,SF,145,148,-3,1652,1654,2,0.121,tom-sparrow
Will Graham,Gold Coast,SF,142,143,-1,1694,1692,-2,-0.118,will-graham
Xavier Bamert,Port Adelaide,MID,396,398,-2,375,377,2,0.533,xavier-bamert
Angus Sheldrick,Sydney,MID,273,273,0,756,757,1,0.132,angus-sheldrick
Archie May,Essendon,KPF,373,377,-4,429,428,-1,-0.233,archie-may
Archie Perkins,Essendon,SF,477,467,10,234,235,1,0.427,archie-perkins
Bailey Macdonald,Hawthorn,SD,571,567,4,142,143,1,0.704,bailey-macdonald
Benny Barrett,Port Adelaide,SF,707,707,0,51,50,-1,-1.961,benny-barrett
Billy Frampton,Collingwood,KPD,749,747,2,34,35,1,2.941,billy-frampton
Blake Howes,Melbourne,SD,441,436,5,276,277,1,0.362,blake-howes
Bradley Close,Geelong,SF,778,778,0,16,15,-1,-6.25,bradley-close
Brandon Zerk-Thatcher,Essendon,KPD,717,725,-8,48,47,-1,-2.083,brandon-zerk-thatcher
Brayden Maynard,Collingwood,SD,347,348,-1,498,497,-1,-0.201,brayden-maynard
Buku Khamis,Western Bulldogs,KPF,559,560,-1,149,148,-1,-0.671,buku-khamis
Chris Scerri,Fremantle,SF,423,424,-1,302,301,-1,-0.331,chris-scerri
Cillian Burke,Geelong,SD,697,700,-3,55,54,-1,-1.818,cillian-burke
Cody Anderson,Hawthorn,SF,690,690,0,63,62,-1,-1.587,cody-anderson
Cooper Simpson,Fremantle,SD,517,514,3,180,179,-1,-0.556,cooper-simpson
Corey Durdin,Carlton,SF,719,714,5,48,49,1,2.083,corey-durdin
Dougal Howard,St Kilda,KPD,726,728,-2,47,46,-1,-2.128,dougal-howard
Eamonn Armstrong,St Kilda,SD,698,701,-3,55,54,-1,-1.818,eamonn-armstrong
Esava Ratugolea,Port Adelaide,KPD,684,683,1,66,65,-1,-1.515,esava-ratugolea
Harris Andrews,Brisbane,KPD,147,150,-3,1643,1644,1,0.061,harris-andrews
Harry Morrison,Hawthorn,MID,771,772,-1,21,20,-1,-4.762,harry-morrison
Harvey Johnston,West Coast,SD,426,427,-1,296,297,1,0.338,harvey-johnston
Hugh Davies,Fremantle,KPD,509,510,-1,186,185,-1,-0.538,hugh-davies
Jack Carroll,St Kilda,SD,645,643,2,84,85,1,1.19,jack-carroll
Jaime Uhr-Henry,Hawthorn,RUCK,687,686,1,65,64,-1,-1.538,jaime-uhr-henry
Jake Soligo,Adelaide,SF,116,114,2,2075,2074,-1,-0.048,jake-soligo
James Rowbottom,Sydney,SF,198,196,2,1223,1222,-1,-0.082,james-rowbottom
James Trezise,Richmond,SD,598,598,0,119,120,1,0.84,james-trezise
Jed Adams,Melbourne,KPD,550,552,-2,155,154,-1,-0.645,jed-adams
Jeremy Cameron,Geelong,KPF,259,258,1,827,826,-1,-0.121,jeremy-cameron
Jeremy Howe,Collingwood,SD,482,479,3,229,228,-1,-0.437,jeremy-howe
Jye Caldwell,Essendon,MID,221,231,-10,993,992,-1,-0.101,jye-caldwell
Kalani White,Melbourne,KPF,640,644,-4,86,85,-1,-1.163,kalani-white
Kane Farrell,Port Adelaide,SD,183,182,1,1324,1325,1,0.076,kane-farrell
Keidean Coleman,Brisbane,SD,270,272,-2,764,763,-1,-0.131,keidean-coleman
Lachlan Jones,Port Adelaide,SD,597,592,5,123,124,1,0.813,lachlan-jones
Logan Evans,Port Adelaide,SD,170,175,-5,1390,1389,-1,-0.072,logan-evans
Luke Beecken,Brisbane,MID,624,626,-2,101,100,-1,-0.99,luke-beecken
Matt Duffy,Carlton,KPD,700,702,-2,55,54,-1,-1.818,matt-duffy
Max Heath,Melbourne,KPF,306,303,3,632,633,1,0.158,max-heath
Max Knobel,Gold Coast,RUCK,384,382,2,412,411,-1,-0.243,max-knobel
Mitch Georgiades,Port Adelaide,KPF,163,165,-2,1464,1465,1,0.068,mitch-georgiades
Mitch McGovern,Carlton,SF,733,736,-3,42,41,-1,-2.381,mitch-mcgovern
Mitchell Edwards,Geelong,RUCK,105,107,-2,2164,2163,-1,-0.046,mitchell-edwards
Nic Newman,Carlton,SD,298,301,-3,638,639,1,0.157,nic-newman
Nick Bryan,Essendon,RUCK,274,274,0,756,755,-1,-0.132,nick-bryan
Noah Roberts-Thomson,Richmond,MID,407,410,-3,345,344,-1,-0.29,noah-roberts-thomson
Oliver Hannaford,GWS,MID,395,397,-2,378,379,1,0.265,oliver-hannaford
Ollie Murphy,Fremantle,KPD,532,533,-1,169,168,-1,-0.592,ollie-murphy
Oscar Adams,Gold Coast,KPD,681,678,3,67,68,1,1.493,oscar-adams
Patrick Snell,Sydney,KPF,602,601,1,116,115,-1,-0.862,patrick-snell
Reece Torrent,Brisbane,MID,656,658,-2,80,79,-1,-1.25,reece-torrent
Ricky Mentha,Melbourne,SF,710,712,-2,51,50,-1,-1.961,ricky-mentha
Steely Green,Richmond,SF,558,558,0,150,151,1,0.667,steely-green
Tew Jiath,Collingwood,SD,533,534,-1,168,167,-1,-0.595,tew-jiath
Toby Murray,Adelaide,KPF,488,483,5,219,220,1,0.457,toby-murray
Todd Marshall,Port Adelaide,KPF,685,685,0,66,65,-1,-1.515,todd-marshall
Ty Gallop,Brisbane,KPF,169,174,-5,1396,1395,-1,-0.072,ty-gallop
Tyler Brockman,West Coast,SF,706,706,0,52,51,-1,-1.923,tyler-brockman
Wayne Milera,Adelaide,SD,132,132,0,1825,1826,1,0.055,wayne-milera
Will McLachlan,Brisbane,SF,592,595,-3,125,124,-1,-0.8,will-mclachlan
Xavier Walsh,Port Adelaide,KPF,613,613,0,108,107,-1,-0.926,xavier-walsh
Zachary Williams,Carlton,SF,397,402,-5,374,373,-1,-0.267,zachary-williams
Zak Evans,Gold Coast,MID,730,733,-3,43,42,-1,-2.326,zak-evans
Aidan Corr,North Melbourne,KPD,743,743,0,38,38,0,0.0,aidan-corr
Alex Pearce,Fremantle,KPD,767,765,2,23,23,0,0.0,alex-pearce
Arthur Jones,Western Bulldogs,SF,635,635,0,92,92,0,0.0,arthur-jones
Bailey Banfield,Fremantle,SD,789,789,0,11,11,0,0.0,bailey-banfield
Bailey Laurie,Melbourne,SF,695,698,-3,56,56,0,0.0,bailey-laurie
Bailey Scott,North Melbourne,MID,768,766,2,23,23,0,0.0,bailey-scott
Beau Addinsall,Gold Coast,MID,160,161,-1,1517,1517,0,0.0,beau-addinsall
Ben Jepson,Gold Coast,MID,637,638,-1,88,88,0,0.0,ben-jepson
Ben Long,Gold Coast,SF,758,755,3,28,28,0,0.0,ben-long
Ben McKay,Essendon,KPD,747,746,1,35,35,0,0.0,ben-mckay
Billy Cootee,Sydney,MID,446,446,0,264,264,0,0.0,billy-cootee
Blake Thredgold,North Melbourne,KPD,398,401,-3,373,373,0,0.0,blake-thredgold
Bobby Hill,Collingwood,SF,753,751,2,29,29,0,0.0,bobby-hill
Brandon Starcevich,Brisbane,SD,734,734,0,41,41,0,0.0,brandon-starcevich
Brayden George,North Melbourne,SF,478,469,9,234,234,0,0.0,brayden-george
Brody Mihocek,Melbourne,KPF,791,790,1,10,10,0,0.0,brody-mihocek
Bruce Reville,Brisbane,MID,703,699,4,54,54,0,0.0,bruce-reville
Caleb Graham,Gold Coast,KPD,736,737,-1,40,40,0,0.0,caleb-graham
Callum Ah Chee,Adelaide,SF,683,681,2,66,66,0,0.0,callum-ah-chee
Callum Coleman-Jones,North Melbourne,RUCK,739,740,-1,39,39,0,0.0,callum-coleman-jones
Charlie Spargo,Melbourne,SF,763,761,2,26,26,0,0.0,charlie-spargo
Chayce Jones,Adelaide,SD,718,719,-1,48,48,0,0.0,chayce-jones
Connor Budarick,Western Bulldogs,SF,434,430,4,284,284,0,0.0,connor-budarick
Conor McKenna,Brisbane,SF,800,800,0,7,7,0,0.0,conor-mckenna
Conor Nash,Hawthorn,MID,467,464,3,239,239,0,0.0,conor-nash
Conor Stone,GWS,SD,666,661,5,76,76,0,0.0,conor-stone
Corey Wagner,Fremantle,SD,773,771,2,20,20,0,0.0,corey-wagner
Corey Warner,Sydney,SF,714,715,-1,49,49,0,0.0,corey-warner
Dane Rampe,Sydney,SD,786,786,0,12,12,0,0.0,dane-rampe
Daniel Butler,St Kilda,SF,793,791,2,10,10,0,0.0,daniel-butler
Darcy Gardiner,Brisbane,KPD,750,749,1,33,33,0,0.0,darcy-gardiner
Darcy Parish,Essendon,MID,318,322,-4,569,569,0,0.0,darcy-parish
Darragh Joyce,Brisbane,KPD,801,801,0,7,7,0,0.0,darragh-joyce
Eric Hipwood,Brisbane,KPF,732,732,0,42,42,0,0.0,eric-hipwood
Ewan Mackinlay,Port Adelaide,SF,581,583,-2,128,128,0,0.0,ewan-mackinlay
Finlay Macrae,West Coast,SF,612,611,1,110,110,0,0.0,finlay-macrae
Finn Maginness,Hawthorn,SF,764,762,2,26,26,0,0.0,finn-maginness
Flynn Perez,Hawthorn,SD,604,604,0,113,113,0,0.0,flynn-perez
Flynn Young,Carlton,SF,582,584,-2,128,128,0,0.0,flynn-young
Harley Barker,Geelong,MID,291,291,0,677,677,0,0.0,harley-barker
Harry Cunningham,Sydney,SD,794,792,2,10,10,0,0.0,harry-cunningham
Harry DeMattia,Collingwood,MID,372,374,-2,430,430,0,0.0,harry-demattia
Harry Perryman,Collingwood,SD,676,676,0,69,69,0,0.0,harry-perryman
Harry Schoenberg,Adelaide,SF,711,708,3,50,50,0,0.0,harry-schoenberg
Harvey Gallagher,Western Bulldogs,SD,639,641,-2,87,87,0,0.0,harvey-gallagher
Henry Smith,Brisbane,KPF,649,648,1,82,82,0,0.0,henry-smith
Hunter Clark,St Kilda,MID,721,720,1,48,48,0,0.0,hunter-clark
Iliro Smit,Collingwood,RUCK,531,529,2,170,170,0,0.0,iliro-smit
Isaac Cumming,Adelaide,MID,737,738,-1,40,40,0,0.0,isaac-cumming
Jack Bowes,Geelong,MID,629,629,0,97,97,0,0.0,jack-bowes
Jack Buller,Collingwood,KPF,655,653,2,80,80,0,0.0,jack-buller
Jack Hutchinson,West Coast,MID,626,625,1,100,100,0,0.0,jack-hutchinson
Jack Ison,Carlton,MID,331,329,2,544,544,0,0.0,jack-ison
Jack Martin,Geelong,SF,614,612,2,107,107,0,0.0,jack-martin
Jack Watkins,Port Adelaide,SF,578,581,-3,132,132,0,0.0,jack-watkins
Jackson Archer,North Melbourne,SD,762,759,3,27,27,0,0.0,jackson-archer
Jackson Macrae,St Kilda,MID,619,616,3,104,104,0,0.0,jackson-macrae
Jackson Mead,Port Adelaide,MID,754,753,1,29,29,0,0.0,jackson-mead
Jacob Hopper,Richmond,MID,623,620,3,102,102,0,0.0,jacob-hopper
Jacob Wehr,Port Adelaide,SD,782,781,1,14,14,0,0.0,jacob-wehr
Jade Gresham,Essendon,SF,740,741,-1,39,39,0,0.0,jade-gresham
Jaeger O'Meara,Fremantle,MID,536,536,0,165,165,0,0.0,jaeger-o-meara
Jake Kolodjashnij,Geelong,KPD,769,767,2,22,22,0,0.0,jake-kolodjashnij
Jake Melksham,Melbourne,KPF,715,716,-1,49,49,0,0.0,jake-melksham
Jakob Ryan,Collingwood,SD,468,466,2,239,239,0,0.0,jakob-ryan
James Blanck,Hawthorn,KPD,694,695,-1,60,60,0,0.0,james-blanck
James Borlase,Adelaide,KPD,367,370,-3,438,438,0,0.0,james-borlase
James Tunstill,Brisbane,MID,650,649,1,82,82,0,0.0,james-tunstill
Jamie Cripps,West Coast,SF,759,756,3,28,28,0,0.0,jamie-cripps
Jamie Elliott,Collingwood,SF,775,774,1,19,19,0,0.0,jamie-elliott
Jarrod Witts,Gold Coast,RUCK,573,570,3,142,142,0,0.0,jarrod-witts
Jayden Laverde,Essendon,KPD,502,503,-1,196,196,0,0.0,jayden-laverde
Jed Bews,Geelong,SD,795,793,2,10,10,0,0.0,jed-bews
Joel Amartey,Sydney,KPF,751,750,1,32,32,0,0.0,joel-amartey
Joel Hamling,Sydney,KPD,776,775,1,18,18,0,0.0,joel-hamling
Jordan Boyd,Carlton,SD,744,744,0,37,37,0,0.0,jordan-boyd
Jordon Butts,Adelaide,KPD,779,779,0,15,15,0,0.0,jordon-butts
Josh Gibcus,Richmond,KPD,577,579,-2,136,136,0,0.0,josh-gibcus
Josh Goater,North Melbourne,SD,634,634,0,93,93,0,0.0,josh-goater
Josh Sinn,Port Adelaide,SD,570,565,5,144,144,0,0.0,josh-sinn
Judson Clarke,Richmond,SF,688,687,1,64,64,0,0.0,judson-clarke
Kaleb Smith,Richmond,SD,679,679,0,67,67,0,0.0,kaleb-smith
Lachie Sullivan,Collingwood,SF,672,673,-1,70,70,0,0.0,lachie-sullivan
Lachlan Blakiston,Essendon,KPD,583,585,-2,128,128,0,0.0,lachlan-blakiston
Lachlan McNeil,Western Bulldogs,SF,772,768,4,21,21,0,0.0,lachlan-mcneil
Lachlan Weller,Gold Coast,MID,668,668,0,74,74,0,0.0,lachlan-weller
Laitham Vandermeer,Western Bulldogs,SF,774,773,1,20,20,0,0.0,laitham-vandermeer
Latrelle Pickett,Melbourne,SF,329,328,1,548,548,0,0.0,latrelle-pickett
Lewis Hayes,Essendon,SD,460,454,6,250,250,0,0.0,lewis-hayes
Liam Henry,St Kilda,SF,691,688,3,63,63,0,0.0,liam-henry
Liam Hetherton,Sydney,KPF,594,593,1,124,124,0,0.0,liam-hetherton
Liam Ryan,St Kilda,SF,766,764,2,24,24,0,0.0,liam-ryan
Liam Stocker,St Kilda,SD,735,735,0,41,41,0,0.0,liam-stocker
Lincoln McCarthy,Brisbane,SF,796,794,2,10,10,0,0.0,lincoln-mccarthy
Luke Lloyd,Brisbane,KPF,538,537,1,164,164,0,0.0,luke-lloyd
Luke McDonald,North Melbourne,SD,722,721,1,48,48,0,0.0,luke-mcdonald
Luke Nankervis,Adelaide,MID,399,404,-5,372,372,0,0.0,luke-nankervis
Luke Pedlar,Adelaide,SF,610,609,1,112,112,0,0.0,luke-pedlar
Luker Kentfield,Melbourne,KPF,411,416,-5,330,330,0,0.0,luker-kentfield
Malcolm Rosas,Sydney,SF,765,763,2,26,26,0,0.0,malcolm-rosas
Mani Liddy,Port Adelaide,MID,584,586,-2,128,128,0,0.0,mani-liddy
Mark Blicavs,Geelong,RUCK,802,802,0,5,5,0,0.0,mark-blicavs
Mason Cox,Fremantle,KPF,803,803,0,5,5,0,0.0,mason-cox
Matt Guelfi,Essendon,SF,798,795,3,10,10,0,0.0,matt-guelfi
Matt Owies,Carlton,SF,804,804,0,5,5,0,0.0,matt-owies
Maurice Rioli,Richmond,SF,760,757,3,28,28,0,0.0,maurice-rioli-1
Max Michalanney,Adelaide,SD,346,347,-1,499,499,0,0.0,max-michalanney
Maxwell King,Sydney,KPF,551,551,0,155,155,0,0.0,max-king-syd
Miles Bergman,Port Adelaide,SD,241,245,-4,931,931,0,0.0,miles-bergman
Mitch Zadow,Port Adelaide,SF,605,605,0,113,113,0,0.0,mitch-zadow
Mitchell Knevitt,Geelong,MID,590,590,0,127,127,0,0.0,mitchell-knevitt
Mykelti Lefau,Richmond,KPF,675,674,1,70,70,0,0.0,mykelti-lefau
Nathan Broad,Richmond,SD,799,796,3,10,10,0,0.0,nathan-broad
Nathan Wardius,GWS,SF,680,680,0,67,67,0,0.0,nathan-wardius
Nicholas Coffield,Western Bulldogs,SD,723,722,1,48,48,0,0.0,nicholas-coffield
Nicholas Holman,Gold Coast,SF,783,782,1,14,14,0,0.0,nicholas-holman
Nick Murray,Adelaide,KPD,412,417,-5,329,329,0,0.0,nick-murray
Noah Answerth,Brisbane,SD,787,787,0,12,12,0,0.0,noah-answerth
Noah Balta,Richmond,KPF,378,378,0,425,425,0,0.0,noah-balta
Noah Chamberlain,Sydney,KPF,617,614,3,106,106,0,0.0,noah-chamberlain
Oisin Mullin,Geelong,SD,777,776,1,17,17,0,0.0,oisin-mullin
Oliver Wiltshire,Geelong,SF,716,717,-1,49,49,0,0.0,oliver-wiltshire
Oskar Baker,Western Bulldogs,SF,784,783,1,14,14,0,0.0,oskar-baker
Paddy Cross,Melbourne,SF,606,606,0,113,113,0,0.0,paddy-cross
Paddy Dow,St Kilda,MID,546,546,0,158,158,0,0.0,paddy-dow
Patrick Dangerfield,Geelong,SF,692,689,3,63,63,0,0.0,patrick-dangerfield
Reef McInnes,Collingwood,KPD,705,703,2,54,54,0,0.0,reef-mcinnes
Rhylee West,Western Bulldogs,SF,625,623,2,101,101,0,0.0,rhylee-west
Rhys Stanley,Geelong,RUCK,761,758,3,28,28,0,0.0,rhys-stanley
Roan Steele,Collingwood,MID,586,587,-1,128,128,0,0.0,roan-steele
Rob Monahan,Carlton,SD,728,726,2,47,47,0,0.0,rob-monahan
Ryan Gardner,Western Bulldogs,KPD,785,784,1,13,13,0,0.0,ryan-gardner
Saad El-Hawli,Essendon,SD,628,627,1,100,100,0,0.0,saad-el-hawli
Sam Butler,Hawthorn,SF,654,650,4,81,81,0,0.0,sam-butler-1
Sam Davidson,Western Bulldogs,SF,657,656,1,80,80,0,0.0,sam-davidson
Sam Sturt,Fremantle,SF,738,739,-1,40,40,0,0.0,sam-sturt
Scott Pendlebury,Collingwood,MID,401,406,-5,359,359,0,0.0,scott-pendlebury
Shadeau Brain,Brisbane,SD,641,642,-1,86,86,0,0.0,shadeau-brain
Steele Sidebottom,Collingwood,MID,631,630,1,96,96,0,0.0,steele-sidebottom
Toby Bedford,GWS,SF,443,439,4,276,276,0,0.0,toby-bedford
Toby Conway,Geelong,RUCK,344,345,-1,503,503,0,0.0,toby-conway
Toby Pink,North Melbourne,KPD,781,780,1,15,15,0,0.0,toby-pink
Tom Blamires,North Melbourne,SD,607,607,0,113,113,0,0.0,tom-blamires
Tom Cole,West Coast,SF,725,723,2,48,48,0,0.0,tom-cole
Tom Edwards,Essendon,KPF,638,639,-1,88,88,0,0.0,tom-edwards
Tom Lynch,Richmond,KPF,713,713,0,50,50,0,0.0,tom-lynch-1
Wil Parker,Collingwood,SD,756,754,2,29,29,0,0.0,wil-parker
Will Edwards,Sydney,KPD,495,495,0,208,208,0,0.0,will-edwards
Will Lewis,Western Bulldogs,KPF,609,608,1,113,113,0,0.0,will-lewis
Xavier Duursma,Essendon,MID,569,563,6,145,145,0,0.0,xavier-duursma
Zac Banch,North Melbourne,SF,588,588,0,128,128,0,0.0,zac-banch
Zac Walker,Western Bulldogs,KPD,589,589,0,128,128,0,0.0,zac-walker
